timestamp,selected_target,result,target_count,wrong_colors
2026-09-23 09:12:32,blue,CORRECT COLOR DETECTED: BLUE (1),1,
2026-09-23 09:12:36,blue,CORRECT COLOR DETECTED: BLUE (1) | Wrong color(s): orange (1),1,orange (1)
2026-09-23 09:12:36,blue,CORRECT COLOR DETECTED: BLUE (1),1,
2026-09-23 09:12:38,blue,WRONG COLOR DETECTED: red (1) | Waiting for BLUE,0,red (1)
2026-09-23 09:12:41,blue,WRONG COLOR DETECTED: red (1) | Waiting for BLUE,0,red (1)
2026-09-23 09:12:41,blue,WRONG COLOR DETECTED: red (1) | Waiting for BLUE,0,red (1)
2026-09-23 09:12:48,blue,WRONG COLOR DETECTED: red (2) | Waiting for BLUE,0,red (2)
2026-09-23 09:12:48,blue,WRONG COLOR DETECTED: red (1) | Waiting for BLUE,0,red (1)
2026-09-24 08:37:47,red,CORRECT COLOR DETECTED: RED (1),1,
2026-09-24 08:37:47,red,CORRECT COLOR DETECTED: RED (2),2,
2026-09-24 08:37:47,red,CORRECT COLOR DETECTED: RED (1),1,
2026-09-24 08:37:47,red,CORRECT COLOR DETECTED: RED (2),2,
2026-09-24 08:37:47,red,CORRECT COLOR DETECTED: RED (5),5,
2026-09-24 08:37:47,red,CORRECT COLOR DETECTED: RED (1),1,
2026-09-24 08:37:48,red,"WRONG COLOR DETECTED: blue (1), purple (1) | Waiting for RED",0,"blue (1), purple (1)"
2026-09-24 08:37:48,red,WRONG COLOR DETECTED: blue (1) | Waiting for RED,0,blue (1)
2026-09-24 08:37:49,red,WRONG COLOR DETECTED: blue (1) | Waiting for RED,0,blue (1)
2026-09-24 08:37:49,red,WRONG COLOR DETECTED: blue (1) | Waiting for RED,0,blue (1)
2026-09-24 08:37:49,red,WRONG COLOR DETECTED: blue (1) | Waiting for RED,0,blue (1)
2026-09-24 08:37:50,red,WRONG COLOR DETECTED: blue (1) | Waiting for RED,0,blue (1)
2026-09-24 08:37:51,red,CORRECT COLOR DETECTED: RED (1),1,
2026-09-24 08:37:51,red,CORRECT COLOR DETECTED: RED (1),1,
2026-09-24 08:37:51,red,WRONG COLOR DETECTED: blue (1) | Waiting for RED,0,blue (1)
2026-09-24 08:37:55,red,WRONG COLOR DETECTED: orange (1) | Waiting for RED,0,orange (1)
2026-09-24 08:37:55,red,"CORRECT COLOR DETECTED: RED (3) | Wrong color(s): yellow (1), blue (1)",3,"yellow (1), blue (1)"
2026-09-24 08:37:55,red,"WRONG COLOR DETECTED: orange (1), yellow (1) | Waiting for RED",0,"orange (1), yellow (1)"
2026-09-24 08:37:56,red,"WRONG COLOR DETECTED: orange (1), blue (1) | Waiting for RED",0,"orange (1), blue (1)"
2026-09-24 08:37:56,red,WRONG COLOR DETECTED: blue (1) | Waiting for RED,0,blue (1)
2026-09-24 08:37:56,red,WRONG COLOR DETECTED: orange (1) | Waiting for RED,0,orange (1)
2026-09-24 08:37:56,red,"WRONG COLOR DETECTED: orange (1), yellow (1) | Waiting for RED",0,"orange (1), yellow (1)"
2026-09-24 08:37:56,red,WRONG COLOR DETECTED: orange (2) | Waiting for RED,0,orange (2)
2026-09-24 08:37:57,red,WRONG COLOR DETECTED: blue (1) | Waiting for RED,0,blue (1)
2026-09-24 08:37:57,red,"WRONG COLOR DETECTED: orange (1), blue (1) | Waiting for RED",0,"orange (1), blue (1)"
2026-09-24 08:37:57,red,WRONG COLOR DETECTED: blue (1) | Waiting for RED,0,blue (1)
2026-09-24 08:37:59,red,"WRONG COLOR DETECTED: orange (1), blue (1) | Waiting for RED",0,"orange (1), blue (1)"
2026-09-24 08:37:59,red,WRONG COLOR DETECTED: blue (1) | Waiting for RED,0,blue (1)
2026-09-24 08:37:59,red,"WRONG COLOR DETECTED: orange (1), blue (1) | Waiting for RED",0,"orange (1), blue (1)"
2026-09-24 08:37:59,red,WRONG COLOR DETECTED: blue (1) | Waiting for RED,0,blue (1)
2026-09-24 08:38:00,red,"WRONG COLOR DETECTED: orange (1), blue (1) | Waiting for RED",0,"orange (1), blue (1)"
2026-09-24 08:38:00,red,WRONG COLOR DETECTED: blue (1) | Waiting for RED,0,blue (1)
2026-09-24 08:38:02,red,CORRECT COLOR DETECTED: RED (2) | Wrong color(s): blue (1),2,blue (1)
2026-09-24 08:38:02,red,"CORRECT COLOR DETECTED: RED (1) | Wrong color(s): orange (1), blue (1)",1,"orange (1), blue (1)"
2026-09-24 08:38:02,red,WRONG COLOR DETECTED: blue (1) | Waiting for RED,0,blue (1)
2026-09-24 08:38:02,red,WRONG COLOR DETECTED: blue (1) | Waiting for RED,0,blue (1)
2026-09-24 08:38:03,red,CORRECT COLOR DETECTED: RED (1),1,
2026-09-24 08:38:03,red,"WRONG COLOR DETECTED: orange (1), blue (1) | Waiting for RED",0,"orange (1), blue (1)"
2026-09-24 08:38:03,red,WRONG COLOR DETECTED: blue (1) | Waiting for RED,0,blue (1)
2026-09-24 08:38:03,red,CORRECT COLOR DETECTED: RED (1) | Wrong color(s): blue (1),1,blue (1)
2026-09-24 08:38:04,red,WRONG COLOR DETECTED: orange (1) | Waiting for RED,0,orange (1)
2026-09-24 08:38:08,red,CORRECT COLOR DETECTED: RED (1),1,
2026-09-24 08:38:08,red,WRONG COLOR DETECTED: orange (1) | Waiting for RED,0,orange (1)
2026-09-24 08:38:08,red,CORRECT COLOR DETECTED: RED (1),1,
2026-09-24 08:38:09,red,CORRECT COLOR DETECTED: RED (1) | Wrong color(s): orange (1),1,orange (1)
2026-09-24 08:38:09,red,CORRECT COLOR DETECTED: RED (1),1,
2026-09-24 08:38:09,red,CORRECT COLOR DETECTED: RED (1) | Wrong color(s): orange (1),1,orange (1)
2026-09-24 08:38:09,red,CORRECT COLOR DETECTED: RED (1),1,
2026-09-24 08:38:09,red,CORRECT COLOR DETECTED: RED (1) | Wrong color(s): orange (1),1,orange (1)
2026-09-24 08:38:09,red,CORRECT COLOR DETECTED: RED (1),1,
2026-09-24 08:38:11,red,CORRECT COLOR DETECTED: RED (1) | Wrong color(s): orange (1),1,orange (1)
2026-09-24 08:38:11,red,CORRECT COLOR DETECTED: RED (1) | Wrong color(s): orange (2),1,orange (2)
2026-09-24 08:38:11,red,CORRECT COLOR DETECTED: RED (1) | Wrong color(s): orange (1),1,orange (1)
2026-09-24 08:38:12,red,CORRECT COLOR DETECTED: RED (1),1,
2026-09-24 08:38:12,red,CORRECT COLOR DETECTED: RED (1) | Wrong color(s): orange (1),1,orange (1)
2026-09-24 08:38:12,red,CORRECT COLOR DETECTED: RED (1),1,
2026-09-24 08:38:14,red,CORRECT COLOR DETECTED: RED (1) | Wrong color(s): orange (1),1,orange (1)
2026-09-24 08:38:14,red,CORRECT COLOR DETECTED: RED (1),1,
2026-09-24 08:38:14,red,CORRECT COLOR DETECTED: RED (1) | Wrong color(s): orange (1),1,orange (1)
2026-09-24 08:38:14,red,CORRECT COLOR DETECTED: RED (1),1,
2026-09-24 08:38:14,red,CORRECT COLOR DETECTED: RED (1) | Wrong color(s): orange (1),1,orange (1)
2026-09-24 08:38:14,red,CORRECT COLOR DETECTED: RED (1),1,
2026-09-24 08:38:14,red,CORRECT COLOR DETECTED: RED (1) | Wrong color(s): orange (1),1,orange (1)
2026-09-24 08:38:14,red,CORRECT COLOR DETECTED: RED (1),1,
2026-09-24 08:38:14,red,CORRECT COLOR DETECTED: RED (1) | Wrong color(s): orange (1),1,orange (1)
2026-09-24 08:38:14,red,CORRECT COLOR DETECTED: RED (1),1,
2026-09-24 08:38:14,red,CORRECT COLOR DETECTED: RED (1) | Wrong color(s): orange (1),1,orange (1)
2026-09-24 08:38:14,red,CORRECT COLOR DETECTED: RED (1),1,
2026-09-24 08:38:14,red,CORRECT COLOR DETECTED: RED (1) | Wrong color(s): blue (1),1,blue (1)
2026-09-24 08:38:15,red,"CORRECT COLOR DETECTED: RED (1) | Wrong color(s): orange (1), blue (1)",1,"orange (1), blue (1)"
2026-09-24 08:38:15,red,CORRECT COLOR DETECTED: RED (1) | Wrong color(s): blue (1),1,blue (1)
2026-09-24 08:38:15,red,"CORRECT COLOR DETECTED: RED (1) | Wrong color(s): orange (1), blue (1)",1,"orange (1), blue (1)"
2026-09-24 08:38:15,red,CORRECT COLOR DETECTED: RED (2) | Wrong color(s): blue (1),2,blue (1)
2026-09-24 08:38:15,red,"CORRECT COLOR DETECTED: RED (1) | Wrong color(s): orange (1), blue (1)",1,"orange (1), blue (1)"
2026-09-24 08:38:15,red,CORRECT COLOR DETECTED: RED (1) | Wrong color(s): blue (1),1,blue (1)
2026-09-24 08:38:15,red,"CORRECT COLOR DETECTED: RED (1) | Wrong color(s): orange (1), blue (1)",1,"orange (1), blue (1)"
2026-09-24 08:38:16,red,CORRECT COLOR DETECTED: RED (1) | Wrong color(s): blue (1),1,blue (1)
2026-09-24 08:38:16,red,"CORRECT COLOR DETECTED: RED (1) | Wrong color(s): orange (1), blue (1)",1,"orange (1), blue (1)"
2026-09-24 08:38:16,red,CORRECT COLOR DETECTED: RED (1) | Wrong color(s): blue (1),1,blue (1)
2026-09-24 08:38:16,red,"CORRECT COLOR DETECTED: RED (1) | Wrong color(s): orange (1), blue (1)",1,"orange (1), blue (1)"
2026-09-24 08:38:16,red,CORRECT COLOR DETECTED: RED (1) | Wrong color(s): blue (1),1,blue (1)
2026-09-24 08:38:16,red,"CORRECT COLOR DETECTED: RED (1) | Wrong color(s): orange (1), blue (1)",1,"orange (1), blue (1)"
2026-09-24 08:38:16,red,CORRECT COLOR DETECTED: RED (1) | Wrong color(s): blue (1),1,blue (1)
2026-09-24 08:38:16,red,"CORRECT COLOR DETECTED: RED (1) | Wrong color(s): orange (1), blue (1)",1,"orange (1), blue (1)"
2026-09-24 08:38:16,red,CORRECT COLOR DETECTED: RED (1) | Wrong color(s): blue (1),1,blue (1)
2026-09-24 08:38:17,red,"CORRECT COLOR DETECTED: RED (1) | Wrong color(s): orange (1), blue (1)",1,"orange (1), blue (1)"
2026-09-24 08:38:17,red,CORRECT COLOR DETECTED: RED (1) | Wrong color(s): blue (1),1,blue (1)
2026-09-24 08:38:17,red,"CORRECT COLOR DETECTED: RED (1) | Wrong color(s): orange (1), blue (1)",1,"orange (1), blue (1)"
2026-09-24 08:38:17,red,CORRECT COLOR DETECTED: RED (1) | Wrong color(s): blue (1),1,blue (1)
2026-09-24 08:38:17,red,"CORRECT COLOR DETECTED: RED (1) | Wrong color(s): orange (1), blue (1)",1,"orange (1), blue (1)"
2026-09-24 08:38:17,red,CORRECT COLOR DETECTED: RED (1) | Wrong color(s): blue (1),1,blue (1)
2026-09-24 08:38:19,red,"CORRECT COLOR DETECTED: RED (1) | Wrong color(s): orange (1), blue (1)",1,"orange (1), blue (1)"
2026-09-24 08:38:19,red,CORRECT COLOR DETECTED: RED (1) | Wrong color(s): blue (1),1,blue (1)
2026-09-24 08:38:20,red,WRONG COLOR DETECTED: blue (1) | Waiting for RED,0,blue (1)
2026-09-24 08:38:20,red,WRONG COLOR DETECTED: blue (2) | Waiting for RED,0,blue (2)
2026-09-24 08:38:20,red,WRONG COLOR DETECTED: blue (1) | Waiting for RED,0,blue (1)
2026-09-24 08:38:21,red,WRONG COLOR DETECTED: blue (1) | Waiting for RED,0,blue (1)
2026-09-24 08:38:22,red,WRONG COLOR DETECTED: blue (2) | Waiting for RED,0,blue (2)
2026-09-24 08:38:22,red,WRONG COLOR DETECTED: blue (1) | Waiting for RED,0,blue (1)
2026-09-24 08:38:23,red,WRONG COLOR DETECTED: blue (1) | Waiting for RED,0,blue (1)
2026-09-24 08:38:23,red,WRONG COLOR DETECTED: blue (3) | Waiting for RED,0,blue (3)
2026-09-24 08:38:23,red,WRONG COLOR DETECTED: blue (2) | Waiting for RED,0,blue (2)
2026-09-24 08:38:23,red,WRONG COLOR DETECTED: blue (3) | Waiting for RED,0,blue (3)
2026-09-24 08:38:23,red,"WRONG COLOR DETECTED: orange (1), blue (3) | Waiting for RED",0,"orange (1), blue (3)"
2026-09-24 08:38:23,red,WRONG COLOR DETECTED: blue (3) | Waiting for RED,0,blue (3)
2026-09-24 08:38:23,red,"WRONG COLOR DETECTED: orange (1), blue (2) | Waiting for RED",0,"orange (1), blue (2)"
2026-09-24 08:38:23,red,WRONG COLOR DETECTED: blue (1) | Waiting for RED,0,blue (1)
2026-09-24 08:38:23,red,"WRONG COLOR DETECTED: orange (1), blue (1) | Waiting for RED",0,"orange (1), blue (1)"
2026-09-24 08:38:24,red,CORRECT COLOR DETECTED: RED (1) | Wrong color(s): blue (1),1,blue (1)
2026-09-24 08:38:24,red,WRONG COLOR DETECTED: blue (1) | Waiting for RED,0,blue (1)
2026-09-24 08:38:24,red,CORRECT COLOR DETECTED: RED (2) | Wrong color(s): blue (1),2,blue (1)
2026-09-24 08:38:24,red,"CORRECT COLOR DETECTED: RED (1) | Wrong color(s): orange (1), blue (1)",1,"orange (1), blue (1)"
2026-09-24 08:38:24,red,CORRECT COLOR DETECTED: RED (1) | Wrong color(s): blue (1),1,blue (1)
2026-09-24 08:38:24,red,"CORRECT COLOR DETECTED: RED (1) | Wrong color(s): orange (1), blue (1)",1,"orange (1), blue (1)"
2026-09-24 08:38:24,red,CORRECT COLOR DETECTED: RED (1) | Wrong color(s): blue (1),1,blue (1)
2026-09-24 08:38:36,red,"CORRECT COLOR DETECTED: RED (1) | Wrong color(s): yellow (1), blue (1)",1,"yellow (1), blue (1)"
2026-09-24 08:38:36,red,"CORRECT COLOR DETECTED: RED (1) | Wrong color(s): orange (1), yellow (1), blue (1)",1,"orange (1), yellow (1), blue (1)"
2026-09-24 08:38:36,red,"CORRECT COLOR DETECTED: RED (1) | Wrong color(s): orange (1), blue (1)",1,"orange (1), blue (1)"
2026-09-24 08:38:36,red,CORRECT COLOR DETECTED: RED (1) | Wrong color(s): blue (1),1,blue (1)
2026-09-24 08:38:37,red,"CORRECT COLOR DETECTED: RED (1) | Wrong color(s): yellow (1), blue (1)",1,"yellow (1), blue (1)"
2026-09-24 08:38:37,red,CORRECT COLOR DETECTED: RED (1) | Wrong color(s): blue (1),1,blue (1)
2026-09-24 08:38:37,red,"CORRECT COLOR DETECTED: RED (1) | Wrong color(s): yellow (1), blue (1)",1,"yellow (1), blue (1)"
2026-09-24 08:38:37,red,CORRECT COLOR DETECTED: RED (1) | Wrong color(s): blue (1),1,blue (1)
2026-09-24 08:38:41,red,"CORRECT COLOR DETECTED: RED (1) | Wrong color(s): orange (1), blue (1)",1,"orange (1), blue (1)"
2026-09-24 08:38:41,red,CORRECT COLOR DETECTED: RED (1) | Wrong color(s): blue (1),1,blue (1)
2026-09-24 08:38:46,red,CORRECT COLOR DETECTED: RED (3) | Wrong color(s): blue (1),3,blue (1)
2026-09-24 08:38:46,red,CORRECT COLOR DETECTED: RED (1) | Wrong color(s): blue (1),1,blue (1)
2026-09-24 08:38:47,red,"CORRECT COLOR DETECTED: RED (1) | Wrong color(s): orange (1), blue (1)",1,"orange (1), blue (1)"
2026-09-24 08:38:47,red,"CORRECT COLOR DETECTED: RED (2) | Wrong color(s): orange (1), blue (1)",2,"orange (1), blue (1)"
2026-09-24 08:38:47,red,CORRECT COLOR DETECTED: RED (1) | Wrong color(s): blue (1),1,blue (1)
2026-09-24 08:38:47,red,"CORRECT COLOR DETECTED: RED (1) | Wrong color(s): orange (1), blue (1)",1,"orange (1), blue (1)"
2026-09-24 08:38:47,red,CORRECT COLOR DETECTED: RED (1) | Wrong color(s): blue (1),1,blue (1)
2026-09-24 08:38:47,red,CORRECT COLOR DETECTED: RED (2) | Wrong color(s): blue (1),2,blue (1)
2026-09-24 08:38:47,red,"CORRECT COLOR DETECTED: RED (2) | Wrong color(s): orange (1), blue (1)",2,"orange (1), blue (1)"
2026-09-24 08:38:47,red,CORRECT COLOR DETECTED: RED (2) | Wrong color(s): blue (1),2,blue (1)
2026-09-24 08:38:47,red,CORRECT COLOR DETECTED: RED (1) | Wrong color(s): blue (1),1,blue (1)
2026-09-24 08:38:47,red,CORRECT COLOR DETECTED: RED (2) | Wrong color(s): blue (1),2,blue (1)
2026-09-24 08:38:47,red,CORRECT COLOR DETECTED: RED (1) | Wrong color(s): blue (1),1,blue (1)
2026-09-24 08:38:47,red,CORRECT COLOR DETECTED: RED (2) | Wrong color(s): blue (1),2,blue (1)
2026-09-24 08:38:47,red,CORRECT COLOR DETECTED: RED (1) | Wrong color(s): blue (1),1,blue (1)
2026-09-24 08:38:48,red,CORRECT COLOR DETECTED: RED (2) | Wrong color(s): blue (1),2,blue (1)
2026-09-24 08:38:48,red,CORRECT COLOR DETECTED: RED (1) | Wrong color(s): blue (1),1,blue (1)
2026-09-24 08:38:48,red,CORRECT COLOR DETECTED: RED (1),1,
2026-09-24 08:38:50,red,CORRECT COLOR DETECTED: RED (1),1,
2026-09-24 08:38:50,red,CORRECT COLOR DETECTED: RED (2),2,
2026-09-24 08:38:50,red,CORRECT COLOR DETECTED: RED (1),1,
2026-09-24 08:38:50,red,WRONG COLOR DETECTED: orange (1) | Waiting for RED,0,orange (1)
2026-09-24 08:38:50,red,CORRECT COLOR DETECTED: RED (1) | Wrong color(s): orange (1),1,orange (1)
2026-09-24 08:38:50,red,CORRECT COLOR DETECTED: RED (2) | Wrong color(s): orange (1),2,orange (1)
2026-09-24 08:38:51,red,CORRECT COLOR DETECTED: RED (1) | Wrong color(s): orange (1),1,orange (1)
2026-09-24 08:38:51,red,WRONG COLOR DETECTED: orange (1) | Waiting for RED,0,orange (1)
2026-09-24 08:38:51,red,WRONG COLOR DETECTED: orange (1) | Waiting for RED,0,orange (1)
2026-09-24 08:38:52,red,WRONG COLOR DETECTED: orange (1) | Waiting for RED,0,orange (1)
2026-09-24 08:38:54,red,CORRECT COLOR DETECTED: RED (1),1,
2026-09-24 08:38:56,red,CORRECT COLOR DETECTED: RED (1) | Wrong color(s): orange (1),1,orange (1)
2026-09-24 08:38:57,red,CORRECT COLOR DETECTED: RED (1),1,
2026-09-24 08:38:58,red,WRONG COLOR DETECTED: orange (1) | Waiting for RED,0,orange (1)
2026-09-24 08:38:58,red,WRONG COLOR DETECTED: orange (2) | Waiting for RED,0,orange (2)
2026-09-24 08:38:58,red,"WRONG COLOR DETECTED: orange (1), blue (1) | Waiting for RED",0,"orange (1), blue (1)"
2026-09-24 08:38:58,red,WRONG COLOR DETECTED: orange (1) | Waiting for RED,0,orange (1)
2026-09-24 08:38:58,red,WRONG COLOR DETECTED: blue (1) | Waiting for RED,0,blue (1)
2026-09-24 08:38:59,red,"WRONG COLOR DETECTED: orange (1), blue (1) | Waiting for RED",0,"orange (1), blue (1)"
2026-09-24 08:38:59,red,"CORRECT COLOR DETECTED: RED (1) | Wrong color(s): orange (1), blue (1)",1,"orange (1), blue (1)"
2026-09-24 08:38:59,red,"WRONG COLOR DETECTED: orange (1), blue (1) | Waiting for RED",0,"orange (1), blue (1)"
2026-09-24 08:38:59,red,WRONG COLOR DETECTED: blue (1) | Waiting for RED,0,blue (1)
2026-09-24 08:39:01,red,CORRECT COLOR DETECTED: RED (1) | Wrong color(s): blue (1),1,blue (1)
2026-09-24 08:39:01,red,CORRECT COLOR DETECTED: RED (2) | Wrong color(s): blue (1),2,blue (1)
2026-09-24 08:39:01,red,WRONG COLOR DETECTED: blue (1) | Waiting for RED,0,blue (1)
2026-09-24 08:39:01,red,"WRONG COLOR DETECTED: orange (1), blue (1) | Waiting for RED",0,"orange (1), blue (1)"
2026-09-24 08:39:01,red,WRONG COLOR DETECTED: blue (1) | Waiting for RED,0,blue (1)
2026-09-24 08:39:01,red,CORRECT COLOR DETECTED: RED (1) | Wrong color(s): blue (1),1,blue (1)
2026-09-24 08:39:01,red,"WRONG COLOR DETECTED: orange (1), blue (1) | Waiting for RED",0,"orange (1), blue (1)"
2026-09-24 08:39:01,red,WRONG COLOR DETECTED: blue (1) | Waiting for RED,0,blue (1)
2026-09-24 08:39:01,red,CORRECT COLOR DETECTED: RED (1) | Wrong color(s): blue (1),1,blue (1)
2026-09-24 08:39:01,red,WRONG COLOR DETECTED: blue (1) | Waiting for RED,0,blue (1)
2026-09-24 08:39:11,blue,CORRECT COLOR DETECTED: BLUE (1),1,
2026-09-24 08:39:11,blue,CORRECT COLOR DETECTED: BLUE (1) | Wrong color(s): red (1),1,red (1)
2026-09-24 08:39:11,blue,CORRECT COLOR DETECTED: BLUE (1),1,
2026-09-24 08:39:13,blue,CORRECT COLOR DETECTED: BLUE (1) | Wrong color(s): red (2),1,red (2)
2026-09-24 08:39:13,blue,"CORRECT COLOR DETECTED: BLUE (1) | Wrong color(s): red (1), orange (1)",1,"red (1), orange (1)"
2026-09-24 08:39:13,blue,CORRECT COLOR DETECTED: BLUE (1),1,
2026-09-24 08:39:13,blue,WRONG COLOR DETECTED: orange (1) | Waiting for BLUE,0,orange (1)
2026-09-24 08:39:13,blue,CORRECT COLOR DETECTED: BLUE (1) | Wrong color(s): red (1),1,red (1)
2026-09-24 08:39:15,blue,WRONG COLOR DETECTED: red (1) | Waiting for BLUE,0,red (1)
2026-09-24 08:39:16,blue,WRONG COLOR DETECTED: red (1) | Waiting for BLUE,0,red (1)
2026-09-24 08:39:19,blue,WRONG COLOR DETECTED: red (2) | Waiting for BLUE,0,red (2)
2026-09-24 08:39:19,blue,WRONG COLOR DETECTED: red (1) | Waiting for BLUE,0,red (1)
2026-09-24 08:39:19,blue,"WRONG COLOR DETECTED: red (1), orange (1) | Waiting for BLUE",0,"red (1), orange (1)"
2026-09-24 08:39:19,blue,WRONG COLOR DETECTED: red (1) | Waiting for BLUE,0,red (1)
2026-09-24 08:39:19,blue,"WRONG COLOR DETECTED: red (1), orange (1) | Waiting for BLUE",0,"red (1), orange (1)"
2026-09-24 08:39:19,blue,"WRONG COLOR DETECTED: red (1), orange (2) | Waiting for BLUE",0,"red (1), orange (2)"
2026-09-24 08:39:19,blue,"WRONG COLOR DETECTED: red (1), orange (1) | Waiting for BLUE",0,"red (1), orange (1)"
2026-09-24 08:39:19,blue,WRONG COLOR DETECTED: red (1) | Waiting for BLUE,0,red (1)
2026-09-24 08:39:21,blue,WRONG COLOR DETECTED: orange (1) | Waiting for BLUE,0,orange (1)
2026-09-24 08:39:22,blue,"WRONG COLOR DETECTED: red (1), orange (1) | Waiting for BLUE",0,"red (1), orange (1)"
2026-09-24 08:39:22,blue,WRONG COLOR DETECTED: orange (2) | Waiting for BLUE,0,orange (2)
2026-09-24 08:39:22,blue,WRONG COLOR DETECTED: orange (1) | Waiting for BLUE,0,orange (1)
2026-09-24 08:39:22,blue,CORRECT COLOR DETECTED: BLUE (1),1,
2026-09-24 08:39:22,blue,CORRECT COLOR DETECTED: BLUE (1),1,
2026-09-24 08:39:22,blue,CORRECT COLOR DETECTED: BLUE (1) | Wrong color(s): orange (1),1,orange (1)
2026-09-24 08:39:22,blue,WRONG COLOR DETECTED: orange (1) | Waiting for BLUE,0,orange (1)
2026-09-24 08:39:22,blue,WRONG COLOR DETECTED: red (1) | Waiting for BLUE,0,red (1)
2026-09-24 08:39:23,blue,CORRECT COLOR DETECTED: BLUE (1) | Wrong color(s): red (1),1,red (1)
2026-09-24 08:39:23,blue,"CORRECT COLOR DETECTED: BLUE (1) | Wrong color(s): red (1), orange (1)",1,"red (1), orange (1)"
2026-09-24 08:39:23,blue,WRONG COLOR DETECTED: red (1) | Waiting for BLUE,0,red (1)
2026-09-24 08:39:23,blue,"CORRECT COLOR DETECTED: BLUE (1) | Wrong color(s): red (1), orange (1)",1,"red (1), orange (1)"
2026-09-24 08:39:23,blue,CORRECT COLOR DETECTED: BLUE (2),2,
2026-09-24 08:39:23,blue,CORRECT COLOR DETECTED: BLUE (1),1,
2026-09-24 08:40:32,red,WRONG COLOR DETECTED: blue (1) | Waiting for RED,0,blue (1)
2026-09-24 08:40:35,red,WRONG COLOR DETECTED: blue (1) | Waiting for RED,0,blue (1)
2026-09-24 08:40:39,red,CORRECT COLOR DETECTED: RED (1),1,
2026-09-24 08:40:39,red,CORRECT COLOR DETECTED: RED (1),1,
2026-09-24 08:40:39,red,CORRECT COLOR DETECTED: RED (1),1,
2026-09-24 08:40:39,red,CORRECT COLOR DETECTED: RED (1),1,
2026-09-24 08:40:40,red,CORRECT COLOR DETECTED: RED (1),1,
2026-09-24 08:40:43,red,CORRECT COLOR DETECTED: RED (1),1,
2026-09-24 08:40:57,blue,WRONG COLOR DETECTED: red (1) | Waiting for BLUE,0,red (1)
2026-09-24 08:40:58,blue,WRONG COLOR DETECTED: red (1) | Waiting for BLUE,0,red (1)
2026-09-24 08:40:58,blue,WRONG COLOR DETECTED: red (1) | Waiting for BLUE,0,red (1)
2026-09-24 08:41:02,blue,CORRECT COLOR DETECTED: BLUE (1),1,
2026-09-24 08:41:14,blue,CORRECT COLOR DETECTED: BLUE (1),1,
2026-09-24 08:44:56,blue,WRONG COLOR DETECTED: red (1) | Waiting for BLUE,0,red (1)
2026-09-24 08:44:56,blue,WRONG COLOR DETECTED: red (1) | Waiting for BLUE,0,red (1)
2026-09-24 08:44:56,blue,WRONG COLOR DETECTED: red (1) | Waiting for BLUE,0,red (1)
2026-09-24 08:44:56,blue,"WRONG COLOR DETECTED: red (1), purple (1) | Waiting for BLUE",0,"red (1), purple (1)"
2026-09-24 08:44:56,blue,CORRECT COLOR DETECTED: BLUE (1),1,
2026-09-24 08:44:57,blue,WRONG COLOR DETECTED: red (1) | Waiting for BLUE,0,red (1)
2026-09-24 08:44:57,blue,"CORRECT COLOR DETECTED: BLUE (1) | Wrong color(s): red (1), green (1), purple (1)",1,"red (1), green (1), purple (1)"
2026-09-24 08:44:57,blue,CORRECT COLOR DETECTED: BLUE (2) | Wrong color(s): green (1),2,green (1)
2026-09-24 08:44:57,blue,CORRECT COLOR DETECTED: BLUE (2),2,
2026-09-24 08:44:57,blue,CORRECT COLOR DETECTED: BLUE (1),1,
2026-09-24 08:44:57,blue,CORRECT COLOR DETECTED: BLUE (1) | Wrong color(s): yellow (1),1,yellow (1)
2026-09-24 08:44:57,blue,"CORRECT COLOR DETECTED: BLUE (2) | Wrong color(s): red (1), yellow (1)",2,"red (1), yellow (1)"
2026-09-24 08:44:58,blue,"CORRECT COLOR DETECTED: BLUE (1) | Wrong color(s): red (1), yellow (1)",1,"red (1), yellow (1)"
2026-09-24 08:44:58,blue,"CORRECT COLOR DETECTED: BLUE (1) | Wrong color(s): red (2), yellow (1), green (1)",1,"red (2), yellow (1), green (1)"
2026-09-24 08:44:58,blue,"CORRECT COLOR DETECTED: BLUE (2) | Wrong color(s): red (2), yellow (1), green (1)",2,"red (2), yellow (1), green (1)"
2026-09-24 08:44:58,blue,"CORRECT COLOR DETECTED: BLUE (2) | Wrong color(s): red (2), yellow (2), green (1)",2,"red (2), yellow (2), green (1)"
2026-09-24 08:44:58,blue,"CORRECT COLOR DETECTED: BLUE (1) | Wrong color(s): red (2), yellow (1), green (1)",1,"red (2), yellow (1), green (1)"
2026-09-24 08:44:58,blue,"CORRECT COLOR DETECTED: BLUE (1) | Wrong color(s): red (2), yellow (2)",1,"red (2), yellow (2)"
2026-09-24 08:44:58,blue,CORRECT COLOR DETECTED: BLUE (1) | Wrong color(s): red (2),1,red (2)
2026-09-24 08:44:58,blue,"CORRECT COLOR DETECTED: BLUE (1) | Wrong color(s): red (1), yellow (1)",1,"red (1), yellow (1)"
2026-09-24 08:44:58,blue,CORRECT COLOR DETECTED: BLUE (1) | Wrong color(s): red (2),1,red (2)
2026-09-24 08:44:58,blue,"CORRECT COLOR DETECTED: BLUE (1) | Wrong color(s): red (1), yellow (1), green (1)",1,"red (1), yellow (1), green (1)"
2026-09-24 08:44:59,blue,"CORRECT COLOR DETECTED: BLUE (1) | Wrong color(s): red (2), yellow (1)",1,"red (2), yellow (1)"
2026-09-24 08:44:59,blue,"CORRECT COLOR DETECTED: BLUE (1) | Wrong color(s): red (1), yellow (1)",1,"red (1), yellow (1)"
2026-09-24 08:44:59,blue,CORRECT COLOR DETECTED: BLUE (2) | Wrong color(s): red (1),2,red (1)
2026-09-24 08:44:59,blue,"CORRECT COLOR DETECTED: BLUE (1) | Wrong color(s): red (1), yellow (2)",1,"red (1), yellow (2)"
2026-09-24 08:44:59,blue,"CORRECT COLOR DETECTED: BLUE (1) | Wrong color(s): red (1), yellow (1)",1,"red (1), yellow (1)"
2026-09-24 08:44:59,blue,"WRONG COLOR DETECTED: red (1), yellow (1) | Waiting for BLUE",0,"red (1), yellow (1)"
2026-09-24 08:44:59,blue,"WRONG COLOR DETECTED: red (1), orange (1), yellow (1) | Waiting for BLUE",0,"red (1), orange (1), yellow (1)"
2026-09-24 08:44:59,blue,WRONG COLOR DETECTED: orange (1) | Waiting for BLUE,0,orange (1)
2026-09-24 08:45:00,blue,CORRECT COLOR DETECTED: BLUE (1),1,
2026-09-24 08:45:00,blue,CORRECT COLOR DETECTED: BLUE (2),2,
2026-09-24 08:45:00,blue,CORRECT COLOR DETECTED: BLUE (2) | Wrong color(s): orange (1),2,orange (1)
2026-09-24 08:45:00,blue,CORRECT COLOR DETECTED: BLUE (2) | Wrong color(s): red (1),2,red (1)
2026-09-24 08:45:00,blue,WRONG COLOR DETECTED: red (1) | Waiting for BLUE,0,red (1)
2026-09-24 08:45:00,blue,WRONG COLOR DETECTED: orange (1) | Waiting for BLUE,0,orange (1)
2026-09-24 08:45:00,blue,"WRONG COLOR DETECTED: red (1), orange (1) | Waiting for BLUE",0,"red (1), orange (1)"
2026-09-24 08:45:00,blue,CORRECT COLOR DETECTED: BLUE (1),1,
2026-09-24 08:45:01,blue,CORRECT COLOR DETECTED: BLUE (1),1,
2026-09-24 08:45:02,blue,WRONG COLOR DETECTED: orange (1) | Waiting for BLUE,0,orange (1)
2026-09-24 08:45:02,blue,CORRECT COLOR DETECTED: BLUE (1),1,
2026-09-24 08:45:02,blue,CORRECT COLOR DETECTED: BLUE (1) | Wrong color(s): purple (1),1,purple (1)
2026-09-24 08:45:02,blue,"CORRECT COLOR DETECTED: BLUE (1) | Wrong color(s): orange (1), purple (1)",1,"orange (1), purple (1)"
2026-09-24 08:45:02,blue,CORRECT COLOR DETECTED: BLUE (1),1,
2026-09-24 08:45:02,blue,CORRECT COLOR DETECTED: BLUE (1) | Wrong color(s): red (1),1,red (1)
2026-09-24 08:45:03,blue,CORRECT COLOR DETECTED: BLUE (1) | Wrong color(s): orange (1),1,orange (1)
2026-09-24 08:45:03,blue,CORRECT COLOR DETECTED: BLUE (1) | Wrong color(s): red (1),1,red (1)
2026-09-24 08:45:03,blue,CORRECT COLOR DETECTED: BLUE (1) | Wrong color(s): orange (1),1,orange (1)
2026-09-24 08:45:03,blue,CORRECT COLOR DETECTED: BLUE (1),1,
2026-09-24 08:45:03,blue,CORRECT COLOR DETECTED: BLUE (1) | Wrong color(s): red (1),1,red (1)
2026-09-24 08:45:03,blue,CORRECT COLOR DETECTED: BLUE (1),1,
2026-09-24 08:45:03,blue,CORRECT COLOR DETECTED: BLUE (1) | Wrong color(s): yellow (1),1,yellow (1)
2026-09-24 08:45:04,blue,WRONG COLOR DETECTED: yellow (1) | Waiting for BLUE,0,yellow (1)
2026-09-24 08:45:04,blue,CORRECT COLOR DETECTED: BLUE (2),2,
2026-09-24 08:45:04,blue,CORRECT COLOR DETECTED: BLUE (2),2,
2026-09-24 08:45:04,blue,CORRECT COLOR DETECTED: BLUE (2) | Wrong color(s): yellow (1),2,yellow (1)
2026-09-24 08:45:05,blue,CORRECT COLOR DETECTED: BLUE (2),2,
2026-09-24 08:45:05,blue,WRONG COLOR DETECTED: orange (2) | Waiting for BLUE,0,orange (2)
2026-09-24 08:45:05,blue,"CORRECT COLOR DETECTED: BLUE (1) | Wrong color(s): red (1), orange (1), green (1)",1,"red (1), orange (1), green (1)"
2026-09-24 08:45:05,blue,"WRONG COLOR DETECTED: orange (1), yellow (1) | Waiting for BLUE",0,"orange (1), yellow (1)"
2026-09-24 08:45:05,blue,WRONG COLOR DETECTED: yellow (1) | Waiting for BLUE,0,yellow (1)
2026-09-24 08:45:05,blue,"WRONG COLOR DETECTED: orange (1), yellow (1) | Waiting for BLUE",0,"orange (1), yellow (1)"
2026-09-24 08:45:06,blue,CORRECT COLOR DETECTED: BLUE (1),1,
2026-09-24 08:45:06,blue,CORRECT COLOR DETECTED: BLUE (1),1,
2026-09-24 08:45:06,blue,CORRECT COLOR DETECTED: BLUE (1),1,
2026-09-24 08:45:15,blue,WRONG COLOR DETECTED: red (1) | Waiting for BLUE,0,red (1)
2026-09-24 08:45:15,blue,WRONG COLOR DETECTED: orange (2) | Waiting for BLUE,0,orange (2)
2026-09-24 08:45:15,blue,WRONG COLOR DETECTED: orange (1) | Waiting for BLUE,0,orange (1)
2026-09-24 08:45:15,blue,WRONG COLOR DETECTED: orange (2) | Waiting for BLUE,0,orange (2)
2026-09-24 08:45:15,blue,WRONG COLOR DETECTED: orange (1) | Waiting for BLUE,0,orange (1)
2026-09-24 08:45:16,blue,"WRONG COLOR DETECTED: orange (2), yellow (1) | Waiting for BLUE",0,"orange (2), yellow (1)"
2026-09-24 08:45:16,blue,"WRONG COLOR DETECTED: orange (1), yellow (1) | Waiting for BLUE",0,"orange (1), yellow (1)"
2026-09-24 08:45:16,blue,"WRONG COLOR DETECTED: orange (2), yellow (1) | Waiting for BLUE",0,"orange (2), yellow (1)"
2026-09-24 08:45:16,blue,"WRONG COLOR DETECTED: red (1), orange (2), yellow (1) | Waiting for BLUE",0,"red (1), orange (2), yellow (1)"
2026-09-24 08:45:16,blue,"WRONG COLOR DETECTED: red (1), orange (1), yellow (1) | Waiting for BLUE",0,"red (1), orange (1), yellow (1)"
2026-09-24 08:45:16,blue,"WRONG COLOR DETECTED: red (2), orange (1), yellow (1) | Waiting for BLUE",0,"red (2), orange (1), yellow (1)"
2026-09-24 08:45:16,blue,"WRONG COLOR DETECTED: red (1), orange (1) | Waiting for BLUE",0,"red (1), orange (1)"
2026-09-24 08:45:16,blue,WRONG COLOR DETECTED: orange (1) | Waiting for BLUE,0,orange (1)
2026-09-24 08:45:16,blue,WRONG COLOR DETECTED: orange (1) | Waiting for BLUE,0,orange (1)
2026-09-24 08:45:17,blue,CORRECT COLOR DETECTED: BLUE (1),1,
2026-09-24 08:45:18,blue,WRONG COLOR DETECTED: red (1) | Waiting for BLUE,0,red (1)
2026-09-24 08:45:18,blue,WRONG COLOR DETECTED: red (1) | Waiting for BLUE,0,red (1)
2026-09-24 08:45:19,blue,WRONG COLOR DETECTED: red (1) | Waiting for BLUE,0,red (1)
2026-09-24 08:45:19,blue,WRONG COLOR DETECTED: red (1) | Waiting for BLUE,0,red (1)
2026-09-24 08:45:20,blue,WRONG COLOR DETECTED: orange (1) | Waiting for BLUE,0,orange (1)
2026-09-24 08:45:20,blue,WRONG COLOR DETECTED: orange (1) | Waiting for BLUE,0,orange (1)
2026-09-24 08:45:20,blue,WRONG COLOR DETECTED: orange (1) | Waiting for BLUE,0,orange (1)
2026-09-24 08:45:20,blue,WRONG COLOR DETECTED: red (1) | Waiting for BLUE,0,red (1)
2026-09-24 08:45:21,blue,WRONG COLOR DETECTED: red (2) | Waiting for BLUE,0,red (2)
2026-09-24 08:45:22,blue,"WRONG COLOR DETECTED: red (1), yellow (1) | Waiting for BLUE",0,"red (1), yellow (1)"
2026-09-24 08:45:22,blue,"WRONG COLOR DETECTED: red (2), yellow (1) | Waiting for BLUE",0,"red (2), yellow (1)"
2026-09-24 08:45:22,blue,WRONG COLOR DETECTED: red (2) | Waiting for BLUE,0,red (2)
2026-09-24 08:45:22,blue,WRONG COLOR DETECTED: red (1) | Waiting for BLUE,0,red (1)
2026-09-24 08:45:22,blue,WRONG COLOR DETECTED: red (1) | Waiting for BLUE,0,red (1)
2026-09-24 08:45:23,blue,WRONG COLOR DETECTED: red (1) | Waiting for BLUE,0,red (1)
2026-09-24 08:45:23,blue,WRONG COLOR DETECTED: red (2) | Waiting for BLUE,0,red (2)
2026-09-24 08:45:23,blue,WRONG COLOR DETECTED: red (1) | Waiting for BLUE,0,red (1)
2026-09-24 08:45:23,blue,CORRECT COLOR DETECTED: BLUE (1),1,
2026-09-24 08:45:23,blue,CORRECT COLOR DETECTED: BLUE (1) | Wrong color(s): red (1),1,red (1)
2026-09-24 08:45:23,blue,WRONG COLOR DETECTED: red (1) | Waiting for BLUE,0,red (1)
2026-09-24 08:45:23,blue,WRONG COLOR DETECTED: orange (1) | Waiting for BLUE,0,orange (1)
2026-09-24 08:45:24,blue,WRONG COLOR DETECTED: red (2) | Waiting for BLUE,0,red (2)
2026-09-24 08:45:24,blue,WRONG COLOR DETECTED: red (1) | Waiting for BLUE,0,red (1)
2026-09-24 08:45:24,blue,WRONG COLOR DETECTED: red (2) | Waiting for BLUE,0,red (2)
2026-09-24 08:45:24,blue,WRONG COLOR DETECTED: red (1) | Waiting for BLUE,0,red (1)
2026-09-24 08:45:24,blue,CORRECT COLOR DETECTED: BLUE (2),2,
2026-09-24 08:45:24,blue,CORRECT COLOR DETECTED: BLUE (1),1,
2026-09-24 08:45:24,blue,CORRECT COLOR DETECTED: BLUE (1),1,
2026-09-24 08:45:24,blue,CORRECT COLOR DETECTED: BLUE (1) | Wrong color(s): red (1),1,red (1)
2026-09-24 08:45:24,blue,CORRECT COLOR DETECTED: BLUE (1),1,
2026-09-24 08:45:25,blue,CORRECT COLOR DETECTED: BLUE (2),2,
2026-09-24 08:45:25,blue,CORRECT COLOR DETECTED: BLUE (2) | Wrong color(s): orange (1),2,orange (1)
2026-09-24 08:45:25,blue,CORRECT COLOR DETECTED: BLUE (2),2,
2026-09-24 08:45:25,blue,CORRECT COLOR DETECTED: BLUE (1),1,
2026-09-24 08:45:25,blue,CORRECT COLOR DETECTED: BLUE (1) | Wrong color(s): orange (1),1,orange (1)
2026-09-24 08:45:25,blue,CORRECT COLOR DETECTED: BLUE (1),1,
2026-09-24 08:45:25,blue,"CORRECT COLOR DETECTED: BLUE (1) | Wrong color(s): red (2), yellow (1)",1,"red (2), yellow (1)"
2026-09-24 08:45:25,blue,CORRECT COLOR DETECTED: BLUE (1) | Wrong color(s): yellow (2),1,yellow (2)
2026-09-24 08:45:25,blue,CORRECT COLOR DETECTED: BLUE (1) | Wrong color(s): yellow (1),1,yellow (1)
2026-09-24 08:45:25,blue,"WRONG COLOR DETECTED: orange (1), yellow (1) | Waiting for BLUE",0,"orange (1), yellow (1)"
2026-09-24 08:45:25,blue,WRONG COLOR DETECTED: orange (2) | Waiting for BLUE,0,orange (2)
2026-09-24 08:45:26,blue,WRONG COLOR DETECTED: yellow (1) | Waiting for BLUE,0,yellow (1)
2026-09-24 08:45:26,blue,CORRECT COLOR DETECTED: BLUE (1),1,
2026-09-24 08:45:26,blue,WRONG COLOR DETECTED: yellow (2) | Waiting for BLUE,0,yellow (2)
2026-09-24 08:45:26,blue,WRONG COLOR DETECTED: yellow (2) | Waiting for BLUE,0,yellow (2)
2026-09-24 08:45:27,blue,CORRECT COLOR DETECTED: BLUE (1) | Wrong color(s): yellow (2),1,yellow (2)
2026-09-24 08:45:27,blue,CORRECT COLOR DETECTED: BLUE (1),1,
2026-09-24 08:45:27,blue,WRONG COLOR DETECTED: orange (1) | Waiting for BLUE,0,orange (1)
2026-09-24 08:45:28,blue,WRONG COLOR DETECTED: yellow (1) | Waiting for BLUE,0,yellow (1)
2026-09-24 08:45:30,blue,CORRECT COLOR DETECTED: BLUE (1),1,
2026-09-24 08:45:30,blue,CORRECT COLOR DETECTED: BLUE (1),1,
2026-09-24 08:45:31,blue,WRONG COLOR DETECTED: orange (1) | Waiting for BLUE,0,orange (1)
2026-09-24 08:45:31,blue,CORRECT COLOR DETECTED: BLUE (2) | Wrong color(s): orange (1),2,orange (1)
2026-09-24 08:45:32,blue,CORRECT COLOR DETECTED: BLUE (1),1,
2026-09-24 08:45:32,blue,CORRECT COLOR DETECTED: BLUE (1) | Wrong color(s): orange (1),1,orange (1)
2026-09-24 08:45:32,blue,CORRECT COLOR DETECTED: BLUE (1) | Wrong color(s): orange (2),1,orange (2)
2026-09-24 08:45:32,blue,CORRECT COLOR DETECTED: BLUE (1) | Wrong color(s): orange (1),1,orange (1)
2026-09-24 08:45:32,blue,CORRECT COLOR DETECTED: BLUE (1) | Wrong color(s): orange (2),1,orange (2)
2026-09-24 08:45:32,blue,CORRECT COLOR DETECTED: BLUE (1) | Wrong color(s): orange (1),1,orange (1)
2026-09-24 08:45:32,blue,CORRECT COLOR DETECTED: BLUE (1) | Wrong color(s): orange (2),1,orange (2)
2026-09-24 08:45:33,blue,CORRECT COLOR DETECTED: BLUE (1) | Wrong color(s): orange (1),1,orange (1)
2026-09-24 08:45:33,blue,CORRECT COLOR DETECTED: BLUE (1),1,
2026-09-24 08:45:33,blue,CORRECT COLOR DETECTED: BLUE (1) | Wrong color(s): orange (1),1,orange (1)
2026-09-24 08:45:33,blue,CORRECT COLOR DETECTED: BLUE (2) | Wrong color(s): orange (2),2,orange (2)
2026-09-24 08:45:33,blue,CORRECT COLOR DETECTED: BLUE (1) | Wrong color(s): orange (2),1,orange (2)
2026-09-24 08:45:33,blue,CORRECT COLOR DETECTED: BLUE (1),1,
2026-09-24 08:45:33,blue,CORRECT COLOR DETECTED: BLUE (1) | Wrong color(s): orange (1),1,orange (1)
2026-09-24 08:45:33,blue,CORRECT COLOR DETECTED: BLUE (1) | Wrong color(s): orange (2),1,orange (2)
2026-09-24 08:45:33,blue,CORRECT COLOR DETECTED: BLUE (1) | Wrong color(s): orange (1),1,orange (1)
2026-09-24 08:45:33,blue,CORRECT COLOR DETECTED: BLUE (1),1,
2026-09-24 08:45:33,blue,CORRECT COLOR DETECTED: BLUE (1) | Wrong color(s): orange (1),1,orange (1)
2026-09-24 08:45:33,blue,CORRECT COLOR DETECTED: BLUE (1),1,
2026-09-24 08:45:33,blue,CORRECT COLOR DETECTED: BLUE (1) | Wrong color(s): orange (1),1,orange (1)
2026-09-24 08:45:34,blue,CORRECT COLOR DETECTED: BLUE (1),1,
2026-09-24 08:45:34,blue,CORRECT COLOR DETECTED: BLUE (1) | Wrong color(s): orange (1),1,orange (1)
2026-09-24 08:45:34,blue,CORRECT COLOR DETECTED: BLUE (1),1,
2026-09-24 08:45:34,blue,CORRECT COLOR DETECTED: BLUE (1) | Wrong color(s): orange (1),1,orange (1)
2026-09-24 08:45:34,blue,CORRECT COLOR DETECTED: BLUE (1),1,
2026-09-24 08:45:34,blue,CORRECT COLOR DETECTED: BLUE (1) | Wrong color(s): orange (1),1,orange (1)
2026-09-24 08:45:34,blue,CORRECT COLOR DETECTED: BLUE (1),1,
2026-09-24 08:45:35,blue,CORRECT COLOR DETECTED: BLUE (1) | Wrong color(s): orange (1),1,orange (1)
2026-09-24 08:45:35,blue,CORRECT COLOR DETECTED: BLUE (1),1,
2026-09-24 08:45:35,blue,CORRECT COLOR DETECTED: BLUE (1) | Wrong color(s): orange (1),1,orange (1)
2026-09-24 08:45:35,blue,CORRECT COLOR DETECTED: BLUE (1),1,
2026-09-24 08:45:35,blue,"CORRECT COLOR DETECTED: BLUE (1) | Wrong color(s): orange (1), yellow (1)",1,"orange (1), yellow (1)"
2026-09-24 08:45:35,blue,CORRECT COLOR DETECTED: BLUE (1) | Wrong color(s): yellow (1),1,yellow (1)
2026-09-24 08:45:35,blue,WRONG COLOR DETECTED: yellow (1) | Waiting for BLUE,0,yellow (1)
2026-09-24 08:45:35,blue,CORRECT COLOR DETECTED: BLUE (1),1,
2026-09-24 08:45:35,blue,CORRECT COLOR DETECTED: BLUE (1) | Wrong color(s): orange (1),1,orange (1)
2026-09-24 08:45:35,blue,CORRECT COLOR DETECTED: BLUE (1),1,
2026-09-24 08:45:35,blue,CORRECT COLOR DETECTED: BLUE (1) | Wrong color(s): orange (1),1,orange (1)
2026-09-24 08:45:36,blue,"CORRECT COLOR DETECTED: BLUE (1) | Wrong color(s): red (1), orange (1)",1,"red (1), orange (1)"
2026-09-24 08:45:36,blue,CORRECT COLOR DETECTED: BLUE (1) | Wrong color(s): red (1),1,red (1)
2026-09-24 08:45:36,blue,"CORRECT COLOR DETECTED: BLUE (1) | Wrong color(s): red (1), orange (1)",1,"red (1), orange (1)"
2026-09-24 08:45:36,blue,CORRECT COLOR DETECTED: BLUE (1),1,
2026-09-24 08:45:36,blue,CORRECT COLOR DETECTED: BLUE (1) | Wrong color(s): red (1),1,red (1)
2026-09-24 08:45:36,blue,"CORRECT COLOR DETECTED: BLUE (1) | Wrong color(s): red (1), yellow (1)",1,"red (1), yellow (1)"
2026-09-24 08:45:36,blue,CORRECT COLOR DETECTED: BLUE (1),1,
2026-09-24 08:45:36,blue,WRONG COLOR DETECTED: red (1) | Waiting for BLUE,0,red (1)
2026-09-24 08:45:36,blue,"WRONG COLOR DETECTED: red (2), yellow (1) | Waiting for BLUE",0,"red (2), yellow (1)"
2026-09-24 08:45:36,blue,WRONG COLOR DETECTED: yellow (1) | Waiting for BLUE,0,yellow (1)
2026-09-24 08:45:36,blue,"WRONG COLOR DETECTED: red (1), yellow (1) | Waiting for BLUE",0,"red (1), yellow (1)"
2026-09-24 08:45:36,blue,CORRECT COLOR DETECTED: BLUE (1),1,
2026-09-24 08:45:36,blue,WRONG COLOR DETECTED: red (1) | Waiting for BLUE,0,red (1)
2026-09-24 08:45:37,blue,CORRECT COLOR DETECTED: BLUE (2),2,
2026-09-24 08:45:37,blue,CORRECT COLOR DETECTED: BLUE (1) | Wrong color(s): orange (2),1,orange (2)
2026-09-24 08:45:37,blue,CORRECT COLOR DETECTED: BLUE (1),1,
2026-09-24 08:45:37,blue,WRONG COLOR DETECTED: orange (1) | Waiting for BLUE,0,orange (1)
2026-09-24 08:45:37,blue,WRONG COLOR DETECTED: orange (2) | Waiting for BLUE,0,orange (2)
2026-09-24 08:45:37,blue,WRONG COLOR DETECTED: orange (1) | Waiting for BLUE,0,orange (1)
2026-09-24 08:45:37,blue,WRONG COLOR DETECTED: orange (2) | Waiting for BLUE,0,orange (2)
2026-09-24 08:45:37,blue,WRONG COLOR DETECTED: orange (1) | Waiting for BLUE,0,orange (1)
2026-09-24 08:45:38,blue,WRONG COLOR DETECTED: orange (2) | Waiting for BLUE,0,orange (2)
2026-09-24 08:45:38,blue,WRONG COLOR DETECTED: orange (1) | Waiting for BLUE,0,orange (1)
2026-09-24 08:45:38,blue,WRONG COLOR DETECTED: orange (1) | Waiting for BLUE,0,orange (1)
2026-09-24 08:45:38,blue,WRONG COLOR DETECTED: orange (2) | Waiting for BLUE,0,orange (2)
2026-09-24 08:45:38,blue,WRONG COLOR DETECTED: orange (1) | Waiting for BLUE,0,orange (1)
2026-09-24 08:45:38,blue,WRONG COLOR DETECTED: orange (2) | Waiting for BLUE,0,orange (2)
2026-09-24 08:45:38,blue,WRONG COLOR DETECTED: orange (1) | Waiting for BLUE,0,orange (1)
2026-09-24 08:45:38,blue,WRONG COLOR DETECTED: orange (2) | Waiting for BLUE,0,orange (2)
2026-09-24 08:45:38,blue,WRONG COLOR DETECTED: orange (1) | Waiting for BLUE,0,orange (1)
2026-09-24 08:45:38,blue,WRONG COLOR DETECTED: orange (2) | Waiting for BLUE,0,orange (2)
2026-09-24 08:45:38,blue,WRONG COLOR DETECTED: orange (1) | Waiting for BLUE,0,orange (1)
2026-09-24 08:45:39,blue,WRONG COLOR DETECTED: orange (1) | Waiting for BLUE,0,orange (1)
2026-09-24 08:45:39,blue,WRONG COLOR DETECTED: orange (2) | Waiting for BLUE,0,orange (2)
2026-09-24 08:45:39,blue,WRONG COLOR DETECTED: orange (1) | Waiting for BLUE,0,orange (1)
2026-09-24 08:45:39,blue,WRONG COLOR DETECTED: orange (2) | Waiting for BLUE,0,orange (2)
2026-09-24 08:45:39,blue,WRONG COLOR DETECTED: orange (1) | Waiting for BLUE,0,orange (1)
2026-09-24 08:45:40,blue,WRONG COLOR DETECTED: orange (1) | Waiting for BLUE,0,orange (1)
2026-09-24 08:45:40,blue,WRONG COLOR DETECTED: orange (1) | Waiting for BLUE,0,orange (1)
2026-09-24 08:45:41,blue,WRONG COLOR DETECTED: orange (1) | Waiting for BLUE,0,orange (1)
2026-09-24 08:45:41,blue,WRONG COLOR DETECTED: orange (1) | Waiting for BLUE,0,orange (1)
2026-09-24 08:45:41,blue,WRONG COLOR DETECTED: orange (1) | Waiting for BLUE,0,orange (1)
2026-09-24 08:45:42,blue,WRONG COLOR DETECTED: orange (1) | Waiting for BLUE,0,orange (1)
2026-09-24 08:45:42,blue,WRONG COLOR DETECTED: orange (1) | Waiting for BLUE,0,orange (1)
2026-09-24 08:45:42,blue,WRONG COLOR DETECTED: orange (1) | Waiting for BLUE,0,orange (1)
2026-09-24 08:45:42,blue,WRONG COLOR DETECTED: orange (1) | Waiting for BLUE,0,orange (1)
2026-09-24 08:45:43,blue,WRONG COLOR DETECTED: orange (1) | Waiting for BLUE,0,orange (1)
2026-09-24 08:45:43,blue,WRONG COLOR DETECTED: orange (1) | Waiting for BLUE,0,orange (1)
2026-09-24 08:45:43,blue,CORRECT COLOR DETECTED: BLUE (1) | Wrong color(s): orange (1),1,orange (1)
2026-09-24 08:45:43,blue,CORRECT COLOR DETECTED: BLUE (1),1,
2026-09-24 08:45:43,blue,WRONG COLOR DETECTED: orange (1) | Waiting for BLUE,0,orange (1)
2026-09-24 08:45:43,blue,WRONG COLOR DETECTED: orange (2) | Waiting for BLUE,0,orange (2)
2026-09-24 08:45:43,blue,WRONG COLOR DETECTED: orange (1) | Waiting for BLUE,0,orange (1)
2026-09-24 08:45:44,blue,WRONG COLOR DETECTED: yellow (1) | Waiting for BLUE,0,yellow (1)
2026-09-24 08:45:44,blue,CORRECT COLOR DETECTED: BLUE (1),1,
2026-09-24 08:45:44,blue,WRONG COLOR DETECTED: orange (1) | Waiting for BLUE,0,orange (1)
2026-09-24 08:45:44,blue,CORRECT COLOR DETECTED: BLUE (1) | Wrong color(s): red (1),1,red (1)
2026-09-24 08:45:45,blue,WRONG COLOR DETECTED: orange (1) | Waiting for BLUE,0,orange (1)
2026-09-24 08:47:29,blue,WRONG COLOR DETECTED: orange (1) | Waiting for BLUE,0,orange (1)
2026-09-24 08:47:29,blue,"WRONG COLOR DETECTED: orange (1), yellow (1), green (1) | Waiting for BLUE",0,"orange (1), yellow (1), green (1)"
2026-09-24 08:47:29,blue,"CORRECT COLOR DETECTED: BLUE (2) | Wrong color(s): red (1), orange (3), yellow (1)",2,"red (1), orange (3), yellow (1)"
2026-09-24 08:47:30,blue,"WRONG COLOR DETECTED: red (1), yellow (1) | Waiting for BLUE",0,"red (1), yellow (1)"
2026-09-24 08:47:30,blue,"CORRECT COLOR DETECTED: BLUE (1) | Wrong color(s): red (1), orange (2), green (1)",1,"red (1), orange (2), green (1)"
2026-09-24 08:47:30,blue,CORRECT COLOR DETECTED: BLUE (1) | Wrong color(s): yellow (1),1,yellow (1)
2026-09-24 08:47:30,blue,CORRECT COLOR DETECTED: BLUE (1) | Wrong color(s): orange (2),1,orange (2)
2026-09-24 08:47:30,blue,"CORRECT COLOR DETECTED: BLUE (2) | Wrong color(s): red (1), orange (1), yellow (2)",2,"red (1), orange (1), yellow (2)"
2026-09-24 08:47:30,blue,CORRECT COLOR DETECTED: BLUE (1) | Wrong color(s): orange (3),1,orange (3)
2026-09-24 08:47:30,blue,WRONG COLOR DETECTED: orange (1) | Waiting for BLUE,0,orange (1)
2026-09-24 08:47:31,blue,WRONG COLOR DETECTED: red (1) | Waiting for BLUE,0,red (1)
2026-09-24 08:47:31,blue,WRONG COLOR DETECTED: red (1) | Waiting for BLUE,0,red (1)
2026-09-24 08:47:31,blue,WRONG COLOR DETECTED: red (1) | Waiting for BLUE,0,red (1)
2026-09-24 08:47:32,blue,CORRECT COLOR DETECTED: BLUE (1),1,
2026-09-24 08:47:32,blue,CORRECT COLOR DETECTED: BLUE (1) | Wrong color(s): purple (1),1,purple (1)
2026-09-24 08:47:32,blue,CORRECT COLOR DETECTED: BLUE (1),1,
2026-09-24 08:47:32,blue,CORRECT COLOR DETECTED: BLUE (2),2,
2026-09-24 08:47:32,blue,CORRECT COLOR DETECTED: BLUE (1) | Wrong color(s): red (2),1,red (2)
2026-09-24 08:47:33,blue,WRONG COLOR DETECTED: red (1) | Waiting for BLUE,0,red (1)
2026-09-24 08:47:33,blue,CORRECT COLOR DETECTED: BLUE (2) | Wrong color(s): red (1),2,red (1)
2026-09-24 08:47:33,blue,WRONG COLOR DETECTED: red (1) | Waiting for BLUE,0,red (1)
2026-09-24 08:47:33,blue,CORRECT COLOR DETECTED: BLUE (2),2,
2026-09-24 08:47:33,blue,WRONG COLOR DETECTED: red (1) | Waiting for BLUE,0,red (1)
2026-09-24 08:47:33,blue,CORRECT COLOR DETECTED: BLUE (1) | Wrong color(s): red (1),1,red (1)
2026-09-24 08:47:33,blue,WRONG COLOR DETECTED: red (1) | Waiting for BLUE,0,red (1)
2026-09-24 08:47:34,blue,CORRECT COLOR DETECTED: BLUE (1),1,
2026-09-24 08:47:38,blue,WRONG COLOR DETECTED: orange (1) | Waiting for BLUE,0,orange (1)
2026-09-24 08:47:39,blue,WRONG COLOR DETECTED: red (1) | Waiting for BLUE,0,red (1)
2026-09-24 08:47:39,blue,WRONG COLOR DETECTED: red (1) | Waiting for BLUE,0,red (1)
2026-09-24 08:47:41,blue,WRONG COLOR DETECTED: orange (1) | Waiting for BLUE,0,orange (1)
2026-09-24 08:47:42,blue,WRONG COLOR DETECTED: orange (1) | Waiting for BLUE,0,orange (1)
2026-09-24 08:47:42,blue,WRONG COLOR DETECTED: orange (1) | Waiting for BLUE,0,orange (1)
2026-09-24 08:47:42,blue,WRONG COLOR DETECTED: orange (1) | Waiting for BLUE,0,orange (1)
2026-09-24 08:47:42,blue,WRONG COLOR DETECTED: red (1) | Waiting for BLUE,0,red (1)
2026-09-24 08:47:43,blue,WRONG COLOR DETECTED: orange (1) | Waiting for BLUE,0,orange (1)
2026-09-24 08:47:48,blue,WRONG COLOR DETECTED: orange (1) | Waiting for BLUE,0,orange (1)
2026-09-24 08:47:49,blue,WRONG COLOR DETECTED: orange (1) | Waiting for BLUE,0,orange (1)
2026-09-24 08:47:49,blue,WRONG COLOR DETECTED: orange (1) | Waiting for BLUE,0,orange (1)
2026-09-24 08:47:49,blue,WRONG COLOR DETECTED: orange (2) | Waiting for BLUE,0,orange (2)
2026-09-24 08:47:49,blue,WRONG COLOR DETECTED: orange (1) | Waiting for BLUE,0,orange (1)
2026-09-24 08:47:49,blue,WRONG COLOR DETECTED: orange (2) | Waiting for BLUE,0,orange (2)
2026-09-24 08:47:49,blue,WRONG COLOR DETECTED: orange (1) | Waiting for BLUE,0,orange (1)
2026-09-24 08:47:49,blue,"WRONG COLOR DETECTED: red (1), orange (1) | Waiting for BLUE",0,"red (1), orange (1)"
2026-09-24 08:47:49,blue,WRONG COLOR DETECTED: red (1) | Waiting for BLUE,0,red (1)
2026-09-24 08:47:50,blue,"WRONG COLOR DETECTED: red (1), orange (1) | Waiting for BLUE",0,"red (1), orange (1)"
2026-09-24 08:47:50,blue,WRONG COLOR DETECTED: red (2) | Waiting for BLUE,0,red (2)
2026-09-24 08:47:50,blue,WRONG COLOR DETECTED: orange (2) | Waiting for BLUE,0,orange (2)
2026-09-24 08:47:50,blue,WRONG COLOR DETECTED: red (1) | Waiting for BLUE,0,red (1)
2026-09-24 08:47:50,blue,"WRONG COLOR DETECTED: red (1), orange (2) | Waiting for BLUE",0,"red (1), orange (2)"
2026-09-24 08:47:50,blue,"WRONG COLOR DETECTED: red (1), orange (1) | Waiting for BLUE",0,"red (1), orange (1)"
2026-09-24 08:47:50,blue,WRONG COLOR DETECTED: red (1) | Waiting for BLUE,0,red (1)
2026-09-24 08:47:50,blue,"WRONG COLOR DETECTED: red (1), orange (1) | Waiting for BLUE",0,"red (1), orange (1)"
2026-09-24 08:47:50,blue,WRONG COLOR DETECTED: orange (1) | Waiting for BLUE,0,orange (1)
2026-09-24 08:47:50,blue,WRONG COLOR DETECTED: orange (2) | Waiting for BLUE,0,orange (2)
2026-09-24 08:47:50,blue,"WRONG COLOR DETECTED: red (1), orange (1) | Waiting for BLUE",0,"red (1), orange (1)"
2026-09-24 08:47:50,blue,WRONG COLOR DETECTED: orange (1) | Waiting for BLUE,0,orange (1)
2026-09-24 08:47:51,blue,"WRONG COLOR DETECTED: red (1), orange (1) | Waiting for BLUE",0,"red (1), orange (1)"
2026-09-24 08:47:51,blue,WRONG COLOR DETECTED: orange (1) | Waiting for BLUE,0,orange (1)
2026-09-24 08:47:51,blue,WRONG COLOR DETECTED: orange (1) | Waiting for BLUE,0,orange (1)
2026-09-24 08:47:51,blue,WRONG COLOR DETECTED: red (1) | Waiting for BLUE,0,red (1)
2026-09-24 08:47:51,blue,WRONG COLOR DETECTED: orange (1) | Waiting for BLUE,0,orange (1)
2026-09-24 08:47:52,blue,WRONG COLOR DETECTED: red (1) | Waiting for BLUE,0,red (1)
2026-09-24 08:47:54,blue,WRONG COLOR DETECTED: orange (1) | Waiting for BLUE,0,orange (1)
2026-09-24 08:47:54,blue,CORRECT COLOR DETECTED: BLUE (1),1,
2026-09-24 08:47:54,blue,CORRECT COLOR DETECTED: BLUE (1) | Wrong color(s): red (2),1,red (2)
2026-09-24 08:48:12,blue,WRONG COLOR DETECTED: red (1) | Waiting for BLUE,0,red (1)
2026-09-24 08:48:13,blue,WRONG COLOR DETECTED: red (1) | Waiting for BLUE,0,red (1)
2026-09-24 08:48:14,blue,WRONG COLOR DETECTED: red (1) | Waiting for BLUE,0,red (1)
2026-09-24 08:48:15,blue,WRONG COLOR DETECTED: orange (1) | Waiting for BLUE,0,orange (1)
2026-09-24 08:48:15,blue,WRONG COLOR DETECTED: orange (1) | Waiting for BLUE,0,orange (1)
2026-09-24 08:48:16,blue,WRONG COLOR DETECTED: orange (1) | Waiting for BLUE,0,orange (1)
2026-09-24 08:48:16,blue,WRONG COLOR DETECTED: red (1) | Waiting for BLUE,0,red (1)
2026-09-24 08:48:16,blue,WRONG COLOR DETECTED: red (1) | Waiting for BLUE,0,red (1)
2026-09-24 08:48:16,blue,WRONG COLOR DETECTED: orange (1) | Waiting for BLUE,0,orange (1)
2026-09-24 08:48:16,blue,WRONG COLOR DETECTED: orange (1) | Waiting for BLUE,0,orange (1)
2026-09-24 08:48:17,blue,WRONG COLOR DETECTED: orange (1) | Waiting for BLUE,0,orange (1)
2026-09-24 08:48:17,blue,WRONG COLOR DETECTED: orange (2) | Waiting for BLUE,0,orange (2)
2026-09-24 08:48:17,blue,CORRECT COLOR DETECTED: BLUE (1),1,
2026-09-24 08:48:17,blue,WRONG COLOR DETECTED: red (1) | Waiting for BLUE,0,red (1)
2026-09-24 08:48:17,blue,CORRECT COLOR DETECTED: BLUE (1) | Wrong color(s): red (1),1,red (1)
2026-09-24 08:48:17,blue,WRONG COLOR DETECTED: red (1) | Waiting for BLUE,0,red (1)
2026-09-24 08:48:18,blue,CORRECT COLOR DETECTED: BLUE (1),1,
2026-09-24 08:48:18,blue,CORRECT COLOR DETECTED: BLUE (1),1,
2026-09-24 08:48:18,blue,CORRECT COLOR DETECTED: BLUE (2),2,
2026-09-24 08:48:18,blue,CORRECT COLOR DETECTED: BLUE (3),3,
2026-09-24 08:48:18,blue,WRONG COLOR DETECTED: red (1) | Waiting for BLUE,0,red (1)
2026-09-24 08:48:19,blue,CORRECT COLOR DETECTED: BLUE (1),1,
2026-09-24 08:48:20,blue,WRONG COLOR DETECTED: red (1) | Waiting for BLUE,0,red (1)
2026-09-24 08:48:21,blue,WRONG COLOR DETECTED: orange (2) | Waiting for BLUE,0,orange (2)
2026-09-24 08:48:22,blue,WRONG COLOR DETECTED: orange (1) | Waiting for BLUE,0,orange (1)
2026-09-24 08:48:22,blue,WRONG COLOR DETECTED: orange (1) | Waiting for BLUE,0,orange (1)
2026-09-24 08:48:22,blue,WRONG COLOR DETECTED: orange (1) | Waiting for BLUE,0,orange (1)
2026-09-24 08:49:28,blue,WRONG COLOR DETECTED: red (1) | Waiting for BLUE,0,red (1)
2026-09-24 08:49:28,blue,WRONG COLOR DETECTED: orange (1) | Waiting for BLUE,0,orange (1)
2026-09-24 08:49:28,blue,CORRECT COLOR DETECTED: BLUE (1),1,
2026-09-24 08:49:29,blue,CORRECT COLOR DETECTED: BLUE (1),1,
2026-09-24 08:49:29,blue,CORRECT COLOR DETECTED: BLUE (1),1,
2026-09-24 08:49:29,blue,WRONG COLOR DETECTED: orange (1) | Waiting for BLUE,0,orange (1)
2026-09-24 08:49:29,blue,WRONG COLOR DETECTED: orange (1) | Waiting for BLUE,0,orange (1)
2026-09-24 08:49:29,blue,WRONG COLOR DETECTED: orange (2) | Waiting for BLUE,0,orange (2)
2026-09-24 08:49:29,blue,WRONG COLOR DETECTED: red (1) | Waiting for BLUE,0,red (1)
2026-09-24 08:49:29,blue,WRONG COLOR DETECTED: orange (1) | Waiting for BLUE,0,orange (1)
2026-09-24 08:49:30,blue,CORRECT COLOR DETECTED: BLUE (1),1,
2026-09-24 08:49:30,blue,WRONG COLOR DETECTED: red (1) | Waiting for BLUE,0,red (1)
2026-09-24 08:49:30,blue,WRONG COLOR DETECTED: red (1) | Waiting for BLUE,0,red (1)
2026-09-24 08:49:31,blue,CORRECT COLOR DETECTED: BLUE (2),2,
2026-09-24 08:49:31,blue,WRONG COLOR DETECTED: red (1) | Waiting for BLUE,0,red (1)
2026-09-24 08:49:33,blue,"WRONG COLOR DETECTED: red (1), orange (1) | Waiting for BLUE",0,"red (1), orange (1)"
2026-09-24 08:49:33,blue,WRONG COLOR DETECTED: orange (1) | Waiting for BLUE,0,orange (1)
2026-09-24 08:49:33,blue,"WRONG COLOR DETECTED: red (1), orange (1) | Waiting for BLUE",0,"red (1), orange (1)"
2026-09-24 08:49:38,blue,WRONG COLOR DETECTED: orange (1) | Waiting for BLUE,0,orange (1)
2026-09-24 08:49:43,blue,WRONG COLOR DETECTED: orange (1) | Waiting for BLUE,0,orange (1)
2026-09-24 08:49:46,blue,WRONG COLOR DETECTED: orange (1) | Waiting for BLUE,0,orange (1)
2026-09-24 08:49:46,blue,WRONG COLOR DETECTED: red (1) | Waiting for BLUE,0,red (1)
2026-09-24 08:49:46,blue,WRONG COLOR DETECTED: red (1) | Waiting for BLUE,0,red (1)
2026-09-24 08:49:46,blue,WRONG COLOR DETECTED: orange (1) | Waiting for BLUE,0,orange (1)
2026-09-24 08:49:46,blue,WRONG COLOR DETECTED: red (1) | Waiting for BLUE,0,red (1)
2026-09-24 08:49:50,blue,CORRECT COLOR DETECTED: BLUE (1),1,
2026-09-24 08:50:03,blue,WRONG COLOR DETECTED: red (1) | Waiting for BLUE,0,red (1)
2026-09-24 08:50:03,blue,WRONG COLOR DETECTED: orange (1) | Waiting for BLUE,0,orange (1)
2026-09-24 08:50:17,blue,WRONG COLOR DETECTED: orange (1) | Waiting for BLUE,0,orange (1)
2026-09-24 08:50:17,blue,"WRONG COLOR DETECTED: red (1), orange (1) | Waiting for BLUE",0,"red (1), orange (1)"
2026-09-24 08:50:17,blue,WRONG COLOR DETECTED: orange (1) | Waiting for BLUE,0,orange (1)
2026-09-24 08:50:17,blue,WRONG COLOR DETECTED: orange (1) | Waiting for BLUE,0,orange (1)
2026-09-24 08:50:18,blue,CORRECT COLOR DETECTED: BLUE (2) | Wrong color(s): orange (2),2,orange (2)
2026-09-24 08:50:18,blue,CORRECT COLOR DETECTED: BLUE (1) | Wrong color(s): orange (1),1,orange (1)
2026-09-24 08:50:18,blue,CORRECT COLOR DETECTED: BLUE (1) | Wrong color(s): red (1),1,red (1)
2026-09-24 08:50:18,blue,"CORRECT COLOR DETECTED: BLUE (1) | Wrong color(s): red (1), orange (2)",1,"red (1), orange (2)"
2026-09-24 08:50:18,blue,"CORRECT COLOR DETECTED: BLUE (1) | Wrong color(s): red (1), orange (1)",1,"red (1), orange (1)"
2026-09-24 08:50:18,blue,"WRONG COLOR DETECTED: red (1), orange (1) | Waiting for BLUE",0,"red (1), orange (1)"
2026-09-24 08:50:18,blue,CORRECT COLOR DETECTED: BLUE (1) | Wrong color(s): red (1),1,red (1)
2026-09-24 08:50:18,blue,CORRECT COLOR DETECTED: BLUE (2) | Wrong color(s): red (1),2,red (1)
2026-09-24 08:50:18,blue,CORRECT COLOR DETECTED: BLUE (2) | Wrong color(s): orange (1),2,orange (1)
2026-09-24 08:50:18,blue,CORRECT COLOR DETECTED: BLUE (1) | Wrong color(s): orange (1),1,orange (1)
2026-09-24 08:50:18,blue,CORRECT COLOR DETECTED: BLUE (2) | Wrong color(s): orange (1),2,orange (1)
2026-09-24 08:50:19,blue,CORRECT COLOR DETECTED: BLUE (1) | Wrong color(s): orange (1),1,orange (1)
2026-09-24 08:50:19,blue,CORRECT COLOR DETECTED: BLUE (2),2,
2026-09-24 08:50:19,blue,CORRECT COLOR DETECTED: BLUE (1) | Wrong color(s): orange (1),1,orange (1)
2026-09-24 08:50:19,blue,CORRECT COLOR DETECTED: BLUE (1),1,
2026-09-24 08:50:19,blue,CORRECT COLOR DETECTED: BLUE (2),2,
2026-09-24 08:50:19,blue,CORRECT COLOR DETECTED: BLUE (2) | Wrong color(s): orange (1),2,orange (1)
2026-09-24 08:50:19,blue,CORRECT COLOR DETECTED: BLUE (2),2,
2026-09-24 08:50:19,blue,CORRECT COLOR DETECTED: BLUE (1) | Wrong color(s): red (1),1,red (1)
2026-09-24 08:50:19,blue,CORRECT COLOR DETECTED: BLUE (2),2,
2026-09-24 08:50:19,blue,CORRECT COLOR DETECTED: BLUE (1),1,
2026-09-24 08:50:19,blue,CORRECT COLOR DETECTED: BLUE (2),2,
2026-09-24 08:50:20,blue,CORRECT COLOR DETECTED: BLUE (1),1,
2026-09-24 08:50:20,blue,CORRECT COLOR DETECTED: BLUE (2),2,
2026-09-24 08:50:20,blue,CORRECT COLOR DETECTED: BLUE (1),1,
2026-09-24 08:50:20,blue,CORRECT COLOR DETECTED: BLUE (2),2,
2026-09-24 08:50:20,blue,CORRECT COLOR DETECTED: BLUE (1),1,
2026-09-24 08:50:20,blue,CORRECT COLOR DETECTED: BLUE (2),2,
2026-09-24 08:50:20,blue,CORRECT COLOR DETECTED: BLUE (1),1,
2026-09-24 08:50:20,blue,CORRECT COLOR DETECTED: BLUE (1) | Wrong color(s): orange (1),1,orange (1)
2026-09-24 08:50:20,blue,CORRECT COLOR DETECTED: BLUE (1),1,
2026-09-24 08:50:20,blue,CORRECT COLOR DETECTED: BLUE (1),1,
2026-09-24 08:50:21,blue,CORRECT COLOR DETECTED: BLUE (1) | Wrong color(s): orange (1),1,orange (1)
2026-09-24 08:50:21,blue,CORRECT COLOR DETECTED: BLUE (2) | Wrong color(s): orange (1),2,orange (1)
2026-09-24 08:50:21,blue,CORRECT COLOR DETECTED: BLUE (1) | Wrong color(s): orange (1),1,orange (1)
2026-09-24 08:50:25,blue,WRONG COLOR DETECTED: red (2) | Waiting for BLUE,0,red (2)
2026-09-24 08:50:25,blue,"WRONG COLOR DETECTED: red (1), orange (2) | Waiting for BLUE",0,"red (1), orange (2)"
2026-09-24 08:50:26,blue,WRONG COLOR DETECTED: orange (2) | Waiting for BLUE,0,orange (2)
2026-09-24 08:50:26,blue,WRONG COLOR DETECTED: orange (2) | Waiting for BLUE,0,orange (2)
2026-09-24 08:50:26,blue,"CORRECT COLOR DETECTED: BLUE (1) | Wrong color(s): red (1), orange (2)",1,"red (1), orange (2)"
2026-09-24 08:50:26,blue,WRONG COLOR DETECTED: red (1) | Waiting for BLUE,0,red (1)
2026-09-24 08:50:26,blue,CORRECT COLOR DETECTED: BLUE (1),1,
2026-09-24 08:50:26,blue,WRONG COLOR DETECTED: red (1) | Waiting for BLUE,0,red (1)
2026-09-24 08:50:26,blue,WRONG COLOR DETECTED: orange (1) | Waiting for BLUE,0,orange (1)
2026-09-24 08:50:26,blue,CORRECT COLOR DETECTED: BLUE (1),1,
2026-09-24 08:50:27,blue,CORRECT COLOR DETECTED: BLUE (1),1,
2026-09-24 08:50:28,blue,WRONG COLOR DETECTED: orange (1) | Waiting for BLUE,0,orange (1)
2026-09-24 08:50:28,blue,CORRECT COLOR DETECTED: BLUE (1) | Wrong color(s): orange (1),1,orange (1)
2026-09-24 08:50:28,blue,WRONG COLOR DETECTED: orange (1) | Waiting for BLUE,0,orange (1)
2026-09-24 08:50:28,blue,CORRECT COLOR DETECTED: BLUE (2) | Wrong color(s): orange (1),2,orange (1)
2026-09-24 08:50:28,blue,CORRECT COLOR DETECTED: BLUE (3) | Wrong color(s): red (1),3,red (1)
2026-09-24 08:50:28,blue,"CORRECT COLOR DETECTED: BLUE (1) | Wrong color(s): red (2), orange (1)",1,"red (2), orange (1)"
2026-09-24 08:50:28,blue,CORRECT COLOR DETECTED: BLUE (2),2,
2026-09-24 08:50:28,blue,"WRONG COLOR DETECTED: red (1), orange (2) | Waiting for BLUE",0,"red (1), orange (2)"
2026-09-24 08:50:28,blue,CORRECT COLOR DETECTED: BLUE (1) | Wrong color(s): orange (1),1,orange (1)
2026-09-24 08:50:28,blue,WRONG COLOR DETECTED: orange (1) | Waiting for BLUE,0,orange (1)
2026-09-24 08:50:29,blue,CORRECT COLOR DETECTED: BLUE (1),1,
2026-09-24 08:50:29,blue,CORRECT COLOR DETECTED: BLUE (1) | Wrong color(s): purple (1),1,purple (1)
2026-09-24 08:50:29,blue,CORRECT COLOR DETECTED: BLUE (1),1,
2026-09-24 08:50:29,blue,CORRECT COLOR DETECTED: BLUE (2),2,
2026-09-24 08:50:30,blue,CORRECT COLOR DETECTED: BLUE (1),1,
2026-09-24 08:50:30,blue,CORRECT COLOR DETECTED: BLUE (1),1,
2026-09-24 08:50:30,blue,WRONG COLOR DETECTED: purple (1) | Waiting for BLUE,0,purple (1)
2026-09-24 08:50:30,blue,WRONG COLOR DETECTED: purple (1) | Waiting for BLUE,0,purple (1)
2026-09-24 08:50:30,blue,CORRECT COLOR DETECTED: BLUE (1),1,
2026-09-24 08:50:31,blue,CORRECT COLOR DETECTED: BLUE (2),2,
2026-09-24 08:50:31,blue,CORRECT COLOR DETECTED: BLUE (1),1,
2026-09-24 08:50:37,blue,WRONG COLOR DETECTED: red (1) | Waiting for BLUE,0,red (1)
2026-09-24 08:50:37,blue,WRONG COLOR DETECTED: orange (1) | Waiting for BLUE,0,orange (1)
2026-09-24 08:50:38,blue,WRONG COLOR DETECTED: orange (2) | Waiting for BLUE,0,orange (2)
2026-09-24 08:50:38,blue,WRONG COLOR DETECTED: orange (1) | Waiting for BLUE,0,orange (1)
2026-09-24 08:50:39,blue,"WRONG COLOR DETECTED: red (1), orange (1) | Waiting for BLUE",0,"red (1), orange (1)"
2026-09-24 08:50:39,blue,WRONG COLOR DETECTED: red (1) | Waiting for BLUE,0,red (1)
2026-09-24 08:50:39,blue,WRONG COLOR DETECTED: orange (1) | Waiting for BLUE,0,orange (1)
2026-09-24 08:50:39,blue,WRONG COLOR DETECTED: orange (1) | Waiting for BLUE,0,orange (1)
2026-09-24 08:50:39,blue,WRONG COLOR DETECTED: red (1) | Waiting for BLUE,0,red (1)
2026-09-24 08:50:40,blue,WRONG COLOR DETECTED: red (2) | Waiting for BLUE,0,red (2)
2026-09-24 08:50:40,blue,WRONG COLOR DETECTED: red (4) | Waiting for BLUE,0,red (4)
2026-09-24 08:50:40,blue,WRONG COLOR DETECTED: red (1) | Waiting for BLUE,0,red (1)
2026-09-24 08:50:40,blue,CORRECT COLOR DETECTED: BLUE (1) | Wrong color(s): red (2),1,red (2)
2026-09-24 08:50:40,blue,CORRECT COLOR DETECTED: BLUE (1) | Wrong color(s): red (1),1,red (1)
2026-09-24 08:50:40,blue,CORRECT COLOR DETECTED: BLUE (1) | Wrong color(s): purple (1),1,purple (1)
2026-09-24 08:50:40,blue,CORRECT COLOR DETECTED: BLUE (1) | Wrong color(s): orange (1),1,orange (1)
2026-09-24 08:50:40,blue,CORRECT COLOR DETECTED: BLUE (1) | Wrong color(s): purple (1),1,purple (1)
2026-09-24 08:50:49,blue,WRONG COLOR DETECTED: red (1) | Waiting for BLUE,0,red (1)
2026-09-24 08:50:52,blue,WRONG COLOR DETECTED: red (1) | Waiting for BLUE,0,red (1)
2026-09-24 08:50:53,blue,"WRONG COLOR DETECTED: red (1), orange (1) | Waiting for BLUE",0,"red (1), orange (1)"
2026-09-24 08:50:53,blue,WRONG COLOR DETECTED: red (2) | Waiting for BLUE,0,red (2)
2026-09-24 08:50:53,blue,WRONG COLOR DETECTED: red (1) | Waiting for BLUE,0,red (1)
2026-09-24 08:50:55,blue,WRONG COLOR DETECTED: red (1) | Waiting for BLUE,0,red (1)
2026-09-24 08:50:55,blue,WRONG COLOR DETECTED: orange (1) | Waiting for BLUE,0,orange (1)
2026-09-24 08:50:56,blue,WRONG COLOR DETECTED: red (1) | Waiting for BLUE,0,red (1)
2026-09-24 08:50:56,blue,CORRECT COLOR DETECTED: BLUE (1),1,
2026-09-24 08:50:57,blue,CORRECT COLOR DETECTED: BLUE (1) | Wrong color(s): orange (1),1,orange (1)
2026-09-24 08:50:57,blue,CORRECT COLOR DETECTED: BLUE (1),1,
2026-09-24 08:50:59,blue,CORRECT COLOR DETECTED: BLUE (1) | Wrong color(s): red (1),1,red (1)
2026-09-24 08:50:59,blue,CORRECT COLOR DETECTED: BLUE (1),1,
2026-09-24 08:50:59,blue,WRONG COLOR DETECTED: orange (1) | Waiting for BLUE,0,orange (1)
2026-09-24 08:51:00,blue,WRONG COLOR DETECTED: red (1) | Waiting for BLUE,0,red (1)
2026-09-24 08:51:00,blue,WRONG COLOR DETECTED: red (1) | Waiting for BLUE,0,red (1)
2026-09-24 08:51:01,blue,WRONG COLOR DETECTED: orange (1) | Waiting for BLUE,0,orange (1)
2026-09-24 08:51:01,blue,WRONG COLOR DETECTED: red (1) | Waiting for BLUE,0,red (1)
2026-09-24 08:51:02,blue,"WRONG COLOR DETECTED: red (1), orange (1) | Waiting for BLUE",0,"red (1), orange (1)"
2026-09-24 08:51:02,blue,WRONG COLOR DETECTED: red (2) | Waiting for BLUE,0,red (2)
2026-09-24 08:51:02,blue,WRONG COLOR DETECTED: red (1) | Waiting for BLUE,0,red (1)
2026-09-24 08:51:02,blue,WRONG COLOR DETECTED: red (2) | Waiting for BLUE,0,red (2)
2026-09-24 08:51:02,blue,"WRONG COLOR DETECTED: red (1), orange (1) | Waiting for BLUE",0,"red (1), orange (1)"
2026-09-24 08:51:02,blue,WRONG COLOR DETECTED: red (3) | Waiting for BLUE,0,red (3)
2026-09-24 08:51:02,blue,WRONG COLOR DETECTED: red (2) | Waiting for BLUE,0,red (2)
2026-09-24 08:51:02,blue,WRONG COLOR DETECTED: red (1) | Waiting for BLUE,0,red (1)
2026-09-24 08:51:02,blue,"WRONG COLOR DETECTED: red (1), orange (1) | Waiting for BLUE",0,"red (1), orange (1)"
2026-09-24 08:51:02,blue,WRONG COLOR DETECTED: red (1) | Waiting for BLUE,0,red (1)
2026-09-24 08:51:03,blue,WRONG COLOR DETECTED: red (1) | Waiting for BLUE,0,red (1)
2026-09-24 08:51:03,blue,WRONG COLOR DETECTED: orange (1) | Waiting for BLUE,0,orange (1)
2026-09-24 08:51:04,blue,CORRECT COLOR DETECTED: BLUE (1),1,
2026-09-24 08:51:05,blue,CORRECT COLOR DETECTED: BLUE (1),1,
2026-09-24 08:51:05,blue,CORRECT COLOR DETECTED: BLUE (1) | Wrong color(s): orange (1),1,orange (1)
2026-09-24 08:51:05,blue,CORRECT COLOR DETECTED: BLUE (1),1,
2026-09-24 08:51:06,blue,CORRECT COLOR DETECTED: BLUE (1) | Wrong color(s): red (1),1,red (1)
2026-09-24 08:51:06,blue,WRONG COLOR DETECTED: red (1) | Waiting for BLUE,0,red (1)
2026-09-24 08:51:07,blue,WRONG COLOR DETECTED: red (1) | Waiting for BLUE,0,red (1)
2026-09-24 08:51:07,blue,CORRECT COLOR DETECTED: BLUE (1),1,
2026-09-24 08:51:07,blue,CORRECT COLOR DETECTED: BLUE (1),1,
2026-09-24 08:51:09,blue,CORRECT COLOR DETECTED: BLUE (1),1,
2026-09-24 08:51:09,blue,WRONG COLOR DETECTED: red (1) | Waiting for BLUE,0,red (1)
2026-09-24 08:51:10,blue,CORRECT COLOR DETECTED: BLUE (1),1,
2026-09-24 08:51:10,blue,CORRECT COLOR DETECTED: BLUE (1) | Wrong color(s): orange (1),1,orange (1)
2026-09-24 08:51:10,blue,CORRECT COLOR DETECTED: BLUE (1),1,
2026-09-24 08:51:10,blue,CORRECT COLOR DETECTED: BLUE (1) | Wrong color(s): orange (1),1,orange (1)
2026-09-24 08:51:10,blue,CORRECT COLOR DETECTED: BLUE (1),1,
2026-09-24 08:51:10,blue,CORRECT COLOR DETECTED: BLUE (1) | Wrong color(s): orange (1),1,orange (1)
2026-09-24 08:51:11,blue,CORRECT COLOR DETECTED: BLUE (1),1,
2026-09-24 08:51:11,blue,CORRECT COLOR DETECTED: BLUE (1),1,
2026-09-24 08:51:11,blue,WRONG COLOR DETECTED: red (1) | Waiting for BLUE,0,red (1)
2026-09-24 08:51:11,blue,WRONG COLOR DETECTED: red (1) | Waiting for BLUE,0,red (1)
2026-09-24 08:51:12,blue,WRONG COLOR DETECTED: red (1) | Waiting for BLUE,0,red (1)
2026-09-24 08:51:13,blue,WRONG COLOR DETECTED: red (1) | Waiting for BLUE,0,red (1)
2026-09-24 08:51:14,blue,WRONG COLOR DETECTED: red (1) | Waiting for BLUE,0,red (1)
2026-09-24 08:51:15,blue,WRONG COLOR DETECTED: orange (1) | Waiting for BLUE,0,orange (1)
2026-09-24 08:51:25,blue,WRONG COLOR DETECTED: red (1) | Waiting for BLUE,0,red (1)
2026-09-24 08:51:26,blue,"WRONG COLOR DETECTED: red (1), orange (1) | Waiting for BLUE",0,"red (1), orange (1)"
2026-09-24 08:51:26,blue,WRONG COLOR DETECTED: red (1) | Waiting for BLUE,0,red (1)
2026-09-24 08:51:26,blue,"WRONG COLOR DETECTED: red (1), orange (1) | Waiting for BLUE",0,"red (1), orange (1)"
2026-09-24 08:51:26,blue,WRONG COLOR DETECTED: red (1) | Waiting for BLUE,0,red (1)
2026-09-24 08:51:26,blue,WRONG COLOR DETECTED: red (1) | Waiting for BLUE,0,red (1)
2026-09-24 08:51:29,blue,WRONG COLOR DETECTED: red (1) | Waiting for BLUE,0,red (1)
2026-09-24 08:51:29,blue,"WRONG COLOR DETECTED: red (1), orange (2) | Waiting for BLUE",0,"red (1), orange (2)"
2026-09-24 08:51:29,blue,WRONG COLOR DETECTED: orange (1) | Waiting for BLUE,0,orange (1)
2026-09-24 08:51:29,blue,WRONG COLOR DETECTED: red (2) | Waiting for BLUE,0,red (2)
2026-09-24 08:51:29,blue,WRONG COLOR DETECTED: red (4) | Waiting for BLUE,0,red (4)
2026-09-24 08:51:29,blue,WRONG COLOR DETECTED: orange (1) | Waiting for BLUE,0,orange (1)
2026-09-24 08:51:29,blue,"WRONG COLOR DETECTED: red (1), orange (1) | Waiting for BLUE",0,"red (1), orange (1)"
2026-09-24 08:51:30,blue,WRONG COLOR DETECTED: red (1) | Waiting for BLUE,0,red (1)
2026-09-24 08:51:32,blue,WRONG COLOR DETECTED: red (1) | Waiting for BLUE,0,red (1)
2026-09-24 08:51:32,blue,"WRONG COLOR DETECTED: red (1), orange (1) | Waiting for BLUE",0,"red (1), orange (1)"
2026-09-24 08:51:32,blue,WRONG COLOR DETECTED: red (1) | Waiting for BLUE,0,red (1)
2026-09-24 08:51:37,blue,CORRECT COLOR DETECTED: BLUE (1),1,
2026-09-24 08:51:37,blue,WRONG COLOR DETECTED: red (1) | Waiting for BLUE,0,red (1)
2026-09-24 08:51:39,blue,CORRECT COLOR DETECTED: BLUE (1),1,
2026-09-24 08:51:39,blue,WRONG COLOR DETECTED: orange (1) | Waiting for BLUE,0,orange (1)
2026-09-24 08:51:39,blue,CORRECT COLOR DETECTED: BLUE (1) | Wrong color(s): orange (1),1,orange (1)
2026-09-24 08:51:39,blue,CORRECT COLOR DETECTED: BLUE (1),1,
2026-09-24 08:51:41,blue,CORRECT COLOR DETECTED: BLUE (1),1,
2026-09-24 08:51:42,blue,WRONG COLOR DETECTED: red (1) | Waiting for BLUE,0,red (1)
2026-09-24 08:51:43,blue,CORRECT COLOR DETECTED: BLUE (1),1,
2026-09-24 08:51:43,blue,CORRECT COLOR DETECTED: BLUE (1) | Wrong color(s): orange (1),1,orange (1)
2026-09-24 08:51:43,blue,WRONG COLOR DETECTED: orange (1) | Waiting for BLUE,0,orange (1)
2026-09-24 08:51:43,blue,CORRECT COLOR DETECTED: BLUE (1) | Wrong color(s): orange (1),1,orange (1)
2026-09-24 08:51:44,blue,CORRECT COLOR DETECTED: BLUE (1),1,
2026-09-24 08:51:44,blue,CORRECT COLOR DETECTED: BLUE (1) | Wrong color(s): red (1),1,red (1)
2026-09-24 08:51:44,blue,CORRECT COLOR DETECTED: BLUE (1),1,
2026-09-24 08:51:44,blue,WRONG COLOR DETECTED: red (1) | Waiting for BLUE,0,red (1)
2026-09-24 08:52:05,blue,WRONG COLOR DETECTED: red (1) | Waiting for BLUE,0,red (1)
2026-09-24 08:52:05,blue,"WRONG COLOR DETECTED: red (1), orange (1) | Waiting for BLUE",0,"red (1), orange (1)"
2026-09-24 08:52:05,blue,WRONG COLOR DETECTED: red (1) | Waiting for BLUE,0,red (1)
2026-09-24 08:52:06,blue,"WRONG COLOR DETECTED: red (1), orange (1) | Waiting for BLUE",0,"red (1), orange (1)"
2026-09-24 08:52:06,blue,WRONG COLOR DETECTED: red (1) | Waiting for BLUE,0,red (1)
2026-09-24 08:52:14,blue,WRONG COLOR DETECTED: green (1) | Waiting for BLUE,0,green (1)
2026-09-24 08:52:14,blue,WRONG COLOR DETECTED: orange (1) | Waiting for BLUE,0,orange (1)
2026-09-24 08:52:14,blue,WRONG COLOR DETECTED: green (1) | Waiting for BLUE,0,green (1)
2026-09-24 08:52:14,blue,"WRONG COLOR DETECTED: red (1), green (1) | Waiting for BLUE",0,"red (1), green (1)"
2026-09-24 08:52:14,blue,WRONG COLOR DETECTED: orange (1) | Waiting for BLUE,0,orange (1)
2026-09-24 08:52:17,blue,"WRONG COLOR DETECTED: red (1), orange (1) | Waiting for BLUE",0,"red (1), orange (1)"
2026-09-24 08:52:18,blue,WRONG COLOR DETECTED: green (1) | Waiting for BLUE,0,green (1)
2026-09-24 08:52:19,green,CORRECT COLOR DETECTED: GREEN (1),1,
2026-09-24 08:52:21,green,CORRECT COLOR DETECTED: GREEN (1),1,
2026-09-24 08:52:22,green,WRONG COLOR DETECTED: orange (1) | Waiting for GREEN,0,orange (1)
2026-09-24 08:52:23,green,CORRECT COLOR DETECTED: GREEN (1),1,
2026-09-24 08:52:23,green,CORRECT COLOR DETECTED: GREEN (1),1,
2026-09-24 08:52:24,green,CORRECT COLOR DETECTED: GREEN (1),1,
2026-09-24 08:52:24,green,CORRECT COLOR DETECTED: GREEN (1),1,
2026-09-24 08:52:25,green,CORRECT COLOR DETECTED: GREEN (1),1,
2026-09-24 08:52:27,green,CORRECT COLOR DETECTED: GREEN (2),2,
2026-09-24 08:52:27,green,CORRECT COLOR DETECTED: GREEN (1),1,
2026-09-24 08:52:30,green,WRONG COLOR DETECTED: orange (1) | Waiting for GREEN,0,orange (1)
2026-09-24 08:52:30,green,CORRECT COLOR DETECTED: GREEN (1) | Wrong color(s): orange (1),1,orange (1)
2026-09-24 08:52:30,green,CORRECT COLOR DETECTED: GREEN (1),1,
2026-09-24 08:52:31,green,CORRECT COLOR DETECTED: GREEN (1) | Wrong color(s): orange (1),1,orange (1)
2026-09-24 08:52:31,green,CORRECT COLOR DETECTED: GREEN (1),1,
2026-09-24 08:52:31,green,WRONG COLOR DETECTED: orange (1) | Waiting for GREEN,0,orange (1)
2026-09-24 08:52:31,green,CORRECT COLOR DETECTED: GREEN (1),1,
2026-09-24 08:52:31,green,WRONG COLOR DETECTED: orange (1) | Waiting for GREEN,0,orange (1)
2026-09-24 08:52:31,green,WRONG COLOR DETECTED: red (1) | Waiting for GREEN,0,red (1)
2026-09-24 08:52:32,green,CORRECT COLOR DETECTED: GREEN (1),1,
2026-09-24 08:52:33,green,CORRECT COLOR DETECTED: GREEN (1),1,
2026-09-24 08:52:34,green,CORRECT COLOR DETECTED: GREEN (1),1,
2026-09-24 08:52:36,green,WRONG COLOR DETECTED: red (1) | Waiting for GREEN,0,red (1)
2026-09-24 08:52:36,green,WRONG COLOR DETECTED: orange (1) | Waiting for GREEN,0,orange (1)
2026-09-24 08:52:39,green,WRONG COLOR DETECTED: orange (1) | Waiting for GREEN,0,orange (1)
2026-09-24 08:52:40,green,WRONG COLOR DETECTED: blue (2) | Waiting for GREEN,0,blue (2)
2026-09-24 08:52:40,green,WRONG COLOR DETECTED: blue (1) | Waiting for GREEN,0,blue (1)
2026-09-24 08:52:40,green,WRONG COLOR DETECTED: blue (1) | Waiting for GREEN,0,blue (1)
2026-09-24 08:52:40,green,WRONG COLOR DETECTED: blue (1) | Waiting for GREEN,0,blue (1)
2026-09-24 08:52:41,green,"WRONG COLOR DETECTED: orange (1), blue (1) | Waiting for GREEN",0,"orange (1), blue (1)"
2026-09-24 08:52:41,green,WRONG COLOR DETECTED: blue (1) | Waiting for GREEN,0,blue (1)
2026-09-24 08:52:44,green,"WRONG COLOR DETECTED: orange (1), blue (1) | Waiting for GREEN",0,"orange (1), blue (1)"
2026-09-24 08:52:44,green,WRONG COLOR DETECTED: blue (1) | Waiting for GREEN,0,blue (1)
2026-09-24 08:52:44,green,"WRONG COLOR DETECTED: red (1), orange (1), blue (1) | Waiting for GREEN",0,"red (1), orange (1), blue (1)"
2026-09-24 08:52:44,green,"WRONG COLOR DETECTED: orange (2), blue (1) | Waiting for GREEN",0,"orange (2), blue (1)"
2026-09-24 08:52:44,green,WRONG COLOR DETECTED: blue (1) | Waiting for GREEN,0,blue (1)
2026-09-24 08:52:45,green,"WRONG COLOR DETECTED: orange (1), blue (1) | Waiting for GREEN",0,"orange (1), blue (1)"
2026-09-24 08:52:50,purple,WRONG COLOR DETECTED: red (1) | Waiting for PURPLE,0,red (1)
2026-09-24 08:52:50,blue,WRONG COLOR DETECTED: red (1) | Waiting for BLUE,0,red (1)
2026-09-24 08:52:51,green,WRONG COLOR DETECTED: red (1) | Waiting for GREEN,0,red (1)
2026-09-24 08:52:51,green,"WRONG COLOR DETECTED: red (1), orange (1) | Waiting for GREEN",0,"red (1), orange (1)"
2026-09-24 08:52:51,green,WRONG COLOR DETECTED: red (1) | Waiting for GREEN,0,red (1)
2026-09-24 08:52:51,green,WRONG COLOR DETECTED: red (1) | Waiting for GREEN,0,red (1)
2026-09-24 08:52:51,green,WRONG COLOR DETECTED: orange (1) | Waiting for GREEN,0,orange (1)
2026-09-24 08:52:53,orange,WRONG COLOR DETECTED: red (1) | Waiting for ORANGE,0,red (1)
2026-09-24 08:52:55,red,CORRECT COLOR DETECTED: RED (1) | Wrong color(s): green (1),1,green (1)
2026-09-24 08:52:55,red,"WRONG COLOR DETECTED: orange (1), green (1) | Waiting for RED",0,"orange (1), green (1)"
2026-09-24 08:52:55,red,WRONG COLOR DETECTED: green (1) | Waiting for RED,0,green (1)
2026-09-24 08:52:55,red,"WRONG COLOR DETECTED: orange (1), green (1) | Waiting for RED",0,"orange (1), green (1)"
2026-09-24 08:52:56,red,WRONG COLOR DETECTED: green (1) | Waiting for RED,0,green (1)
2026-09-24 08:52:56,red,"WRONG COLOR DETECTED: orange (1), green (1) | Waiting for RED",0,"orange (1), green (1)"
2026-09-24 08:52:56,red,WRONG COLOR DETECTED: green (1) | Waiting for RED,0,green (1)
2026-09-24 08:52:56,red,"WRONG COLOR DETECTED: orange (1), green (1) | Waiting for RED",0,"orange (1), green (1)"
2026-09-24 08:52:56,red,WRONG COLOR DETECTED: green (1) | Waiting for RED,0,green (1)
2026-09-24 08:52:57,red,"WRONG COLOR DETECTED: orange (1), green (1) | Waiting for RED",0,"orange (1), green (1)"
2026-09-24 08:52:57,red,WRONG COLOR DETECTED: green (1) | Waiting for RED,0,green (1)
2026-09-24 08:52:58,red,WRONG COLOR DETECTED: green (1) | Waiting for RED,0,green (1)
2026-09-24 08:52:58,red,"WRONG COLOR DETECTED: orange (1), green (1) | Waiting for RED",0,"orange (1), green (1)"
2026-09-24 08:52:58,red,WRONG COLOR DETECTED: orange (1) | Waiting for RED,0,orange (1)
2026-09-24 08:52:59,red,WRONG COLOR DETECTED: orange (1) | Waiting for RED,0,orange (1)
2026-09-24 08:52:59,red,WRONG COLOR DETECTED: orange (1) | Waiting for RED,0,orange (1)
2026-09-24 08:53:00,red,CORRECT COLOR DETECTED: RED (1),1,
2026-09-24 08:53:00,red,WRONG COLOR DETECTED: orange (1) | Waiting for RED,0,orange (1)
2026-09-24 08:53:00,red,WRONG COLOR DETECTED: orange (1) | Waiting for RED,0,orange (1)
2026-09-24 08:53:01,red,"WRONG COLOR DETECTED: orange (1), green (1) | Waiting for RED",0,"orange (1), green (1)"
2026-09-24 08:53:01,red,CORRECT COLOR DETECTED: RED (1) | Wrong color(s): green (1),1,green (1)
2026-09-24 08:53:01,red,WRONG COLOR DETECTED: green (1) | Waiting for RED,0,green (1)
2026-09-24 08:53:03,red,"WRONG COLOR DETECTED: orange (1), green (1) | Waiting for RED",0,"orange (1), green (1)"
2026-09-24 08:53:03,red,WRONG COLOR DETECTED: green (1) | Waiting for RED,0,green (1)
2026-09-24 08:53:03,red,CORRECT COLOR DETECTED: RED (1) | Wrong color(s): green (1),1,green (1)
2026-09-24 08:53:03,red,WRONG COLOR DETECTED: green (1) | Waiting for RED,0,green (1)
2026-09-24 08:53:03,red,"WRONG COLOR DETECTED: orange (1), green (1) | Waiting for RED",0,"orange (1), green (1)"
2026-09-24 08:53:03,red,WRONG COLOR DETECTED: orange (1) | Waiting for RED,0,orange (1)
2026-09-24 08:53:04,red,"WRONG COLOR DETECTED: orange (1), green (1) | Waiting for RED",0,"orange (1), green (1)"
2026-09-24 08:53:04,red,WRONG COLOR DETECTED: orange (1) | Waiting for RED,0,orange (1)
2026-09-24 08:53:04,red,CORRECT COLOR DETECTED: RED (1),1,
2026-09-24 08:53:04,red,WRONG COLOR DETECTED: green (1) | Waiting for RED,0,green (1)
2026-09-24 08:53:04,red,WRONG COLOR DETECTED: orange (1) | Waiting for RED,0,orange (1)
2026-09-24 08:53:04,red,"WRONG COLOR DETECTED: orange (1), green (1) | Waiting for RED",0,"orange (1), green (1)"
2026-09-24 08:53:05,red,CORRECT COLOR DETECTED: RED (1),1,
2026-09-24 08:53:05,red,CORRECT COLOR DETECTED: RED (1) | Wrong color(s): orange (1),1,orange (1)
2026-09-24 08:53:06,red,CORRECT COLOR DETECTED: RED (1),1,
2026-09-24 08:53:06,red,CORRECT COLOR DETECTED: RED (1) | Wrong color(s): orange (1),1,orange (1)
2026-09-24 08:53:06,red,CORRECT COLOR DETECTED: RED (1) | Wrong color(s): orange (2),1,orange (2)
2026-09-24 08:53:06,red,CORRECT COLOR DETECTED: RED (1),1,
2026-09-24 08:53:06,red,CORRECT COLOR DETECTED: RED (1) | Wrong color(s): orange (2),1,orange (2)
2026-09-24 08:53:06,red,CORRECT COLOR DETECTED: RED (2),2,
2026-09-24 08:53:06,red,CORRECT COLOR DETECTED: RED (1),1,
2026-09-24 08:53:07,red,CORRECT COLOR DETECTED: RED (1) | Wrong color(s): orange (1),1,orange (1)
2026-09-24 08:53:07,red,CORRECT COLOR DETECTED: RED (1) | Wrong color(s): orange (2),1,orange (2)
2026-09-24 08:53:07,red,CORRECT COLOR DETECTED: RED (1) | Wrong color(s): orange (1),1,orange (1)
2026-09-24 08:53:07,red,CORRECT COLOR DETECTED: RED (1),1,
2026-09-24 08:53:08,red,WRONG COLOR DETECTED: orange (1) | Waiting for RED,0,orange (1)
2026-09-24 08:53:08,red,WRONG COLOR DETECTED: orange (1) | Waiting for RED,0,orange (1)
2026-09-24 08:53:08,red,WRONG COLOR DETECTED: green (1) | Waiting for RED,0,green (1)
2026-09-24 08:53:08,red,CORRECT COLOR DETECTED: RED (1) | Wrong color(s): green (1),1,green (1)
2026-09-24 08:53:08,red,WRONG COLOR DETECTED: green (1) | Waiting for RED,0,green (1)
2026-09-24 08:53:09,red,CORRECT COLOR DETECTED: RED (1),1,
2026-09-24 08:53:09,red,WRONG COLOR DETECTED: orange (1) | Waiting for RED,0,orange (1)
2026-09-24 08:53:09,red,WRONG COLOR DETECTED: green (1) | Waiting for RED,0,green (1)
2026-09-24 08:53:09,red,"WRONG COLOR DETECTED: orange (1), green (1) | Waiting for RED",0,"orange (1), green (1)"
2026-09-24 08:53:09,red,WRONG COLOR DETECTED: orange (1) | Waiting for RED,0,orange (1)
2026-09-24 08:53:10,red,"WRONG COLOR DETECTED: orange (1), green (1) | Waiting for RED",0,"orange (1), green (1)"
2026-09-24 08:53:10,red,WRONG COLOR DETECTED: green (1) | Waiting for RED,0,green (1)
2026-09-24 08:53:11,red,CORRECT COLOR DETECTED: RED (1) | Wrong color(s): green (1),1,green (1)
2026-09-24 08:53:11,red,WRONG COLOR DETECTED: green (1) | Waiting for RED,0,green (1)
2026-09-24 08:53:11,red,CORRECT COLOR DETECTED: RED (1) | Wrong color(s): green (1),1,green (1)
2026-09-24 08:53:11,red,"CORRECT COLOR DETECTED: RED (1) | Wrong color(s): orange (1), green (1)",1,"orange (1), green (1)"
2026-09-24 08:53:11,red,WRONG COLOR DETECTED: green (1) | Waiting for RED,0,green (1)
2026-09-24 08:53:11,red,"WRONG COLOR DETECTED: orange (1), green (1) | Waiting for RED",0,"orange (1), green (1)"
2026-09-24 08:53:11,red,WRONG COLOR DETECTED: green (1) | Waiting for RED,0,green (1)
2026-09-24 08:53:13,red,"WRONG COLOR DETECTED: orange (1), green (1) | Waiting for RED",0,"orange (1), green (1)"
2026-09-24 08:53:13,red,WRONG COLOR DETECTED: green (1) | Waiting for RED,0,green (1)
2026-09-24 08:53:13,red,WRONG COLOR DETECTED: green (1) | Waiting for RED,0,green (1)
2026-09-24 08:53:13,red,"CORRECT COLOR DETECTED: RED (1) | Wrong color(s): orange (1), green (1)",1,"orange (1), green (1)"
2026-09-24 08:53:14,red,CORRECT COLOR DETECTED: RED (1),1,
2026-09-24 08:53:15,red,CORRECT COLOR DETECTED: RED (2),2,
2026-09-24 08:53:15,red,CORRECT COLOR DETECTED: RED (1),1,
2026-09-24 08:53:15,red,CORRECT COLOR DETECTED: RED (1) | Wrong color(s): orange (1),1,orange (1)
2026-09-24 08:53:15,red,CORRECT COLOR DETECTED: RED (1),1,
2026-09-24 08:53:15,red,CORRECT COLOR DETECTED: RED (1),1,
2026-09-24 08:53:16,red,CORRECT COLOR DETECTED: RED (2),2,
2026-09-24 08:53:16,red,CORRECT COLOR DETECTED: RED (2),2,
2026-09-24 08:53:18,red,CORRECT COLOR DETECTED: RED (1),1,
2026-09-24 08:53:19,red,CORRECT COLOR DETECTED: RED (1),1,
2026-09-24 08:53:46,green,CORRECT COLOR DETECTED: GREEN (1) | Wrong color(s): red (1),1,red (1)
2026-09-24 08:53:46,green,CORRECT COLOR DETECTED: GREEN (1),1,
2026-09-24 08:53:46,green,CORRECT COLOR DETECTED: GREEN (1) | Wrong color(s): red (1),1,red (1)
2026-09-24 08:53:46,green,CORRECT COLOR DETECTED: GREEN (1) | Wrong color(s): orange (1),1,orange (1)
2026-09-24 08:53:47,green,CORRECT COLOR DETECTED: GREEN (1),1,
2026-09-24 08:53:47,green,CORRECT COLOR DETECTED: GREEN (1) | Wrong color(s): red (1),1,red (1)
2026-09-24 08:53:47,green,CORRECT COLOR DETECTED: GREEN (1),1,
2026-09-24 08:53:47,green,CORRECT COLOR DETECTED: GREEN (2),2,
2026-09-24 08:53:49,green,CORRECT COLOR DETECTED: GREEN (2) | Wrong color(s): red (1),2,red (1)
2026-09-24 08:53:49,green,CORRECT COLOR DETECTED: GREEN (2),2,
2026-09-24 08:53:49,green,CORRECT COLOR DETECTED: GREEN (2) | Wrong color(s): red (1),2,red (1)
2026-09-24 08:53:49,green,CORRECT COLOR DETECTED: GREEN (2),2,
2026-09-24 08:53:49,green,CORRECT COLOR DETECTED: GREEN (2) | Wrong color(s): red (1),2,red (1)
2026-09-24 08:53:50,green,CORRECT COLOR DETECTED: GREEN (2),2,
2026-09-24 08:53:50,green,CORRECT COLOR DETECTED: GREEN (2) | Wrong color(s): red (1),2,red (1)
2026-09-24 08:53:50,green,CORRECT COLOR DETECTED: GREEN (1) | Wrong color(s): red (1),1,red (1)
2026-09-24 08:53:50,green,CORRECT COLOR DETECTED: GREEN (1),1,
2026-09-24 08:53:50,green,CORRECT COLOR DETECTED: GREEN (2),2,
2026-09-24 08:53:50,green,CORRECT COLOR DETECTED: GREEN (1) | Wrong color(s): orange (1),1,orange (1)
2026-09-24 08:53:50,green,WRONG COLOR DETECTED: orange (1) | Waiting for GREEN,0,orange (1)
2026-09-24 08:53:50,green,"WRONG COLOR DETECTED: red (1), orange (2) | Waiting for GREEN",0,"red (1), orange (2)"
2026-09-24 08:53:50,green,WRONG COLOR DETECTED: orange (1) | Waiting for GREEN,0,orange (1)
2026-09-24 08:53:51,green,"WRONG COLOR DETECTED: red (1), orange (1) | Waiting for GREEN",0,"red (1), orange (1)"
2026-09-24 08:53:51,green,"WRONG COLOR DETECTED: red (2), orange (2) | Waiting for GREEN",0,"red (2), orange (2)"
2026-09-24 08:53:51,green,"WRONG COLOR DETECTED: red (1), orange (2) | Waiting for GREEN",0,"red (1), orange (2)"
2026-09-24 08:53:51,green,"WRONG COLOR DETECTED: red (1), orange (1) | Waiting for GREEN",0,"red (1), orange (1)"
2026-09-24 08:53:51,green,"CORRECT COLOR DETECTED: GREEN (2) | Wrong color(s): red (1), orange (1)",2,"red (1), orange (1)"
2026-09-24 08:53:51,green,CORRECT COLOR DETECTED: GREEN (2) | Wrong color(s): orange (1),2,orange (1)
2026-09-24 08:53:51,green,"CORRECT COLOR DETECTED: GREEN (1) | Wrong color(s): red (1), orange (1)",1,"red (1), orange (1)"
2026-09-24 08:53:51,green,CORRECT COLOR DETECTED: GREEN (1) | Wrong color(s): orange (2),1,orange (2)
2026-09-24 08:53:51,green,CORRECT COLOR DETECTED: GREEN (2) | Wrong color(s): orange (2),2,orange (2)
2026-09-24 08:53:52,green,CORRECT COLOR DETECTED: GREEN (1) | Wrong color(s): orange (1),1,orange (1)
2026-09-24 08:53:52,green,WRONG COLOR DETECTED: orange (1) | Waiting for GREEN,0,orange (1)
2026-09-24 08:53:52,green,CORRECT COLOR DETECTED: GREEN (1) | Wrong color(s): orange (2),1,orange (2)
2026-09-24 08:53:52,green,CORRECT COLOR DETECTED: GREEN (1) | Wrong color(s): orange (1),1,orange (1)
2026-09-24 08:53:53,green,"CORRECT COLOR DETECTED: GREEN (2) | Wrong color(s): red (1), orange (1)",2,"red (1), orange (1)"
2026-09-24 08:53:53,green,CORRECT COLOR DETECTED: GREEN (2) | Wrong color(s): orange (1),2,orange (1)
2026-09-24 08:53:53,green,CORRECT COLOR DETECTED: GREEN (1) | Wrong color(s): orange (1),1,orange (1)
2026-09-24 08:53:53,green,WRONG COLOR DETECTED: orange (1) | Waiting for GREEN,0,orange (1)
2026-09-24 08:53:53,green,"WRONG COLOR DETECTED: red (1), orange (2) | Waiting for GREEN",0,"red (1), orange (2)"
2026-09-24 08:53:53,green,"WRONG COLOR DETECTED: red (1), orange (1) | Waiting for GREEN",0,"red (1), orange (1)"
2026-09-24 08:53:53,green,WRONG COLOR DETECTED: orange (1) | Waiting for GREEN,0,orange (1)
2026-09-24 08:53:53,green,"WRONG COLOR DETECTED: red (1), orange (1) | Waiting for GREEN",0,"red (1), orange (1)"
2026-09-24 08:53:53,green,WRONG COLOR DETECTED: orange (1) | Waiting for GREEN,0,orange (1)
2026-09-24 08:53:54,green,"WRONG COLOR DETECTED: red (1), orange (1) | Waiting for GREEN",0,"red (1), orange (1)"
2026-09-24 08:53:54,green,"CORRECT COLOR DETECTED: GREEN (2) | Wrong color(s): red (1), orange (1)",2,"red (1), orange (1)"
2026-09-24 08:53:54,green,CORRECT COLOR DETECTED: GREEN (1) | Wrong color(s): red (1),1,red (1)
2026-09-24 08:53:54,green,CORRECT COLOR DETECTED: GREEN (1),1,
2026-09-24 08:53:54,green,CORRECT COLOR DETECTED: GREEN (1) | Wrong color(s): orange (1),1,orange (1)
2026-09-24 08:53:54,green,"CORRECT COLOR DETECTED: GREEN (1) | Wrong color(s): red (1), orange (1)",1,"red (1), orange (1)"
2026-09-24 08:53:54,green,"CORRECT COLOR DETECTED: GREEN (2) | Wrong color(s): red (1), orange (1)",2,"red (1), orange (1)"
2026-09-24 08:53:54,green,"CORRECT COLOR DETECTED: GREEN (2) | Wrong color(s): red (1), orange (2)",2,"red (1), orange (2)"
2026-09-24 08:53:54,green,"WRONG COLOR DETECTED: red (1), orange (2) | Waiting for GREEN",0,"red (1), orange (2)"
2026-09-24 08:53:54,green,WRONG COLOR DETECTED: red (1) | Waiting for GREEN,0,red (1)
2026-09-24 08:53:55,green,WRONG COLOR DETECTED: red (2) | Waiting for GREEN,0,red (2)
2026-09-24 08:53:55,green,CORRECT COLOR DETECTED: GREEN (1) | Wrong color(s): red (2),1,red (2)
2026-09-24 08:53:55,green,CORRECT COLOR DETECTED: GREEN (1) | Wrong color(s): red (1),1,red (1)
2026-09-24 08:53:56,green,CORRECT COLOR DETECTED: GREEN (1) | Wrong color(s): red (3),1,red (3)
2026-09-24 08:53:56,green,CORRECT COLOR DETECTED: GREEN (1) | Wrong color(s): red (2),1,red (2)
2026-09-24 08:53:56,green,CORRECT COLOR DETECTED: GREEN (1) | Wrong color(s): red (1),1,red (1)
2026-09-24 08:53:56,green,CORRECT COLOR DETECTED: GREEN (1) | Wrong color(s): red (2),1,red (2)
2026-09-24 08:53:56,green,CORRECT COLOR DETECTED: GREEN (1) | Wrong color(s): red (1),1,red (1)
2026-09-24 08:53:56,green,CORRECT COLOR DETECTED: GREEN (1) | Wrong color(s): red (3),1,red (3)
2026-09-24 08:53:56,green,CORRECT COLOR DETECTED: GREEN (1) | Wrong color(s): red (1),1,red (1)
2026-09-24 08:53:56,green,"WRONG COLOR DETECTED: red (2), orange (1) | Waiting for GREEN",0,"red (2), orange (1)"
2026-09-24 08:53:56,green,WRONG COLOR DETECTED: red (1) | Waiting for GREEN,0,red (1)
2026-09-24 08:53:56,green,CORRECT COLOR DETECTED: GREEN (1) | Wrong color(s): red (1),1,red (1)
2026-09-24 08:53:56,green,"CORRECT COLOR DETECTED: GREEN (1) | Wrong color(s): red (1), orange (1)",1,"red (1), orange (1)"
2026-09-24 08:53:56,green,CORRECT COLOR DETECTED: GREEN (1) | Wrong color(s): red (1),1,red (1)
2026-09-24 08:53:57,green,WRONG COLOR DETECTED: red (1) | Waiting for GREEN,0,red (1)
2026-09-24 08:53:57,green,CORRECT COLOR DETECTED: GREEN (1) | Wrong color(s): red (1),1,red (1)
2026-09-24 08:53:57,green,CORRECT COLOR DETECTED: GREEN (2) | Wrong color(s): red (1),2,red (1)
2026-09-24 08:53:57,green,CORRECT COLOR DETECTED: GREEN (1) | Wrong color(s): red (1),1,red (1)
2026-09-24 08:53:57,green,"CORRECT COLOR DETECTED: GREEN (1) | Wrong color(s): red (1), orange (1)",1,"red (1), orange (1)"
2026-09-24 08:53:58,green,CORRECT COLOR DETECTED: GREEN (1) | Wrong color(s): red (1),1,red (1)
2026-09-24 08:53:58,green,"CORRECT COLOR DETECTED: GREEN (1) | Wrong color(s): red (1), orange (1)",1,"red (1), orange (1)"
2026-09-24 08:53:58,green,"CORRECT COLOR DETECTED: GREEN (2) | Wrong color(s): red (1), orange (1)",2,"red (1), orange (1)"
2026-09-24 08:53:58,green,"WRONG COLOR DETECTED: red (1), orange (1) | Waiting for GREEN",0,"red (1), orange (1)"
2026-09-24 08:53:58,green,WRONG COLOR DETECTED: red (1) | Waiting for GREEN,0,red (1)
2026-09-24 08:53:58,green,CORRECT COLOR DETECTED: GREEN (2) | Wrong color(s): red (1),2,red (1)
2026-09-24 08:53:58,green,WRONG COLOR DETECTED: red (1) | Waiting for GREEN,0,red (1)
2026-09-24 08:53:58,green,CORRECT COLOR DETECTED: GREEN (1) | Wrong color(s): red (1),1,red (1)
2026-09-24 08:53:58,green,"CORRECT COLOR DETECTED: GREEN (1) | Wrong color(s): red (1), orange (1)",1,"red (1), orange (1)"
2026-09-24 08:53:58,green,CORRECT COLOR DETECTED: GREEN (1) | Wrong color(s): red (1),1,red (1)
2026-09-24 08:53:59,green,CORRECT COLOR DETECTED: GREEN (1) | Wrong color(s): red (2),1,red (2)
2026-09-24 08:53:59,green,CORRECT COLOR DETECTED: GREEN (1) | Wrong color(s): red (1),1,red (1)
2026-09-24 08:53:59,green,CORRECT COLOR DETECTED: GREEN (1) | Wrong color(s): red (2),1,red (2)
2026-09-24 08:53:59,green,CORRECT COLOR DETECTED: GREEN (1) | Wrong color(s): red (1),1,red (1)
2026-09-24 08:53:59,green,WRONG COLOR DETECTED: red (1) | Waiting for GREEN,0,red (1)
2026-09-24 08:53:59,green,CORRECT COLOR DETECTED: GREEN (1) | Wrong color(s): red (1),1,red (1)
2026-09-24 08:54:00,green,CORRECT COLOR DETECTED: GREEN (1) | Wrong color(s): red (2),1,red (2)
2026-09-24 08:54:00,green,CORRECT COLOR DETECTED: GREEN (1) | Wrong color(s): red (1),1,red (1)
2026-09-24 08:54:00,green,WRONG COLOR DETECTED: red (1) | Waiting for GREEN,0,red (1)
2026-09-24 08:54:00,green,"WRONG COLOR DETECTED: red (1), orange (1) | Waiting for GREEN",0,"red (1), orange (1)"
2026-09-24 08:54:00,green,WRONG COLOR DETECTED: red (1) | Waiting for GREEN,0,red (1)
2026-09-24 08:54:01,green,WRONG COLOR DETECTED: red (2) | Waiting for GREEN,0,red (2)
2026-09-24 08:54:01,green,"WRONG COLOR DETECTED: red (2), orange (1) | Waiting for GREEN",0,"red (2), orange (1)"
2026-09-24 08:54:01,green,"WRONG COLOR DETECTED: red (1), orange (1) | Waiting for GREEN",0,"red (1), orange (1)"
2026-09-24 08:54:01,green,"WRONG COLOR DETECTED: red (1), orange (2) | Waiting for GREEN",0,"red (1), orange (2)"
2026-09-24 08:54:01,green,WRONG COLOR DETECTED: red (1) | Waiting for GREEN,0,red (1)
2026-09-24 08:54:01,green,WRONG COLOR DETECTED: red (2) | Waiting for GREEN,0,red (2)
2026-09-24 08:54:01,green,CORRECT COLOR DETECTED: GREEN (1),1,
2026-09-24 08:54:19,green,WRONG COLOR DETECTED: blue (1) | Waiting for GREEN,0,blue (1)
2026-09-24 08:54:25,green,"WRONG COLOR DETECTED: orange (1), blue (1) | Waiting for GREEN",0,"orange (1), blue (1)"
2026-09-24 08:54:25,green,WRONG COLOR DETECTED: blue (1) | Waiting for GREEN,0,blue (1)
2026-09-24 08:54:25,green,WRONG COLOR DETECTED: blue (2) | Waiting for GREEN,0,blue (2)
2026-09-24 08:54:25,green,"WRONG COLOR DETECTED: orange (1), blue (1) | Waiting for GREEN",0,"orange (1), blue (1)"
2026-09-24 08:54:25,green,WRONG COLOR DETECTED: orange (1) | Waiting for GREEN,0,orange (1)
2026-09-24 08:54:25,green,WRONG COLOR DETECTED: blue (1) | Waiting for GREEN,0,blue (1)
2026-09-24 08:54:25,green,WRONG COLOR DETECTED: red (1) | Waiting for GREEN,0,red (1)
2026-09-24 08:54:26,green,WRONG COLOR DETECTED: orange (1) | Waiting for GREEN,0,orange (1)
2026-09-24 08:54:26,green,WRONG COLOR DETECTED: blue (1) | Waiting for GREEN,0,blue (1)
2026-09-24 08:54:26,green,"WRONG COLOR DETECTED: orange (1), blue (1) | Waiting for GREEN",0,"orange (1), blue (1)"
2026-09-24 08:54:26,green,"WRONG COLOR DETECTED: orange (1), blue (1) | Waiting for GREEN",0,"orange (1), blue (1)"
2026-09-24 08:54:26,green,"WRONG COLOR DETECTED: red (1), orange (1), blue (1) | Waiting for GREEN",0,"red (1), orange (1), blue (1)"
2026-09-24 08:54:26,green,WRONG COLOR DETECTED: blue (1) | Waiting for GREEN,0,blue (1)
2026-09-24 08:54:27,green,"WRONG COLOR DETECTED: orange (1), blue (1) | Waiting for GREEN",0,"orange (1), blue (1)"
2026-09-24 08:54:27,green,WRONG COLOR DETECTED: orange (1) | Waiting for GREEN,0,orange (1)
2026-09-24 08:54:27,green,"WRONG COLOR DETECTED: orange (1), blue (1) | Waiting for GREEN",0,"orange (1), blue (1)"
2026-09-24 08:54:27,green,WRONG COLOR DETECTED: blue (1) | Waiting for GREEN,0,blue (1)
2026-09-24 08:54:27,green,"WRONG COLOR DETECTED: red (1), blue (1) | Waiting for GREEN",0,"red (1), blue (1)"
2026-09-24 08:54:27,green,"WRONG COLOR DETECTED: red (1), orange (2), blue (1) | Waiting for GREEN",0,"red (1), orange (2), blue (1)"
2026-09-24 08:54:27,green,"WRONG COLOR DETECTED: red (1), orange (1), blue (1) | Waiting for GREEN",0,"red (1), orange (1), blue (1)"
2026-09-24 08:54:27,green,WRONG COLOR DETECTED: blue (1) | Waiting for GREEN,0,blue (1)
2026-09-24 08:54:27,green,"WRONG COLOR DETECTED: orange (1), blue (1) | Waiting for GREEN",0,"orange (1), blue (1)"
2026-09-24 08:54:27,green,WRONG COLOR DETECTED: blue (1) | Waiting for GREEN,0,blue (1)
2026-09-24 08:54:27,green,"WRONG COLOR DETECTED: orange (1), blue (1) | Waiting for GREEN",0,"orange (1), blue (1)"
2026-09-24 08:54:27,green,WRONG COLOR DETECTED: blue (1) | Waiting for GREEN,0,blue (1)
2026-09-24 08:54:28,green,"WRONG COLOR DETECTED: red (1), blue (1) | Waiting for GREEN",0,"red (1), blue (1)"
2026-09-24 08:54:28,green,WRONG COLOR DETECTED: blue (1) | Waiting for GREEN,0,blue (1)
2026-09-24 08:54:28,green,"WRONG COLOR DETECTED: orange (1), blue (1) | Waiting for GREEN",0,"orange (1), blue (1)"
2026-09-24 08:54:28,green,WRONG COLOR DETECTED: blue (1) | Waiting for GREEN,0,blue (1)
2026-09-24 08:54:28,green,"WRONG COLOR DETECTED: orange (2), blue (1) | Waiting for GREEN",0,"orange (2), blue (1)"
2026-09-24 08:54:28,green,"WRONG COLOR DETECTED: orange (1), blue (1) | Waiting for GREEN",0,"orange (1), blue (1)"
2026-09-24 08:54:28,green,WRONG COLOR DETECTED: blue (1) | Waiting for GREEN,0,blue (1)
2026-09-24 08:54:29,green,"WRONG COLOR DETECTED: orange (1), blue (1) | Waiting for GREEN",0,"orange (1), blue (1)"
2026-09-24 08:54:29,green,"WRONG COLOR DETECTED: orange (2), blue (1) | Waiting for GREEN",0,"orange (2), blue (1)"
2026-09-24 08:54:29,green,"WRONG COLOR DETECTED: orange (1), blue (1) | Waiting for GREEN",0,"orange (1), blue (1)"
2026-09-24 08:54:29,green,WRONG COLOR DETECTED: blue (1) | Waiting for GREEN,0,blue (1)
2026-09-24 08:54:29,green,WRONG COLOR DETECTED: blue (1) | Waiting for GREEN,0,blue (1)
2026-09-24 08:54:29,green,"WRONG COLOR DETECTED: orange (1), blue (1) | Waiting for GREEN",0,"orange (1), blue (1)"
2026-09-24 08:54:29,green,"WRONG COLOR DETECTED: orange (2), blue (1) | Waiting for GREEN",0,"orange (2), blue (1)"
2026-09-24 08:54:29,green,"WRONG COLOR DETECTED: red (1), blue (1) | Waiting for GREEN",0,"red (1), blue (1)"
2026-09-24 08:54:29,green,WRONG COLOR DETECTED: blue (1) | Waiting for GREEN,0,blue (1)
2026-09-24 08:54:30,green,"WRONG COLOR DETECTED: orange (1), blue (1) | Waiting for GREEN",0,"orange (1), blue (1)"
2026-09-24 08:54:30,green,"WRONG COLOR DETECTED: red (1), blue (1) | Waiting for GREEN",0,"red (1), blue (1)"
2026-09-24 08:54:30,green,WRONG COLOR DETECTED: blue (1) | Waiting for GREEN,0,blue (1)
2026-09-24 08:54:30,green,"WRONG COLOR DETECTED: red (2), blue (1) | Waiting for GREEN",0,"red (2), blue (1)"
2026-09-24 08:54:30,green,"WRONG COLOR DETECTED: orange (1), blue (1) | Waiting for GREEN",0,"orange (1), blue (1)"
2026-09-24 08:54:30,green,WRONG COLOR DETECTED: blue (1) | Waiting for GREEN,0,blue (1)
2026-09-24 08:54:30,green,"WRONG COLOR DETECTED: red (1), blue (1) | Waiting for GREEN",0,"red (1), blue (1)"
2026-09-24 08:54:30,green,"WRONG COLOR DETECTED: red (2), blue (1) | Waiting for GREEN",0,"red (2), blue (1)"
2026-09-24 08:54:30,green,"WRONG COLOR DETECTED: orange (1), blue (1) | Waiting for GREEN",0,"orange (1), blue (1)"
2026-09-24 08:54:30,green,WRONG COLOR DETECTED: blue (1) | Waiting for GREEN,0,blue (1)
2026-09-24 08:54:30,green,"WRONG COLOR DETECTED: orange (1), blue (1) | Waiting for GREEN",0,"orange (1), blue (1)"
2026-09-24 08:54:31,green,WRONG COLOR DETECTED: blue (1) | Waiting for GREEN,0,blue (1)
2026-09-24 08:54:31,green,"WRONG COLOR DETECTED: orange (1), blue (1) | Waiting for GREEN",0,"orange (1), blue (1)"
2026-09-24 08:54:31,green,"WRONG COLOR DETECTED: red (1), blue (1) | Waiting for GREEN",0,"red (1), blue (1)"
2026-09-24 08:54:31,green,WRONG COLOR DETECTED: blue (1) | Waiting for GREEN,0,blue (1)
2026-09-24 08:54:31,green,"WRONG COLOR DETECTED: red (2), blue (1) | Waiting for GREEN",0,"red (2), blue (1)"
2026-09-24 08:54:31,green,WRONG COLOR DETECTED: blue (1) | Waiting for GREEN,0,blue (1)
2026-09-24 08:54:31,green,"WRONG COLOR DETECTED: orange (1), blue (1) | Waiting for GREEN",0,"orange (1), blue (1)"
2026-09-24 08:54:31,green,WRONG COLOR DETECTED: blue (1) | Waiting for GREEN,0,blue (1)
2026-09-24 08:54:31,green,"WRONG COLOR DETECTED: red (1), orange (2), blue (1) | Waiting for GREEN",0,"red (1), orange (2), blue (1)"
2026-09-24 08:54:32,green,WRONG COLOR DETECTED: blue (1) | Waiting for GREEN,0,blue (1)
2026-09-24 08:54:32,green,"WRONG COLOR DETECTED: orange (1), blue (1) | Waiting for GREEN",0,"orange (1), blue (1)"
2026-09-24 08:54:32,green,WRONG COLOR DETECTED: blue (1) | Waiting for GREEN,0,blue (1)
2026-09-24 08:54:32,green,"WRONG COLOR DETECTED: red (1), orange (2), blue (1) | Waiting for GREEN",0,"red (1), orange (2), blue (1)"
2026-09-24 08:54:32,green,"WRONG COLOR DETECTED: orange (1), blue (1) | Waiting for GREEN",0,"orange (1), blue (1)"
2026-09-24 08:54:32,green,"WRONG COLOR DETECTED: red (1), orange (1), blue (1) | Waiting for GREEN",0,"red (1), orange (1), blue (1)"
2026-09-24 08:54:32,green,"WRONG COLOR DETECTED: orange (1), blue (1) | Waiting for GREEN",0,"orange (1), blue (1)"
2026-09-24 08:54:32,green,WRONG COLOR DETECTED: blue (1) | Waiting for GREEN,0,blue (1)
2026-09-24 08:54:32,green,"WRONG COLOR DETECTED: orange (1), blue (1) | Waiting for GREEN",0,"orange (1), blue (1)"
2026-09-24 08:54:32,green,"WRONG COLOR DETECTED: red (1), blue (1) | Waiting for GREEN",0,"red (1), blue (1)"
2026-09-24 08:54:32,green,WRONG COLOR DETECTED: blue (1) | Waiting for GREEN,0,blue (1)
2026-09-24 08:54:33,green,"WRONG COLOR DETECTED: orange (1), blue (1) | Waiting for GREEN",0,"orange (1), blue (1)"
2026-09-24 08:54:33,green,WRONG COLOR DETECTED: blue (1) | Waiting for GREEN,0,blue (1)
2026-09-24 08:54:33,green,"WRONG COLOR DETECTED: orange (1), blue (1) | Waiting for GREEN",0,"orange (1), blue (1)"
2026-09-24 08:54:33,green,WRONG COLOR DETECTED: blue (1) | Waiting for GREEN,0,blue (1)
2026-09-24 08:54:33,green,"WRONG COLOR DETECTED: orange (1), blue (1) | Waiting for GREEN",0,"orange (1), blue (1)"
2026-09-24 08:54:33,green,WRONG COLOR DETECTED: blue (1) | Waiting for GREEN,0,blue (1)
2026-09-24 08:54:33,green,"WRONG COLOR DETECTED: orange (1), blue (1) | Waiting for GREEN",0,"orange (1), blue (1)"
2026-09-24 08:54:33,green,WRONG COLOR DETECTED: blue (1) | Waiting for GREEN,0,blue (1)
2026-09-24 08:54:33,green,"WRONG COLOR DETECTED: red (2), orange (1) | Waiting for GREEN",0,"red (2), orange (1)"
2026-09-24 08:54:33,green,WRONG COLOR DETECTED: orange (1) | Waiting for GREEN,0,orange (1)
2026-09-24 08:54:33,green,WRONG COLOR DETECTED: red (1) | Waiting for GREEN,0,red (1)
2026-09-24 08:54:33,green,"WRONG COLOR DETECTED: red (2), orange (1) | Waiting for GREEN",0,"red (2), orange (1)"
2026-09-24 08:54:33,green,WRONG COLOR DETECTED: red (1) | Waiting for GREEN,0,red (1)
2026-09-24 08:54:34,green,WRONG COLOR DETECTED: red (2) | Waiting for GREEN,0,red (2)
2026-09-24 08:54:34,green,"WRONG COLOR DETECTED: red (2), blue (1) | Waiting for GREEN",0,"red (2), blue (1)"
2026-09-24 08:54:34,green,"WRONG COLOR DETECTED: red (1), blue (1) | Waiting for GREEN",0,"red (1), blue (1)"
2026-09-24 08:54:34,green,"WRONG COLOR DETECTED: red (1), orange (2), blue (1) | Waiting for GREEN",0,"red (1), orange (2), blue (1)"
2026-09-24 08:54:34,green,"WRONG COLOR DETECTED: red (1), blue (1) | Waiting for GREEN",0,"red (1), blue (1)"
2026-09-24 08:54:34,green,WRONG COLOR DETECTED: blue (1) | Waiting for GREEN,0,blue (1)
2026-09-24 08:54:34,green,"WRONG COLOR DETECTED: red (1), orange (1), blue (1) | Waiting for GREEN",0,"red (1), orange (1), blue (1)"
2026-09-24 08:54:34,green,WRONG COLOR DETECTED: blue (1) | Waiting for GREEN,0,blue (1)
2026-09-24 08:54:34,green,"WRONG COLOR DETECTED: orange (1), blue (1) | Waiting for GREEN",0,"orange (1), blue (1)"
2026-09-24 08:54:34,green,"WRONG COLOR DETECTED: red (1), orange (1), blue (1) | Waiting for GREEN",0,"red (1), orange (1), blue (1)"
2026-09-24 08:54:34,green,"WRONG COLOR DETECTED: red (1), blue (1) | Waiting for GREEN",0,"red (1), blue (1)"
2026-09-24 08:54:34,green,WRONG COLOR DETECTED: red (1) | Waiting for GREEN,0,red (1)
2026-09-24 08:54:34,green,"WRONG COLOR DETECTED: red (1), orange (1) | Waiting for GREEN",0,"red (1), orange (1)"
2026-09-24 08:54:35,green,WRONG COLOR DETECTED: orange (1) | Waiting for GREEN,0,orange (1)
2026-09-24 08:54:35,green,WRONG COLOR DETECTED: orange (2) | Waiting for GREEN,0,orange (2)
2026-09-24 08:54:35,green,WRONG COLOR DETECTED: orange (1) | Waiting for GREEN,0,orange (1)
2026-09-24 08:54:36,green,WRONG COLOR DETECTED: orange (1) | Waiting for GREEN,0,orange (1)
2026-09-24 08:54:37,green,WRONG COLOR DETECTED: red (1) | Waiting for GREEN,0,red (1)
2026-09-24 08:54:37,green,"WRONG COLOR DETECTED: red (2), orange (1) | Waiting for GREEN",0,"red (2), orange (1)"
2026-09-24 08:54:38,green,CORRECT COLOR DETECTED: GREEN (1) | Wrong color(s): orange (1),1,orange (1)
2026-09-24 08:54:38,green,CORRECT COLOR DETECTED: GREEN (1),1,
2026-09-24 08:54:38,green,CORRECT COLOR DETECTED: GREEN (2) | Wrong color(s): orange (1),2,orange (1)
2026-09-24 08:54:38,green,CORRECT COLOR DETECTED: GREEN (1) | Wrong color(s): orange (1),1,orange (1)
2026-09-24 08:54:38,green,CORRECT COLOR DETECTED: GREEN (1),1,
2026-09-24 08:54:38,green,CORRECT COLOR DETECTED: GREEN (2) | Wrong color(s): orange (1),2,orange (1)
2026-09-24 08:54:39,green,CORRECT COLOR DETECTED: GREEN (2) | Wrong color(s): red (1),2,red (1)
2026-09-24 08:54:39,green,CORRECT COLOR DETECTED: GREEN (2),2,
2026-09-24 08:54:39,green,CORRECT COLOR DETECTED: GREEN (1),1,
2026-09-24 08:54:39,green,CORRECT COLOR DETECTED: GREEN (2),2,
2026-09-24 08:54:39,green,CORRECT COLOR DETECTED: GREEN (1),1,
2026-09-24 08:54:39,green,CORRECT COLOR DETECTED: GREEN (2),2,
2026-09-24 08:54:39,green,CORRECT COLOR DETECTED: GREEN (1),1,
2026-09-24 08:54:42,green,WRONG COLOR DETECTED: red (1) | Waiting for GREEN,0,red (1)
2026-09-24 08:54:42,green,WRONG COLOR DETECTED: red (1) | Waiting for GREEN,0,red (1)
2026-09-24 08:54:42,green,CORRECT COLOR DETECTED: GREEN (1) | Wrong color(s): orange (1),1,orange (1)
2026-09-24 08:54:42,green,CORRECT COLOR DETECTED: GREEN (1),1,
2026-09-24 08:54:42,green,CORRECT COLOR DETECTED: GREEN (2),2,
2026-09-24 08:54:42,green,CORRECT COLOR DETECTED: GREEN (1),1,
2026-09-24 08:54:43,green,CORRECT COLOR DETECTED: GREEN (1) | Wrong color(s): orange (1),1,orange (1)
2026-09-24 08:54:43,green,CORRECT COLOR DETECTED: GREEN (1),1,
2026-09-24 08:54:44,green,CORRECT COLOR DETECTED: GREEN (1) | Wrong color(s): red (1),1,red (1)
2026-09-24 08:54:44,green,CORRECT COLOR DETECTED: GREEN (1),1,
2026-09-24 08:54:45,green,"CORRECT COLOR DETECTED: GREEN (1) | Wrong color(s): red (1), orange (1)",1,"red (1), orange (1)"
2026-09-24 08:54:45,green,CORRECT COLOR DETECTED: GREEN (1) | Wrong color(s): orange (1),1,orange (1)
2026-09-24 08:54:45,green,CORRECT COLOR DETECTED: GREEN (1) | Wrong color(s): orange (2),1,orange (2)
2026-09-24 08:54:45,green,CORRECT COLOR DETECTED: GREEN (1),1,
2026-09-24 08:54:45,green,CORRECT COLOR DETECTED: GREEN (1) | Wrong color(s): red (1),1,red (1)
2026-09-24 08:54:45,green,CORRECT COLOR DETECTED: GREEN (1),1,
2026-09-24 08:54:45,green,CORRECT COLOR DETECTED: GREEN (1) | Wrong color(s): orange (1),1,orange (1)
2026-09-24 08:54:46,green,CORRECT COLOR DETECTED: GREEN (1) | Wrong color(s): orange (2),1,orange (2)
2026-09-24 08:54:46,green,CORRECT COLOR DETECTED: GREEN (1) | Wrong color(s): orange (1),1,orange (1)
2026-09-24 08:54:46,green,CORRECT COLOR DETECTED: GREEN (1),1,
2026-09-24 08:54:46,green,CORRECT COLOR DETECTED: GREEN (1),1,
2026-09-24 08:54:46,green,CORRECT COLOR DETECTED: GREEN (1),1,
2026-09-24 08:54:46,green,CORRECT COLOR DETECTED: GREEN (2),2,
2026-09-24 08:54:46,green,CORRECT COLOR DETECTED: GREEN (1),1,
2026-09-24 08:54:46,green,CORRECT COLOR DETECTED: GREEN (2),2,
2026-09-24 08:54:46,green,CORRECT COLOR DETECTED: GREEN (1),1,
2026-09-24 08:54:47,green,CORRECT COLOR DETECTED: GREEN (1),1,
2026-09-24 08:54:47,green,"CORRECT COLOR DETECTED: GREEN (1) | Wrong color(s): red (1), orange (1)",1,"red (1), orange (1)"
2026-09-24 08:54:47,green,WRONG COLOR DETECTED: orange (1) | Waiting for GREEN,0,orange (1)
2026-09-24 08:54:47,green,CORRECT COLOR DETECTED: GREEN (1),1,
2026-09-24 08:54:48,green,WRONG COLOR DETECTED: orange (1) | Waiting for GREEN,0,orange (1)
2026-09-24 08:54:48,green,WRONG COLOR DETECTED: orange (1) | Waiting for GREEN,0,orange (1)
2026-09-24 08:54:48,green,WRONG COLOR DETECTED: orange (1) | Waiting for GREEN,0,orange (1)
2026-09-24 08:54:48,green,WRONG COLOR DETECTED: orange (1) | Waiting for GREEN,0,orange (1)
2026-09-24 08:54:48,green,WRONG COLOR DETECTED: orange (2) | Waiting for GREEN,0,orange (2)
2026-09-24 08:54:48,green,CORRECT COLOR DETECTED: GREEN (1),1,
2026-09-24 08:54:49,green,CORRECT COLOR DETECTED: GREEN (2),2,
2026-09-24 08:54:49,green,CORRECT COLOR DETECTED: GREEN (1),1,
2026-09-24 08:54:49,green,CORRECT COLOR DETECTED: GREEN (2) | Wrong color(s): orange (1),2,orange (1)
2026-09-24 08:54:49,green,CORRECT COLOR DETECTED: GREEN (1) | Wrong color(s): orange (1),1,orange (1)
2026-09-24 08:54:49,green,CORRECT COLOR DETECTED: GREEN (1),1,
2026-09-24 08:54:49,green,CORRECT COLOR DETECTED: GREEN (2),2,
2026-09-24 08:54:49,green,CORRECT COLOR DETECTED: GREEN (1),1,
2026-09-24 08:54:53,green,CORRECT COLOR DETECTED: GREEN (2),2,
2026-09-24 08:54:53,green,CORRECT COLOR DETECTED: GREEN (1),1,
2026-09-24 08:55:12,green,CORRECT COLOR DETECTED: GREEN (2),2,
2026-09-24 08:55:12,green,WRONG COLOR DETECTED: red (1) | Waiting for GREEN,0,red (1)
2026-09-24 08:55:12,green,WRONG COLOR DETECTED: red (1) | Waiting for GREEN,0,red (1)
2026-09-24 08:55:12,green,CORRECT COLOR DETECTED: GREEN (1),1,
2026-09-24 08:55:12,green,CORRECT COLOR DETECTED: GREEN (1),1,
2026-09-24 08:55:13,green,CORRECT COLOR DETECTED: GREEN (1),1,
2026-09-24 08:55:39,green,WRONG COLOR DETECTED: red (1) | Waiting for GREEN,0,red (1)
2026-09-24 08:55:41,red,CORRECT COLOR DETECTED: RED (1),1,
2026-09-24 08:55:41,red,WRONG COLOR DETECTED: orange (1) | Waiting for RED,0,orange (1)
2026-09-24 08:55:41,red,CORRECT COLOR DETECTED: RED (1),1,
2026-09-24 08:55:41,red,CORRECT COLOR DETECTED: RED (1) | Wrong color(s): orange (1),1,orange (1)
2026-09-24 08:55:41,red,CORRECT COLOR DETECTED: RED (2) | Wrong color(s): orange (1),2,orange (1)
2026-09-24 08:55:41,red,CORRECT COLOR DETECTED: RED (1) | Wrong color(s): orange (1),1,orange (1)
2026-09-24 08:55:41,red,CORRECT COLOR DETECTED: RED (1),1,
2026-09-24 08:55:41,red,CORRECT COLOR DETECTED: RED (1) | Wrong color(s): orange (1),1,orange (1)
2026-09-24 08:55:41,red,CORRECT COLOR DETECTED: RED (1),1,
2026-09-24 08:55:43,red,CORRECT COLOR DETECTED: RED (1),1,
2026-09-24 08:55:43,red,CORRECT COLOR DETECTED: RED (1) | Wrong color(s): orange (1),1,orange (1)
2026-09-24 08:55:43,red,CORRECT COLOR DETECTED: RED (1),1,
2026-09-24 08:55:44,red,CORRECT COLOR DETECTED: RED (1) | Wrong color(s): orange (1),1,orange (1)
2026-09-24 08:55:44,red,CORRECT COLOR DETECTED: RED (2) | Wrong color(s): orange (1),2,orange (1)
2026-09-24 08:55:44,red,CORRECT COLOR DETECTED: RED (1),1,
2026-09-24 08:55:44,red,WRONG COLOR DETECTED: orange (1) | Waiting for RED,0,orange (1)
2026-09-24 08:55:44,red,CORRECT COLOR DETECTED: RED (1),1,
2026-09-24 08:55:45,red,CORRECT COLOR DETECTED: RED (1) | Wrong color(s): orange (1),1,orange (1)
2026-09-24 08:55:45,red,CORRECT COLOR DETECTED: RED (1),1,
2026-09-24 08:55:46,red,WRONG COLOR DETECTED: blue (1) | Waiting for RED,0,blue (1)
2026-09-24 08:55:46,red,"WRONG COLOR DETECTED: orange (1), blue (1) | Waiting for RED",0,"orange (1), blue (1)"
2026-09-24 08:55:46,red,WRONG COLOR DETECTED: blue (1) | Waiting for RED,0,blue (1)
2026-09-24 08:55:47,red,"WRONG COLOR DETECTED: orange (1), blue (1) | Waiting for RED",0,"orange (1), blue (1)"
2026-09-24 08:55:47,red,WRONG COLOR DETECTED: blue (1) | Waiting for RED,0,blue (1)
2026-09-24 08:55:47,red,"WRONG COLOR DETECTED: orange (1), blue (1) | Waiting for RED",0,"orange (1), blue (1)"
2026-09-24 08:55:48,red,WRONG COLOR DETECTED: blue (1) | Waiting for RED,0,blue (1)
2026-09-24 08:55:49,red,"WRONG COLOR DETECTED: orange (1), blue (1) | Waiting for RED",0,"orange (1), blue (1)"
2026-09-24 08:55:49,red,CORRECT COLOR DETECTED: RED (1) | Wrong color(s): blue (1),1,blue (1)
2026-09-24 08:55:49,red,WRONG COLOR DETECTED: blue (1) | Waiting for RED,0,blue (1)
2026-09-24 08:55:49,red,WRONG COLOR DETECTED: orange (1) | Waiting for RED,0,orange (1)
2026-09-24 08:55:57,red,CORRECT COLOR DETECTED: RED (2) | Wrong color(s): orange (1),2,orange (1)
2026-09-24 08:55:57,red,WRONG COLOR DETECTED: orange (1) | Waiting for RED,0,orange (1)
2026-09-24 08:55:58,red,WRONG COLOR DETECTED: orange (1) | Waiting for RED,0,orange (1)
2026-09-24 08:55:58,red,WRONG COLOR DETECTED: orange (2) | Waiting for RED,0,orange (2)
2026-09-24 08:55:58,red,WRONG COLOR DETECTED: orange (1) | Waiting for RED,0,orange (1)
2026-09-24 08:55:58,red,CORRECT COLOR DETECTED: RED (1) | Wrong color(s): orange (2),1,orange (2)
2026-09-24 08:55:58,red,WRONG COLOR DETECTED: orange (2) | Waiting for RED,0,orange (2)
2026-09-24 08:55:58,red,CORRECT COLOR DETECTED: RED (1),1,
2026-09-24 08:55:58,red,CORRECT COLOR DETECTED: RED (1) | Wrong color(s): orange (1),1,orange (1)
2026-09-24 08:55:58,red,WRONG COLOR DETECTED: orange (1) | Waiting for RED,0,orange (1)
2026-09-24 08:55:58,red,CORRECT COLOR DETECTED: RED (1) | Wrong color(s): orange (1),1,orange (1)
2026-09-24 08:55:58,red,WRONG COLOR DETECTED: orange (1) | Waiting for RED,0,orange (1)
2026-09-24 08:55:58,red,WRONG COLOR DETECTED: orange (2) | Waiting for RED,0,orange (2)
2026-09-24 08:55:58,red,WRONG COLOR DETECTED: orange (1) | Waiting for RED,0,orange (1)
2026-09-24 08:55:58,red,"WRONG COLOR DETECTED: orange (1), blue (1) | Waiting for RED",0,"orange (1), blue (1)"
2026-09-24 08:55:58,red,"CORRECT COLOR DETECTED: RED (1) | Wrong color(s): orange (1), blue (2)",1,"orange (1), blue (2)"
2026-09-24 08:55:59,red,"WRONG COLOR DETECTED: orange (1), blue (2) | Waiting for RED",0,"orange (1), blue (2)"
2026-09-24 08:55:59,red,CORRECT COLOR DETECTED: RED (3),3,
2026-09-24 08:55:59,red,WRONG COLOR DETECTED: blue (1) | Waiting for RED,0,blue (1)
2026-09-24 08:55:59,red,"WRONG COLOR DETECTED: orange (1), blue (1) | Waiting for RED",0,"orange (1), blue (1)"
2026-09-24 08:55:59,red,WRONG COLOR DETECTED: blue (3) | Waiting for RED,0,blue (3)
2026-09-24 08:55:59,red,WRONG COLOR DETECTED: blue (2) | Waiting for RED,0,blue (2)
2026-09-24 08:55:59,red,WRONG COLOR DETECTED: blue (1) | Waiting for RED,0,blue (1)
2026-09-24 08:55:59,red,"WRONG COLOR DETECTED: orange (1), blue (1) | Waiting for RED",0,"orange (1), blue (1)"
2026-09-24 08:55:59,red,WRONG COLOR DETECTED: blue (2) | Waiting for RED,0,blue (2)
2026-09-24 08:55:59,red,WRONG COLOR DETECTED: blue (1) | Waiting for RED,0,blue (1)
2026-09-24 08:55:59,red,"WRONG COLOR DETECTED: blue (2), purple (1) | Waiting for RED",0,"blue (2), purple (1)"
2026-09-24 08:55:59,red,WRONG COLOR DETECTED: blue (1) | Waiting for RED,0,blue (1)
2026-09-24 08:56:01,red,WRONG COLOR DETECTED: orange (1) | Waiting for RED,0,orange (1)
2026-09-24 08:56:02,red,WRONG COLOR DETECTED: orange (1) | Waiting for RED,0,orange (1)
2026-09-24 08:56:02,red,WRONG COLOR DETECTED: orange (1) | Waiting for RED,0,orange (1)
2026-09-24 08:56:02,red,WRONG COLOR DETECTED: orange (1) | Waiting for RED,0,orange (1)
2026-09-24 08:56:02,red,WRONG COLOR DETECTED: orange (1) | Waiting for RED,0,orange (1)
2026-09-24 08:56:03,red,WRONG COLOR DETECTED: orange (1) | Waiting for RED,0,orange (1)
2026-09-24 08:56:03,red,WRONG COLOR DETECTED: orange (1) | Waiting for RED,0,orange (1)
2026-09-24 08:56:04,red,CORRECT COLOR DETECTED: RED (1),1,
2026-09-24 08:56:11,red,WRONG COLOR DETECTED: orange (1) | Waiting for RED,0,orange (1)
2026-09-24 08:56:12,red,WRONG COLOR DETECTED: orange (1) | Waiting for RED,0,orange (1)
2026-09-24 08:56:13,red,WRONG COLOR DETECTED: orange (1) | Waiting for RED,0,orange (1)
2026-09-24 08:56:14,red,WRONG COLOR DETECTED: orange (1) | Waiting for RED,0,orange (1)
2026-09-24 08:56:14,red,WRONG COLOR DETECTED: orange (1) | Waiting for RED,0,orange (1)
2026-09-24 08:56:14,red,WRONG COLOR DETECTED: orange (1) | Waiting for RED,0,orange (1)
2026-09-24 08:56:14,red,WRONG COLOR DETECTED: orange (1) | Waiting for RED,0,orange (1)
2026-09-24 08:56:14,red,WRONG COLOR DETECTED: orange (1) | Waiting for RED,0,orange (1)
2026-09-24 08:56:14,red,WRONG COLOR DETECTED: orange (1) | Waiting for RED,0,orange (1)
2026-09-24 08:56:15,red,WRONG COLOR DETECTED: orange (1) | Waiting for RED,0,orange (1)
2026-09-24 08:56:15,red,WRONG COLOR DETECTED: orange (1) | Waiting for RED,0,orange (1)
2026-09-24 09:00:47,red,CORRECT COLOR DETECTED: RED (1),1,
2026-09-24 09:00:47,red,CORRECT COLOR DETECTED: RED (1) | Wrong color(s): orange (1),1,orange (1)
2026-09-24 09:00:47,red,WRONG COLOR DETECTED: orange (1) | Waiting for RED,0,orange (1)
2026-09-24 09:00:48,red,CORRECT COLOR DETECTED: RED (1) | Wrong color(s): orange (1),1,orange (1)
2026-09-24 09:00:48,red,CORRECT COLOR DETECTED: RED (1),1,
2026-09-24 09:00:48,red,WRONG COLOR DETECTED: orange (1) | Waiting for RED,0,orange (1)
2026-09-24 09:00:49,red,WRONG COLOR DETECTED: orange (2) | Waiting for RED,0,orange (2)
2026-09-24 09:00:49,red,WRONG COLOR DETECTED: orange (1) | Waiting for RED,0,orange (1)
2026-09-24 09:00:49,red,WRONG COLOR DETECTED: orange (2) | Waiting for RED,0,orange (2)
2026-09-24 09:00:50,red,WRONG COLOR DETECTED: orange (1) | Waiting for RED,0,orange (1)
2026-09-24 09:00:50,red,CORRECT COLOR DETECTED: RED (1) | Wrong color(s): orange (1),1,orange (1)
2026-09-24 09:00:50,red,WRONG COLOR DETECTED: orange (1) | Waiting for RED,0,orange (1)
2026-09-24 09:00:50,red,CORRECT COLOR DETECTED: RED (1),1,
2026-09-24 09:00:50,red,CORRECT COLOR DETECTED: RED (1) | Wrong color(s): orange (1),1,orange (1)
2026-09-24 09:00:50,red,WRONG COLOR DETECTED: orange (1) | Waiting for RED,0,orange (1)
2026-09-24 09:00:51,red,CORRECT COLOR DETECTED: RED (1) | Wrong color(s): orange (1),1,orange (1)
2026-09-24 09:00:51,red,WRONG COLOR DETECTED: orange (1) | Waiting for RED,0,orange (1)
2026-09-24 09:00:52,red,WRONG COLOR DETECTED: orange (2) | Waiting for RED,0,orange (2)
2026-09-24 09:00:52,red,WRONG COLOR DETECTED: orange (1) | Waiting for RED,0,orange (1)
2026-09-24 09:00:52,red,CORRECT COLOR DETECTED: RED (2),2,
2026-09-24 09:00:53,red,CORRECT COLOR DETECTED: RED (1) | Wrong color(s): orange (1),1,orange (1)
2026-09-24 09:00:53,red,WRONG COLOR DETECTED: orange (1) | Waiting for RED,0,orange (1)
2026-09-24 09:00:53,red,CORRECT COLOR DETECTED: RED (1) | Wrong color(s): orange (1),1,orange (1)
2026-09-24 09:00:53,red,WRONG COLOR DETECTED: orange (2) | Waiting for RED,0,orange (2)
2026-09-24 09:03:39,red,WRONG COLOR DETECTED: orange (1) | Waiting for RED,0,orange (1)
2026-09-24 09:03:39,red,WRONG COLOR DETECTED: orange (1) | Waiting for RED,0,orange (1)
2026-09-24 09:03:40,red,WRONG COLOR DETECTED: orange (1) | Waiting for RED,0,orange (1)
2026-09-24 09:03:40,red,WRONG COLOR DETECTED: orange (1) | Waiting for RED,0,orange (1)
2026-09-24 09:03:42,red,WRONG COLOR DETECTED: orange (1) | Waiting for RED,0,orange (1)
2026-09-24 09:03:42,red,WRONG COLOR DETECTED: orange (1) | Waiting for RED,0,orange (1)
2026-09-24 09:03:42,red,WRONG COLOR DETECTED: orange (1) | Waiting for RED,0,orange (1)
2026-09-24 09:03:43,red,WRONG COLOR DETECTED: orange (1) | Waiting for RED,0,orange (1)
2026-09-24 09:03:43,red,WRONG COLOR DETECTED: orange (1) | Waiting for RED,0,orange (1)
2026-09-24 09:03:44,red,WRONG COLOR DETECTED: orange (1) | Waiting for RED,0,orange (1)
2026-09-24 09:03:46,red,WRONG COLOR DETECTED: orange (1) | Waiting for RED,0,orange (1)
2026-09-24 09:03:46,red,WRONG COLOR DETECTED: orange (2) | Waiting for RED,0,orange (2)
2026-09-24 09:03:47,red,WRONG COLOR DETECTED: orange (1) | Waiting for RED,0,orange (1)
2026-09-24 09:03:47,red,WRONG COLOR DETECTED: orange (1) | Waiting for RED,0,orange (1)
2026-09-24 09:03:47,red,WRONG COLOR DETECTED: orange (1) | Waiting for RED,0,orange (1)
2026-09-24 09:03:47,red,WRONG COLOR DETECTED: orange (1) | Waiting for RED,0,orange (1)
2026-09-24 09:03:48,red,WRONG COLOR DETECTED: orange (1) | Waiting for RED,0,orange (1)
2026-09-24 09:03:48,red,WRONG COLOR DETECTED: yellow (1) | Waiting for RED,0,yellow (1)
2026-09-24 09:03:48,red,WRONG COLOR DETECTED: orange (1) | Waiting for RED,0,orange (1)
2026-09-24 09:03:49,red,WRONG COLOR DETECTED: orange (2) | Waiting for RED,0,orange (2)
2026-09-24 09:03:49,red,WRONG COLOR DETECTED: orange (1) | Waiting for RED,0,orange (1)
2026-09-24 09:03:54,red,WRONG COLOR DETECTED: orange (1) | Waiting for RED,0,orange (1)
2026-09-24 09:03:54,red,WRONG COLOR DETECTED: yellow (1) | Waiting for RED,0,yellow (1)
2026-09-24 09:03:54,red,WRONG COLOR DETECTED: orange (1) | Waiting for RED,0,orange (1)
2026-09-24 09:03:55,red,WRONG COLOR DETECTED: orange (1) | Waiting for RED,0,orange (1)
2026-09-24 09:04:41,red,WRONG COLOR DETECTED: blue (1) | Waiting for RED,0,blue (1)
2026-09-24 09:04:42,red,WRONG COLOR DETECTED: blue (1) | Waiting for RED,0,blue (1)
2026-09-24 09:04:44,red,"WRONG COLOR DETECTED: orange (1), blue (1) | Waiting for RED",0,"orange (1), blue (1)"
2026-09-24 09:04:44,red,WRONG COLOR DETECTED: blue (1) | Waiting for RED,0,blue (1)
2026-09-24 09:04:44,red,"WRONG COLOR DETECTED: orange (1), blue (1) | Waiting for RED",0,"orange (1), blue (1)"
2026-09-24 09:04:44,red,"WRONG COLOR DETECTED: orange (2), blue (1) | Waiting for RED",0,"orange (2), blue (1)"
2026-09-24 09:04:44,red,"WRONG COLOR DETECTED: orange (1), blue (1) | Waiting for RED",0,"orange (1), blue (1)"
2026-09-24 09:04:44,red,WRONG COLOR DETECTED: blue (1) | Waiting for RED,0,blue (1)
2026-09-24 09:04:44,red,CORRECT COLOR DETECTED: RED (1) | Wrong color(s): blue (1),1,blue (1)
2026-09-24 09:04:44,red,WRONG COLOR DETECTED: blue (1) | Waiting for RED,0,blue (1)
2026-09-24 09:04:44,red,CORRECT COLOR DETECTED: RED (1) | Wrong color(s): blue (1),1,blue (1)
2026-09-24 09:04:45,red,WRONG COLOR DETECTED: blue (1) | Waiting for RED,0,blue (1)
2026-09-24 09:04:45,red,CORRECT COLOR DETECTED: RED (1) | Wrong color(s): blue (1),1,blue (1)
2026-09-24 09:04:45,red,WRONG COLOR DETECTED: blue (1) | Waiting for RED,0,blue (1)
2026-09-24 09:04:45,red,"WRONG COLOR DETECTED: orange (1), blue (1) | Waiting for RED",0,"orange (1), blue (1)"
2026-09-24 09:04:46,red,WRONG COLOR DETECTED: blue (1) | Waiting for RED,0,blue (1)
2026-09-24 09:04:48,red,"WRONG COLOR DETECTED: orange (1), blue (1) | Waiting for RED",0,"orange (1), blue (1)"
2026-09-24 09:04:49,red,CORRECT COLOR DETECTED: RED (1) | Wrong color(s): blue (1),1,blue (1)
2026-09-24 09:04:49,red,WRONG COLOR DETECTED: blue (1) | Waiting for RED,0,blue (1)
2026-09-24 09:04:49,red,WRONG COLOR DETECTED: blue (1) | Waiting for RED,0,blue (1)
2026-09-24 09:04:53,red,WRONG COLOR DETECTED: yellow (1) | Waiting for RED,0,yellow (1)
2026-09-24 09:04:54,red,WRONG COLOR DETECTED: yellow (1) | Waiting for RED,0,yellow (1)
2026-09-24 09:04:55,red,CORRECT COLOR DETECTED: RED (1) | Wrong color(s): yellow (1),1,yellow (1)
2026-09-24 09:04:55,red,WRONG COLOR DETECTED: yellow (1) | Waiting for RED,0,yellow (1)
2026-09-24 09:04:55,red,CORRECT COLOR DETECTED: RED (2) | Wrong color(s): yellow (1),2,yellow (1)
2026-09-24 09:04:55,red,CORRECT COLOR DETECTED: RED (1) | Wrong color(s): yellow (1),1,yellow (1)
2026-09-24 09:04:55,red,CORRECT COLOR DETECTED: RED (1),1,
2026-09-24 09:04:55,red,CORRECT COLOR DETECTED: RED (2),2,
2026-09-24 09:04:55,red,WRONG COLOR DETECTED: yellow (1) | Waiting for RED,0,yellow (1)
2026-09-24 09:04:55,red,CORRECT COLOR DETECTED: RED (2) | Wrong color(s): yellow (1),2,yellow (1)
2026-09-24 09:04:55,red,WRONG COLOR DETECTED: yellow (1) | Waiting for RED,0,yellow (1)
2026-09-24 09:04:56,red,"WRONG COLOR DETECTED: orange (1), yellow (1) | Waiting for RED",0,"orange (1), yellow (1)"
2026-09-24 09:04:56,red,WRONG COLOR DETECTED: yellow (1) | Waiting for RED,0,yellow (1)
2026-09-24 09:04:56,red,"WRONG COLOR DETECTED: orange (1), yellow (1) | Waiting for RED",0,"orange (1), yellow (1)"
2026-09-24 09:04:56,red,WRONG COLOR DETECTED: yellow (1) | Waiting for RED,0,yellow (1)
2026-09-24 09:04:56,red,"WRONG COLOR DETECTED: orange (1), yellow (1) | Waiting for RED",0,"orange (1), yellow (1)"
2026-09-24 09:04:56,red,WRONG COLOR DETECTED: yellow (1) | Waiting for RED,0,yellow (1)
2026-09-24 09:04:56,red,"WRONG COLOR DETECTED: orange (1), yellow (1) | Waiting for RED",0,"orange (1), yellow (1)"
2026-09-24 09:04:56,red,WRONG COLOR DETECTED: yellow (1) | Waiting for RED,0,yellow (1)
2026-09-24 09:04:56,red,"WRONG COLOR DETECTED: orange (1), yellow (1) | Waiting for RED",0,"orange (1), yellow (1)"
2026-09-24 09:04:56,red,WRONG COLOR DETECTED: yellow (1) | Waiting for RED,0,yellow (1)
2026-09-24 09:04:56,red,CORRECT COLOR DETECTED: RED (1) | Wrong color(s): yellow (1),1,yellow (1)
2026-09-24 09:04:56,red,WRONG COLOR DETECTED: yellow (1) | Waiting for RED,0,yellow (1)
2026-09-24 09:04:57,red,CORRECT COLOR DETECTED: RED (1) | Wrong color(s): yellow (1),1,yellow (1)
2026-09-24 09:04:57,red,WRONG COLOR DETECTED: yellow (1) | Waiting for RED,0,yellow (1)
2026-09-24 09:04:58,red,WRONG COLOR DETECTED: yellow (1) | Waiting for RED,0,yellow (1)
2026-09-24 09:05:37,red,CORRECT COLOR DETECTED: RED (1),1,
2026-09-24 09:05:37,red,CORRECT COLOR DETECTED: RED (1) | Wrong color(s): blue (1),1,blue (1)
2026-09-24 09:05:37,red,WRONG COLOR DETECTED: blue (1) | Waiting for RED,0,blue (1)
2026-09-24 09:05:37,red,WRONG COLOR DETECTED: orange (1) | Waiting for RED,0,orange (1)
2026-09-24 09:05:37,red,CORRECT COLOR DETECTED: RED (1),1,
2026-09-24 09:05:37,red,WRONG COLOR DETECTED: orange (1) | Waiting for RED,0,orange (1)
2026-09-24 09:05:38,red,WRONG COLOR DETECTED: orange (1) | Waiting for RED,0,orange (1)
2026-09-24 09:05:38,red,WRONG COLOR DETECTED: yellow (1) | Waiting for RED,0,yellow (1)
2026-09-24 09:05:38,red,WRONG COLOR DETECTED: orange (1) | Waiting for RED,0,orange (1)
2026-09-24 09:05:40,red,CORRECT COLOR DETECTED: RED (1) | Wrong color(s): orange (1),1,orange (1)
2026-09-24 09:05:40,red,CORRECT COLOR DETECTED: RED (2),2,
2026-09-24 09:05:40,red,WRONG COLOR DETECTED: purple (1) | Waiting for RED,0,purple (1)
2026-09-24 09:05:40,red,CORRECT COLOR DETECTED: RED (1),1,
2026-09-24 09:05:40,red,CORRECT COLOR DETECTED: RED (2) | Wrong color(s): orange (1),2,orange (1)
2026-09-24 09:05:40,red,"CORRECT COLOR DETECTED: RED (2) | Wrong color(s): orange (2), purple (1)",2,"orange (2), purple (1)"
2026-09-24 09:05:41,red,"CORRECT COLOR DETECTED: RED (1) | Wrong color(s): orange (2), purple (1)",1,"orange (2), purple (1)"
2026-09-24 09:05:41,red,"WRONG COLOR DETECTED: orange (1), purple (1) | Waiting for RED",0,"orange (1), purple (1)"
2026-09-24 09:05:41,red,"WRONG COLOR DETECTED: orange (2), purple (1) | Waiting for RED",0,"orange (2), purple (1)"
2026-09-24 09:05:41,red,"CORRECT COLOR DETECTED: RED (1) | Wrong color(s): orange (1), purple (1)",1,"orange (1), purple (1)"
2026-09-24 09:05:41,red,"CORRECT COLOR DETECTED: RED (1) | Wrong color(s): orange (3), purple (1)",1,"orange (3), purple (1)"
2026-09-24 09:05:41,red,"CORRECT COLOR DETECTED: RED (1) | Wrong color(s): orange (2), purple (1)",1,"orange (2), purple (1)"
2026-09-24 09:05:41,red,"CORRECT COLOR DETECTED: RED (1) | Wrong color(s): orange (1), purple (1)",1,"orange (1), purple (1)"
2026-09-24 09:05:41,red,"CORRECT COLOR DETECTED: RED (1) | Wrong color(s): orange (2), purple (1)",1,"orange (2), purple (1)"
2026-09-24 09:05:41,red,"WRONG COLOR DETECTED: orange (1), purple (1) | Waiting for RED",0,"orange (1), purple (1)"
2026-09-24 09:05:41,red,"WRONG COLOR DETECTED: orange (2), purple (1) | Waiting for RED",0,"orange (2), purple (1)"
2026-09-24 09:05:41,red,"WRONG COLOR DETECTED: orange (1), purple (1) | Waiting for RED",0,"orange (1), purple (1)"
2026-09-24 09:05:41,red,WRONG COLOR DETECTED: purple (1) | Waiting for RED,0,purple (1)
2026-09-24 09:05:43,red,"CORRECT COLOR DETECTED: RED (1) | Wrong color(s): orange (1), purple (1)",1,"orange (1), purple (1)"
2026-09-24 09:05:43,red,"WRONG COLOR DETECTED: orange (1), purple (1) | Waiting for RED",0,"orange (1), purple (1)"
2026-09-24 09:05:43,red,WRONG COLOR DETECTED: purple (1) | Waiting for RED,0,purple (1)
2026-09-24 09:05:43,red,"CORRECT COLOR DETECTED: RED (1) | Wrong color(s): orange (1), purple (1)",1,"orange (1), purple (1)"
2026-09-24 09:05:43,red,"WRONG COLOR DETECTED: orange (1), purple (1) | Waiting for RED",0,"orange (1), purple (1)"
2026-09-24 09:05:43,red,WRONG COLOR DETECTED: orange (1) | Waiting for RED,0,orange (1)
2026-09-24 09:05:43,red,CORRECT COLOR DETECTED: RED (1),1,
2026-09-24 09:05:44,red,WRONG COLOR DETECTED: yellow (1) | Waiting for RED,0,yellow (1)
2026-09-24 09:05:44,red,CORRECT COLOR DETECTED: RED (1),1,
2026-09-24 09:05:44,red,CORRECT COLOR DETECTED: RED (1) | Wrong color(s): yellow (1),1,yellow (1)
2026-09-24 09:05:44,red,WRONG COLOR DETECTED: yellow (1) | Waiting for RED,0,yellow (1)
2026-09-24 09:05:44,red,CORRECT COLOR DETECTED: RED (1),1,
2026-09-24 09:05:46,red,CORRECT COLOR DETECTED: RED (1) | Wrong color(s): orange (1),1,orange (1)
2026-09-24 09:05:46,red,WRONG COLOR DETECTED: orange (1) | Waiting for RED,0,orange (1)
2026-09-24 09:05:46,red,CORRECT COLOR DETECTED: RED (1),1,
2026-09-24 09:05:48,red,WRONG COLOR DETECTED: orange (1) | Waiting for RED,0,orange (1)
2026-09-24 09:05:48,red,CORRECT COLOR DETECTED: RED (1),1,
2026-09-24 09:05:49,red,WRONG COLOR DETECTED: yellow (1) | Waiting for RED,0,yellow (1)
2026-09-24 09:05:49,red,CORRECT COLOR DETECTED: RED (2) | Wrong color(s): yellow (1),2,yellow (1)
2026-09-24 09:05:49,red,WRONG COLOR DETECTED: yellow (1) | Waiting for RED,0,yellow (1)
2026-09-24 09:05:49,red,"WRONG COLOR DETECTED: orange (1), yellow (1) | Waiting for RED",0,"orange (1), yellow (1)"
2026-09-24 09:05:49,red,CORRECT COLOR DETECTED: RED (1) | Wrong color(s): yellow (1),1,yellow (1)
2026-09-24 09:05:49,red,"WRONG COLOR DETECTED: orange (1), yellow (1) | Waiting for RED",0,"orange (1), yellow (1)"
2026-09-24 09:05:49,red,WRONG COLOR DETECTED: yellow (1) | Waiting for RED,0,yellow (1)
2026-09-24 09:05:49,red,CORRECT COLOR DETECTED: RED (1) | Wrong color(s): yellow (1),1,yellow (1)
2026-09-24 09:05:49,red,"WRONG COLOR DETECTED: orange (1), yellow (1) | Waiting for RED",0,"orange (1), yellow (1)"
2026-09-24 09:05:49,red,"CORRECT COLOR DETECTED: RED (1) | Wrong color(s): orange (1), yellow (1)",1,"orange (1), yellow (1)"
2026-09-24 09:05:49,red,"WRONG COLOR DETECTED: orange (1), yellow (1) | Waiting for RED",0,"orange (1), yellow (1)"
2026-09-24 09:05:50,red,WRONG COLOR DETECTED: yellow (1) | Waiting for RED,0,yellow (1)
2026-09-24 09:05:50,red,"WRONG COLOR DETECTED: orange (1), yellow (1) | Waiting for RED",0,"orange (1), yellow (1)"
2026-09-24 09:05:50,red,WRONG COLOR DETECTED: yellow (1) | Waiting for RED,0,yellow (1)
2026-09-24 09:05:50,red,"WRONG COLOR DETECTED: yellow (1), blue (1) | Waiting for RED",0,"yellow (1), blue (1)"
2026-09-24 09:05:50,red,"WRONG COLOR DETECTED: orange (1), yellow (1), blue (1) | Waiting for RED",0,"orange (1), yellow (1), blue (1)"
2026-09-24 09:05:50,red,WRONG COLOR DETECTED: blue (1) | Waiting for RED,0,blue (1)
2026-09-24 09:05:50,red,CORRECT COLOR DETECTED: RED (1) | Wrong color(s): blue (1),1,blue (1)
2026-09-24 09:05:50,red,"WRONG COLOR DETECTED: green (1), blue (2) | Waiting for RED",0,"green (1), blue (2)"
2026-09-24 09:05:51,red,"WRONG COLOR DETECTED: orange (1), green (1), blue (2) | Waiting for RED",0,"orange (1), green (1), blue (2)"
2026-09-24 09:05:51,red,"WRONG COLOR DETECTED: green (1), blue (2) | Waiting for RED",0,"green (1), blue (2)"
2026-09-24 09:05:51,red,"WRONG COLOR DETECTED: orange (1), green (1), blue (2) | Waiting for RED",0,"orange (1), green (1), blue (2)"
2026-09-24 09:05:51,red,"WRONG COLOR DETECTED: green (1), blue (2) | Waiting for RED",0,"green (1), blue (2)"
2026-09-24 09:05:52,red,"WRONG COLOR DETECTED: green (1), blue (1) | Waiting for RED",0,"green (1), blue (1)"
2026-09-24 09:05:53,red,"WRONG COLOR DETECTED: green (1), blue (2) | Waiting for RED",0,"green (1), blue (2)"
2026-09-24 09:05:53,red,WRONG COLOR DETECTED: blue (1) | Waiting for RED,0,blue (1)
2026-09-24 09:05:54,red,"WRONG COLOR DETECTED: orange (1), yellow (1) | Waiting for RED",0,"orange (1), yellow (1)"
2026-09-24 09:05:54,red,CORRECT COLOR DETECTED: RED (2) | Wrong color(s): orange (1),2,orange (1)
2026-09-24 09:05:54,red,WRONG COLOR DETECTED: orange (1) | Waiting for RED,0,orange (1)
2026-09-24 09:05:55,red,CORRECT COLOR DETECTED: RED (1) | Wrong color(s): orange (1),1,orange (1)
2026-09-24 09:05:55,red,"WRONG COLOR DETECTED: orange (1), yellow (1) | Waiting for RED",0,"orange (1), yellow (1)"
2026-09-24 09:05:55,red,WRONG COLOR DETECTED: yellow (1) | Waiting for RED,0,yellow (1)
2026-09-24 09:05:55,red,CORRECT COLOR DETECTED: RED (1) | Wrong color(s): yellow (1),1,yellow (1)
2026-09-24 09:05:55,red,CORRECT COLOR DETECTED: RED (1),1,
2026-09-24 09:05:55,red,CORRECT COLOR DETECTED: RED (2) | Wrong color(s): orange (2),2,orange (2)
2026-09-24 09:05:55,red,CORRECT COLOR DETECTED: RED (1),1,
2026-09-24 09:05:55,red,CORRECT COLOR DETECTED: RED (2),2,
2026-09-24 09:05:55,red,CORRECT COLOR DETECTED: RED (1),1,
2026-09-24 09:05:55,red,CORRECT COLOR DETECTED: RED (2),2,
2026-09-24 09:05:55,red,CORRECT COLOR DETECTED: RED (1),1,
2026-09-24 09:05:56,red,WRONG COLOR DETECTED: purple (1) | Waiting for RED,0,purple (1)
2026-09-24 09:05:56,red,"WRONG COLOR DETECTED: orange (2), purple (1) | Waiting for RED",0,"orange (2), purple (1)"
2026-09-24 09:05:56,red,"WRONG COLOR DETECTED: orange (1), purple (1) | Waiting for RED",0,"orange (1), purple (1)"
2026-09-24 09:05:56,red,"CORRECT COLOR DETECTED: RED (1) | Wrong color(s): orange (1), purple (1)",1,"orange (1), purple (1)"
2026-09-24 09:05:56,red,"WRONG COLOR DETECTED: orange (1), purple (1) | Waiting for RED",0,"orange (1), purple (1)"
2026-09-24 09:05:57,red,WRONG COLOR DETECTED: purple (1) | Waiting for RED,0,purple (1)
2026-09-24 09:05:57,red,"CORRECT COLOR DETECTED: RED (1) | Wrong color(s): orange (1), purple (1)",1,"orange (1), purple (1)"
2026-09-24 09:05:57,red,"WRONG COLOR DETECTED: orange (2), purple (1) | Waiting for RED",0,"orange (2), purple (1)"
2026-09-24 09:05:57,red,"WRONG COLOR DETECTED: orange (1), purple (1) | Waiting for RED",0,"orange (1), purple (1)"
2026-09-24 09:05:57,red,WRONG COLOR DETECTED: purple (1) | Waiting for RED,0,purple (1)
2026-09-24 09:05:57,red,"WRONG COLOR DETECTED: orange (2), purple (1) | Waiting for RED",0,"orange (2), purple (1)"
2026-09-24 09:05:57,red,"WRONG COLOR DETECTED: orange (1), purple (1) | Waiting for RED",0,"orange (1), purple (1)"
2026-09-24 09:05:57,red,WRONG COLOR DETECTED: orange (1) | Waiting for RED,0,orange (1)
2026-09-24 09:06:07,red,"WRONG COLOR DETECTED: orange (1), purple (1) | Waiting for RED",0,"orange (1), purple (1)"
2026-09-24 09:06:07,red,WRONG COLOR DETECTED: purple (1) | Waiting for RED,0,purple (1)
2026-09-24 09:06:07,red,"WRONG COLOR DETECTED: orange (1), purple (1) | Waiting for RED",0,"orange (1), purple (1)"
2026-09-24 09:06:07,red,WRONG COLOR DETECTED: orange (1) | Waiting for RED,0,orange (1)
2026-09-24 09:06:08,red,WRONG COLOR DETECTED: purple (1) | Waiting for RED,0,purple (1)
2026-09-24 09:06:09,red,WRONG COLOR DETECTED: purple (1) | Waiting for RED,0,purple (1)
2026-09-24 09:06:09,red,CORRECT COLOR DETECTED: RED (1) | Wrong color(s): purple (1),1,purple (1)
2026-09-24 09:06:09,red,WRONG COLOR DETECTED: purple (1) | Waiting for RED,0,purple (1)
2026-09-24 09:06:09,red,WRONG COLOR DETECTED: purple (1) | Waiting for RED,0,purple (1)
2026-09-24 09:06:23,red,CORRECT COLOR DETECTED: RED (1),1,
2026-09-24 09:08:56,red,WRONG COLOR DETECTED: orange (1) | Waiting for RED,0,orange (1)
2026-09-24 09:08:59,red,WRONG COLOR DETECTED: orange (1) | Waiting for RED,0,orange (1)
2026-09-24 09:09:59,red,WRONG COLOR DETECTED: blue (1) | Waiting for RED,0,blue (1)
2026-09-24 09:09:59,red,"WRONG COLOR DETECTED: yellow (2), blue (1) | Waiting for RED",0,"yellow (2), blue (1)"
2026-09-24 09:09:59,red,WRONG COLOR DETECTED: blue (1) | Waiting for RED,0,blue (1)
2026-09-24 09:09:59,red,"WRONG COLOR DETECTED: yellow (1), blue (1) | Waiting for RED",0,"yellow (1), blue (1)"
2026-09-24 09:10:00,red,"WRONG COLOR DETECTED: orange (1), yellow (1), blue (1) | Waiting for RED",0,"orange (1), yellow (1), blue (1)"
2026-09-24 09:10:00,red,"WRONG COLOR DETECTED: orange (1), blue (1) | Waiting for RED",0,"orange (1), blue (1)"
2026-09-24 09:10:00,red,"WRONG COLOR DETECTED: orange (1), yellow (1), blue (1) | Waiting for RED",0,"orange (1), yellow (1), blue (1)"
2026-09-24 09:10:00,red,"WRONG COLOR DETECTED: yellow (1), blue (1) | Waiting for RED",0,"yellow (1), blue (1)"
2026-09-24 09:10:01,red,WRONG COLOR DETECTED: yellow (1) | Waiting for RED,0,yellow (1)
2026-09-24 09:10:03,red,CORRECT COLOR DETECTED: RED (1) | Wrong color(s): yellow (1),1,yellow (1)
2026-09-24 09:10:03,red,WRONG COLOR DETECTED: yellow (1) | Waiting for RED,0,yellow (1)
2026-09-24 09:10:04,red,"WRONG COLOR DETECTED: yellow (1), blue (1) | Waiting for RED",0,"yellow (1), blue (1)"
2026-09-24 09:10:04,red,WRONG COLOR DETECTED: yellow (1) | Waiting for RED,0,yellow (1)
2026-09-24 09:10:04,red,CORRECT COLOR DETECTED: RED (1) | Wrong color(s): yellow (1),1,yellow (1)
2026-09-24 09:10:04,red,"WRONG COLOR DETECTED: yellow (1), blue (1) | Waiting for RED",0,"yellow (1), blue (1)"
2026-09-24 09:10:04,red,WRONG COLOR DETECTED: yellow (1) | Waiting for RED,0,yellow (1)
2026-09-24 09:10:04,red,"WRONG COLOR DETECTED: yellow (1), blue (1) | Waiting for RED",0,"yellow (1), blue (1)"
2026-09-24 09:10:05,red,WRONG COLOR DETECTED: yellow (1) | Waiting for RED,0,yellow (1)
2026-09-24 09:10:05,red,CORRECT COLOR DETECTED: RED (1) | Wrong color(s): yellow (1),1,yellow (1)
2026-09-24 09:10:05,red,"CORRECT COLOR DETECTED: RED (1) | Wrong color(s): yellow (1), blue (1)",1,"yellow (1), blue (1)"
2026-09-24 09:10:05,red,CORRECT COLOR DETECTED: RED (1) | Wrong color(s): yellow (1),1,yellow (1)
2026-09-24 09:10:05,red,"WRONG COLOR DETECTED: yellow (1), blue (1) | Waiting for RED",0,"yellow (1), blue (1)"
2026-09-24 09:10:05,red,WRONG COLOR DETECTED: yellow (1) | Waiting for RED,0,yellow (1)
2026-09-24 09:10:05,red,"CORRECT COLOR DETECTED: RED (1) | Wrong color(s): orange (1), yellow (1)",1,"orange (1), yellow (1)"
2026-09-24 09:10:05,red,"WRONG COLOR DETECTED: orange (1), yellow (1), blue (1) | Waiting for RED",0,"orange (1), yellow (1), blue (1)"
2026-09-24 09:10:05,red,"WRONG COLOR DETECTED: yellow (1), blue (1) | Waiting for RED",0,"yellow (1), blue (1)"
2026-09-24 09:10:05,red,"CORRECT COLOR DETECTED: RED (2) | Wrong color(s): orange (1), yellow (1), blue (1)",2,"orange (1), yellow (1), blue (1)"
2026-09-24 09:10:05,red,"WRONG COLOR DETECTED: yellow (1), blue (1) | Waiting for RED",0,"yellow (1), blue (1)"
2026-09-24 09:10:06,red,WRONG COLOR DETECTED: blue (1) | Waiting for RED,0,blue (1)
2026-09-24 09:10:06,red,"WRONG COLOR DETECTED: yellow (1), blue (1) | Waiting for RED",0,"yellow (1), blue (1)"
2026-09-24 09:10:06,red,"CORRECT COLOR DETECTED: RED (1) | Wrong color(s): yellow (1), blue (1)",1,"yellow (1), blue (1)"
2026-09-24 09:10:06,red,"WRONG COLOR DETECTED: yellow (1), blue (1) | Waiting for RED",0,"yellow (1), blue (1)"
2026-09-24 09:10:07,red,WRONG COLOR DETECTED: blue (1) | Waiting for RED,0,blue (1)
2026-09-24 09:10:07,red,"WRONG COLOR DETECTED: orange (1), blue (1) | Waiting for RED",0,"orange (1), blue (1)"
2026-09-24 09:10:07,red,WRONG COLOR DETECTED: blue (1) | Waiting for RED,0,blue (1)
2026-09-24 09:10:08,red,"WRONG COLOR DETECTED: yellow (1), blue (1) | Waiting for RED",0,"yellow (1), blue (1)"
2026-09-24 09:10:08,red,WRONG COLOR DETECTED: blue (1) | Waiting for RED,0,blue (1)
2026-09-24 09:10:08,red,"CORRECT COLOR DETECTED: RED (1) | Wrong color(s): orange (1), blue (1)",1,"orange (1), blue (1)"
2026-09-24 09:10:08,red,WRONG COLOR DETECTED: blue (1) | Waiting for RED,0,blue (1)
2026-09-24 09:10:08,red,"WRONG COLOR DETECTED: yellow (1), blue (1) | Waiting for RED",0,"yellow (1), blue (1)"
2026-09-24 09:10:08,red,"WRONG COLOR DETECTED: orange (1), yellow (1), blue (1) | Waiting for RED",0,"orange (1), yellow (1), blue (1)"
2026-09-24 09:10:08,red,"WRONG COLOR DETECTED: yellow (1), blue (1) | Waiting for RED",0,"yellow (1), blue (1)"
2026-09-24 09:10:08,red,"CORRECT COLOR DETECTED: RED (1) | Wrong color(s): orange (2), yellow (1), blue (1)",1,"orange (2), yellow (1), blue (1)"
2026-09-24 09:10:08,red,"WRONG COLOR DETECTED: yellow (1), blue (1) | Waiting for RED",0,"yellow (1), blue (1)"
2026-09-24 09:10:09,red,"WRONG COLOR DETECTED: orange (1), yellow (1), blue (1) | Waiting for RED",0,"orange (1), yellow (1), blue (1)"
2026-09-24 09:10:09,red,"WRONG COLOR DETECTED: yellow (1), blue (1) | Waiting for RED",0,"yellow (1), blue (1)"
2026-09-24 09:10:09,red,"WRONG COLOR DETECTED: orange (1), yellow (1), blue (1) | Waiting for RED",0,"orange (1), yellow (1), blue (1)"
2026-09-24 09:10:09,red,"CORRECT COLOR DETECTED: RED (1) | Wrong color(s): orange (1), yellow (1), blue (1)",1,"orange (1), yellow (1), blue (1)"
2026-09-24 09:10:09,red,"WRONG COLOR DETECTED: yellow (1), blue (1) | Waiting for RED",0,"yellow (1), blue (1)"
2026-09-24 09:10:10,red,WRONG COLOR DETECTED: blue (1) | Waiting for RED,0,blue (1)
2026-09-24 09:10:10,red,"WRONG COLOR DETECTED: yellow (1), blue (1) | Waiting for RED",0,"yellow (1), blue (1)"
2026-09-24 09:10:11,red,"WRONG COLOR DETECTED: orange (1), yellow (1), blue (1) | Waiting for RED",0,"orange (1), yellow (1), blue (1)"
2026-09-24 09:10:11,red,"CORRECT COLOR DETECTED: RED (2) | Wrong color(s): orange (1), yellow (1), blue (1)",2,"orange (1), yellow (1), blue (1)"
2026-09-24 09:10:11,red,CORRECT COLOR DETECTED: RED (1) | Wrong color(s): blue (1),1,blue (1)
2026-09-24 09:10:11,red,"WRONG COLOR DETECTED: yellow (1), blue (1) | Waiting for RED",0,"yellow (1), blue (1)"
2026-09-24 09:10:11,red,CORRECT COLOR DETECTED: RED (1) | Wrong color(s): blue (1),1,blue (1)
2026-09-24 09:10:11,red,CORRECT COLOR DETECTED: RED (1),1,
2026-09-24 09:13:16,red,CORRECT COLOR DETECTED: RED (1),1,
2026-09-24 09:13:16,red,CORRECT COLOR DETECTED: RED (1) | Wrong color(s): orange (1),1,orange (1)
2026-09-24 09:13:16,red,WRONG COLOR DETECTED: orange (1) | Waiting for RED,0,orange (1)
2026-09-24 09:13:16,red,CORRECT COLOR DETECTED: RED (1),1,
2026-09-24 09:13:16,red,CORRECT COLOR DETECTED: RED (1) | Wrong color(s): orange (1),1,orange (1)
2026-09-24 09:13:17,red,CORRECT COLOR DETECTED: RED (2) | Wrong color(s): orange (1),2,orange (1)
2026-09-24 09:13:17,red,CORRECT COLOR DETECTED: RED (2) | Wrong color(s): orange (2),2,orange (2)
2026-09-24 09:13:17,red,CORRECT COLOR DETECTED: RED (2),2,
2026-09-24 09:13:17,red,CORRECT COLOR DETECTED: RED (1),1,
2026-09-24 09:13:19,red,CORRECT COLOR DETECTED: RED (2),2,
2026-09-24 09:13:19,red,CORRECT COLOR DETECTED: RED (2) | Wrong color(s): orange (1),2,orange (1)
2026-09-24 09:13:19,red,CORRECT COLOR DETECTED: RED (1) | Wrong color(s): orange (1),1,orange (1)
2026-09-24 09:13:19,red,CORRECT COLOR DETECTED: RED (1),1,
2026-09-24 09:13:20,red,CORRECT COLOR DETECTED: RED (1),1,
2026-09-24 09:13:20,red,CORRECT COLOR DETECTED: RED (1),1,
2026-09-24 09:13:20,red,CORRECT COLOR DETECTED: RED (2),2,
2026-09-24 09:13:20,red,CORRECT COLOR DETECTED: RED (1),1,
2026-09-24 09:13:20,red,CORRECT COLOR DETECTED: RED (1) | Wrong color(s): orange (1),1,orange (1)
2026-09-24 09:13:20,red,CORRECT COLOR DETECTED: RED (1),1,
2026-09-24 09:13:21,red,CORRECT COLOR DETECTED: RED (2),2,
2026-09-24 09:13:21,red,CORRECT COLOR DETECTED: RED (2) | Wrong color(s): orange (1),2,orange (1)
2026-09-24 09:13:21,red,CORRECT COLOR DETECTED: RED (1),1,
2026-09-24 09:13:21,red,CORRECT COLOR DETECTED: RED (1),1,
2026-09-24 09:13:22,red,CORRECT COLOR DETECTED: RED (2),2,
2026-09-24 09:13:22,red,CORRECT COLOR DETECTED: RED (1),1,
2026-09-24 09:13:22,red,CORRECT COLOR DETECTED: RED (1),1,
2026-09-24 09:13:22,red,CORRECT COLOR DETECTED: RED (1) | Wrong color(s): orange (1),1,orange (1)
2026-09-24 09:13:22,red,CORRECT COLOR DETECTED: RED (1),1,
2026-09-24 09:13:24,red,CORRECT COLOR DETECTED: RED (2),2,
2026-09-24 09:13:24,red,CORRECT COLOR DETECTED: RED (2) | Wrong color(s): orange (1),2,orange (1)
2026-09-24 09:13:24,red,CORRECT COLOR DETECTED: RED (2) | Wrong color(s): orange (2),2,orange (2)
2026-09-24 09:13:24,red,CORRECT COLOR DETECTED: RED (1) | Wrong color(s): orange (1),1,orange (1)
2026-09-24 09:13:24,red,CORRECT COLOR DETECTED: RED (1),1,
2026-09-24 09:13:24,red,CORRECT COLOR DETECTED: RED (2),2,
2026-09-24 09:13:24,red,CORRECT COLOR DETECTED: RED (1),1,
2026-09-24 09:13:24,red,CORRECT COLOR DETECTED: RED (2) | Wrong color(s): orange (1),2,orange (1)
2026-09-24 09:13:25,red,CORRECT COLOR DETECTED: RED (1) | Wrong color(s): orange (1),1,orange (1)
2026-09-24 09:13:25,red,CORRECT COLOR DETECTED: RED (1),1,
2026-09-24 09:13:25,red,CORRECT COLOR DETECTED: RED (2),2,
2026-09-24 09:13:25,red,CORRECT COLOR DETECTED: RED (1) | Wrong color(s): orange (2),1,orange (2)
2026-09-24 09:13:25,red,CORRECT COLOR DETECTED: RED (1),1,
2026-09-24 09:13:25,red,WRONG COLOR DETECTED: orange (1) | Waiting for RED,0,orange (1)
2026-09-24 09:13:26,red,WRONG COLOR DETECTED: orange (1) | Waiting for RED,0,orange (1)
2026-09-24 09:13:26,red,CORRECT COLOR DETECTED: RED (1),1,
2026-09-24 09:13:26,red,CORRECT COLOR DETECTED: RED (2),2,
2026-09-24 09:13:26,red,CORRECT COLOR DETECTED: RED (1),1,
2026-09-24 09:13:26,red,CORRECT COLOR DETECTED: RED (2),2,
2026-09-24 09:13:26,red,CORRECT COLOR DETECTED: RED (1),1,
2026-09-24 09:13:26,red,CORRECT COLOR DETECTED: RED (1),1,
2026-09-24 09:13:27,red,CORRECT COLOR DETECTED: RED (1),1,
2026-09-24 09:13:27,red,CORRECT COLOR DETECTED: RED (1) | Wrong color(s): orange (2),1,orange (2)
2026-09-24 09:13:27,red,WRONG COLOR DETECTED: orange (2) | Waiting for RED,0,orange (2)
2026-09-24 09:13:27,red,WRONG COLOR DETECTED: orange (3) | Waiting for RED,0,orange (3)
2026-09-24 09:13:27,red,WRONG COLOR DETECTED: orange (2) | Waiting for RED,0,orange (2)
2026-09-24 09:13:27,red,WRONG COLOR DETECTED: orange (1) | Waiting for RED,0,orange (1)
2026-09-24 09:13:28,red,WRONG COLOR DETECTED: orange (1) | Waiting for RED,0,orange (1)
2026-09-24 09:13:28,red,WRONG COLOR DETECTED: orange (1) | Waiting for RED,0,orange (1)
2026-09-24 09:13:28,red,CORRECT COLOR DETECTED: RED (1),1,
2026-09-24 09:13:28,red,WRONG COLOR DETECTED: orange (1) | Waiting for RED,0,orange (1)
2026-09-24 09:13:29,red,WRONG COLOR DETECTED: orange (1) | Waiting for RED,0,orange (1)
2026-09-24 09:13:29,red,CORRECT COLOR DETECTED: RED (1),1,
2026-09-24 09:13:29,red,CORRECT COLOR DETECTED: RED (1),1,
2026-09-24 09:13:30,red,WRONG COLOR DETECTED: orange (1) | Waiting for RED,0,orange (1)
2026-09-24 09:13:30,red,WRONG COLOR DETECTED: orange (1) | Waiting for RED,0,orange (1)
2026-09-24 09:13:30,red,WRONG COLOR DETECTED: orange (1) | Waiting for RED,0,orange (1)
2026-09-24 09:13:30,red,WRONG COLOR DETECTED: orange (1) | Waiting for RED,0,orange (1)
2026-09-24 09:13:31,red,WRONG COLOR DETECTED: orange (1) | Waiting for RED,0,orange (1)
2026-09-24 09:13:31,red,CORRECT COLOR DETECTED: RED (1) | Wrong color(s): orange (1),1,orange (1)
2026-09-24 09:13:31,red,WRONG COLOR DETECTED: orange (1) | Waiting for RED,0,orange (1)
2026-09-24 09:13:31,red,CORRECT COLOR DETECTED: RED (1) | Wrong color(s): orange (1),1,orange (1)
2026-09-24 09:13:31,red,WRONG COLOR DETECTED: orange (2) | Waiting for RED,0,orange (2)
2026-09-24 09:13:31,red,CORRECT COLOR DETECTED: RED (1) | Wrong color(s): orange (1),1,orange (1)
2026-09-24 09:13:31,red,CORRECT COLOR DETECTED: RED (2),2,
2026-09-24 09:13:31,red,CORRECT COLOR DETECTED: RED (1),1,
2026-09-24 09:13:33,red,CORRECT COLOR DETECTED: RED (2),2,
2026-09-24 09:13:33,red,CORRECT COLOR DETECTED: RED (1),1,
2026-09-24 09:13:34,red,CORRECT COLOR DETECTED: RED (1) | Wrong color(s): orange (1),1,orange (1)
2026-09-24 09:13:34,red,CORRECT COLOR DETECTED: RED (1) | Wrong color(s): orange (1),1,orange (1)
2026-09-24 09:13:34,red,CORRECT COLOR DETECTED: RED (1),1,
2026-09-24 09:13:35,red,WRONG COLOR DETECTED: orange (1) | Waiting for RED,0,orange (1)
2026-09-24 09:13:35,red,CORRECT COLOR DETECTED: RED (1),1,
2026-09-24 09:13:36,red,CORRECT COLOR DETECTED: RED (2),2,
2026-09-24 09:13:36,red,CORRECT COLOR DETECTED: RED (1),1,
2026-09-24 09:13:36,red,CORRECT COLOR DETECTED: RED (2),2,
2026-09-24 09:13:36,red,CORRECT COLOR DETECTED: RED (1),1,
2026-09-24 09:13:36,red,CORRECT COLOR DETECTED: RED (1) | Wrong color(s): orange (1),1,orange (1)
2026-09-24 09:13:36,red,CORRECT COLOR DETECTED: RED (1),1,
2026-09-24 09:13:36,red,CORRECT COLOR DETECTED: RED (2),2,
2026-09-24 09:13:36,red,CORRECT COLOR DETECTED: RED (1),1,
2026-09-24 09:13:37,red,CORRECT COLOR DETECTED: RED (1),1,
2026-09-24 09:13:37,red,WRONG COLOR DETECTED: orange (1) | Waiting for RED,0,orange (1)
2026-09-24 09:13:37,red,WRONG COLOR DETECTED: orange (3) | Waiting for RED,0,orange (3)
2026-09-24 09:13:37,red,WRONG COLOR DETECTED: orange (1) | Waiting for RED,0,orange (1)
2026-09-24 09:13:37,red,WRONG COLOR DETECTED: orange (2) | Waiting for RED,0,orange (2)
2026-09-24 09:13:37,red,WRONG COLOR DETECTED: orange (1) | Waiting for RED,0,orange (1)
2026-09-24 09:13:38,red,WRONG COLOR DETECTED: orange (1) | Waiting for RED,0,orange (1)
2026-09-24 09:13:38,red,WRONG COLOR DETECTED: orange (2) | Waiting for RED,0,orange (2)
2026-09-24 09:13:38,red,WRONG COLOR DETECTED: orange (1) | Waiting for RED,0,orange (1)
2026-09-24 09:13:38,red,WRONG COLOR DETECTED: orange (2) | Waiting for RED,0,orange (2)
2026-09-24 09:13:38,red,WRONG COLOR DETECTED: blue (1) | Waiting for RED,0,blue (1)
2026-09-24 09:13:38,red,WRONG COLOR DETECTED: orange (1) | Waiting for RED,0,orange (1)
2026-09-24 09:13:38,red,"WRONG COLOR DETECTED: orange (1), blue (1) | Waiting for RED",0,"orange (1), blue (1)"
2026-09-24 09:13:39,red,WRONG COLOR DETECTED: orange (1) | Waiting for RED,0,orange (1)
2026-09-24 09:13:39,red,"WRONG COLOR DETECTED: orange (1), blue (1) | Waiting for RED",0,"orange (1), blue (1)"
2026-09-24 09:13:39,red,CORRECT COLOR DETECTED: RED (1) | Wrong color(s): orange (2),1,orange (2)
2026-09-24 09:13:39,red,WRONG COLOR DETECTED: orange (1) | Waiting for RED,0,orange (1)
2026-09-24 09:13:39,red,CORRECT COLOR DETECTED: RED (1) | Wrong color(s): orange (1),1,orange (1)
2026-09-24 09:13:39,red,WRONG COLOR DETECTED: orange (1) | Waiting for RED,0,orange (1)
2026-09-24 09:13:39,red,CORRECT COLOR DETECTED: RED (1) | Wrong color(s): orange (1),1,orange (1)
2026-09-24 09:13:40,red,WRONG COLOR DETECTED: orange (1) | Waiting for RED,0,orange (1)
2026-09-24 09:13:40,red,CORRECT COLOR DETECTED: RED (1) | Wrong color(s): orange (1),1,orange (1)
2026-09-24 09:13:40,red,CORRECT COLOR DETECTED: RED (1),1,
2026-09-24 09:13:40,red,CORRECT COLOR DETECTED: RED (1) | Wrong color(s): orange (1),1,orange (1)
2026-09-24 09:13:44,red,WRONG COLOR DETECTED: orange (1) | Waiting for RED,0,orange (1)
2026-09-24 09:13:44,red,CORRECT COLOR DETECTED: RED (1) | Wrong color(s): orange (1),1,orange (1)
2026-09-24 09:13:45,red,WRONG COLOR DETECTED: orange (1) | Waiting for RED,0,orange (1)
2026-09-24 09:13:45,red,CORRECT COLOR DETECTED: RED (1) | Wrong color(s): orange (1),1,orange (1)
2026-09-24 09:13:45,red,WRONG COLOR DETECTED: orange (1) | Waiting for RED,0,orange (1)
2026-09-24 09:13:45,red,CORRECT COLOR DETECTED: RED (1) | Wrong color(s): orange (1),1,orange (1)
2026-09-24 09:13:45,red,CORRECT COLOR DETECTED: RED (1),1,
2026-09-24 09:13:46,red,CORRECT COLOR DETECTED: RED (1) | Wrong color(s): orange (1),1,orange (1)
2026-09-24 09:13:46,red,CORRECT COLOR DETECTED: RED (1) | Wrong color(s): orange (1),1,orange (1)
2026-09-24 09:13:46,red,CORRECT COLOR DETECTED: RED (1),1,
2026-09-24 09:13:47,red,CORRECT COLOR DETECTED: RED (1),1,
2026-09-24 09:13:51,red,CORRECT COLOR DETECTED: RED (1),1,
2026-09-24 09:13:51,red,CORRECT COLOR DETECTED: RED (2) | Wrong color(s): orange (1),2,orange (1)
2026-09-24 09:13:51,red,CORRECT COLOR DETECTED: RED (2) | Wrong color(s): orange (2),2,orange (2)
2026-09-24 09:13:51,red,CORRECT COLOR DETECTED: RED (1) | Wrong color(s): orange (1),1,orange (1)
2026-09-24 09:13:51,red,CORRECT COLOR DETECTED: RED (1) | Wrong color(s): orange (2),1,orange (2)
2026-09-24 09:13:51,red,CORRECT COLOR DETECTED: RED (1),1,
2026-09-24 09:13:54,red,CORRECT COLOR DETECTED: RED (2),2,
2026-09-24 09:13:55,red,CORRECT COLOR DETECTED: RED (2) | Wrong color(s): orange (1),2,orange (1)
2026-09-24 09:13:55,red,CORRECT COLOR DETECTED: RED (1) | Wrong color(s): orange (1),1,orange (1)
2026-09-24 09:13:55,red,CORRECT COLOR DETECTED: RED (1),1,
2026-09-24 09:13:55,red,CORRECT COLOR DETECTED: RED (1) | Wrong color(s): orange (1),1,orange (1)
2026-09-24 09:13:55,red,CORRECT COLOR DETECTED: RED (1),1,
2026-09-24 09:13:56,red,CORRECT COLOR DETECTED: RED (2),2,
2026-09-24 09:13:56,red,CORRECT COLOR DETECTED: RED (1),1,
2026-09-24 09:13:58,red,CORRECT COLOR DETECTED: RED (1) | Wrong color(s): orange (1),1,orange (1)
2026-09-24 09:13:58,red,CORRECT COLOR DETECTED: RED (1),1,
2026-09-24 09:13:59,red,CORRECT COLOR DETECTED: RED (1),1,
2026-09-24 09:13:59,red,CORRECT COLOR DETECTED: RED (1) | Wrong color(s): orange (1),1,orange (1)
2026-09-24 09:13:59,red,CORRECT COLOR DETECTED: RED (2),2,
2026-09-24 09:13:59,red,CORRECT COLOR DETECTED: RED (1),1,
2026-09-24 09:13:59,red,CORRECT COLOR DETECTED: RED (2),2,
2026-09-24 09:13:59,red,CORRECT COLOR DETECTED: RED (1),1,
2026-09-24 09:13:59,red,CORRECT COLOR DETECTED: RED (2),2,
2026-09-24 09:13:59,red,CORRECT COLOR DETECTED: RED (1),1,
2026-09-24 09:14:00,red,CORRECT COLOR DETECTED: RED (2),2,
2026-09-24 09:14:00,red,CORRECT COLOR DETECTED: RED (1),1,
2026-09-24 09:14:00,red,CORRECT COLOR DETECTED: RED (2) | Wrong color(s): orange (1),2,orange (1)
2026-09-24 09:14:00,red,CORRECT COLOR DETECTED: RED (1),1,
2026-09-24 09:14:00,red,CORRECT COLOR DETECTED: RED (2),2,
2026-09-24 09:14:00,red,CORRECT COLOR DETECTED: RED (1),1,
2026-09-24 09:14:00,red,CORRECT COLOR DETECTED: RED (2),2,
2026-09-24 09:14:00,red,CORRECT COLOR DETECTED: RED (1),1,
2026-09-24 09:14:00,red,CORRECT COLOR DETECTED: RED (2),2,
2026-09-24 09:14:01,red,CORRECT COLOR DETECTED: RED (1),1,
2026-09-24 09:14:01,red,CORRECT COLOR DETECTED: RED (2),2,
2026-09-24 09:14:01,red,CORRECT COLOR DETECTED: RED (1),1,
2026-09-24 09:14:01,red,CORRECT COLOR DETECTED: RED (2),2,
2026-09-24 09:14:01,red,CORRECT COLOR DETECTED: RED (1),1,
2026-09-24 09:14:01,red,CORRECT COLOR DETECTED: RED (1) | Wrong color(s): orange (1),1,orange (1)
2026-09-24 09:14:02,red,CORRECT COLOR DETECTED: RED (1),1,
2026-09-24 09:14:02,red,CORRECT COLOR DETECTED: RED (2),2,
2026-09-24 09:14:02,red,CORRECT COLOR DETECTED: RED (1),1,
2026-09-24 09:14:02,red,CORRECT COLOR DETECTED: RED (1),1,
2026-09-24 09:14:02,red,CORRECT COLOR DETECTED: RED (1) | Wrong color(s): orange (1),1,orange (1)
2026-09-24 09:14:02,red,CORRECT COLOR DETECTED: RED (2) | Wrong color(s): orange (1),2,orange (1)
2026-09-24 09:14:02,red,CORRECT COLOR DETECTED: RED (1) | Wrong color(s): orange (1),1,orange (1)
2026-09-24 09:14:02,red,CORRECT COLOR DETECTED: RED (2) | Wrong color(s): orange (1),2,orange (1)
2026-09-24 09:14:02,red,CORRECT COLOR DETECTED: RED (1),1,
2026-09-24 09:14:03,red,WRONG COLOR DETECTED: orange (1) | Waiting for RED,0,orange (1)
2026-09-24 09:14:04,red,WRONG COLOR DETECTED: orange (1) | Waiting for RED,0,orange (1)
2026-09-24 09:14:04,red,WRONG COLOR DETECTED: blue (1) | Waiting for RED,0,blue (1)
2026-09-24 09:14:05,red,"WRONG COLOR DETECTED: orange (1), blue (1) | Waiting for RED",0,"orange (1), blue (1)"
2026-09-24 09:14:05,red,WRONG COLOR DETECTED: blue (1) | Waiting for RED,0,blue (1)
2026-09-24 09:14:06,red,CORRECT COLOR DETECTED: RED (1) | Wrong color(s): blue (1),1,blue (1)
2026-09-24 09:14:07,red,"CORRECT COLOR DETECTED: RED (1) | Wrong color(s): orange (1), blue (1)",1,"orange (1), blue (1)"
2026-09-24 09:14:07,red,CORRECT COLOR DETECTED: RED (1) | Wrong color(s): blue (1),1,blue (1)
2026-09-24 09:14:07,red,CORRECT COLOR DETECTED: RED (1),1,
2026-09-24 09:14:07,red,CORRECT COLOR DETECTED: RED (2) | Wrong color(s): orange (1),2,orange (1)
2026-09-24 09:14:07,red,CORRECT COLOR DETECTED: RED (1),1,
2026-09-24 09:14:08,red,CORRECT COLOR DETECTED: RED (2),2,
2026-09-24 09:14:08,red,CORRECT COLOR DETECTED: RED (2) | Wrong color(s): orange (1),2,orange (1)
2026-09-24 09:14:08,red,CORRECT COLOR DETECTED: RED (2),2,
2026-09-24 09:14:09,red,CORRECT COLOR DETECTED: RED (3),3,
2026-09-24 09:14:10,red,CORRECT COLOR DETECTED: RED (2) | Wrong color(s): orange (1),2,orange (1)
2026-09-24 09:14:10,red,CORRECT COLOR DETECTED: RED (1),1,
2026-09-24 09:14:10,red,CORRECT COLOR DETECTED: RED (2),2,
2026-09-24 09:14:10,red,CORRECT COLOR DETECTED: RED (2) | Wrong color(s): orange (1),2,orange (1)
2026-09-24 09:14:10,red,CORRECT COLOR DETECTED: RED (1) | Wrong color(s): orange (1),1,orange (1)
2026-09-24 09:14:10,red,CORRECT COLOR DETECTED: RED (1),1,
2026-09-24 09:14:10,red,CORRECT COLOR DETECTED: RED (3) | Wrong color(s): orange (1),3,orange (1)
2026-09-24 09:14:10,red,CORRECT COLOR DETECTED: RED (3),3,
2026-09-24 09:14:10,red,CORRECT COLOR DETECTED: RED (2),2,
2026-09-24 09:14:10,red,CORRECT COLOR DETECTED: RED (2) | Wrong color(s): orange (1),2,orange (1)
2026-09-24 09:14:10,red,CORRECT COLOR DETECTED: RED (2),2,
2026-09-24 09:14:11,red,CORRECT COLOR DETECTED: RED (1),1,
2026-09-24 09:14:11,red,CORRECT COLOR DETECTED: RED (2),2,
2026-09-24 09:14:11,red,CORRECT COLOR DETECTED: RED (1),1,
2026-09-24 09:14:12,red,CORRECT COLOR DETECTED: RED (1),1,
2026-09-24 09:14:13,red,CORRECT COLOR DETECTED: RED (1),1,
2026-09-24 09:14:14,red,CORRECT COLOR DETECTED: RED (1) | Wrong color(s): orange (1),1,orange (1)
2026-09-24 09:14:14,red,CORRECT COLOR DETECTED: RED (1),1,
2026-09-24 09:14:14,red,WRONG COLOR DETECTED: orange (1) | Waiting for RED,0,orange (1)
2026-09-24 09:14:14,red,CORRECT COLOR DETECTED: RED (1),1,
2026-09-24 09:14:14,red,WRONG COLOR DETECTED: orange (1) | Waiting for RED,0,orange (1)
2026-09-24 09:14:16,red,CORRECT COLOR DETECTED: RED (1),1,
2026-09-24 09:14:18,red,CORRECT COLOR DETECTED: RED (1),1,
2026-09-24 09:14:19,red,CORRECT COLOR DETECTED: RED (2),2,
2026-09-24 09:14:19,red,CORRECT COLOR DETECTED: RED (1),1,
2026-09-24 09:14:20,red,CORRECT COLOR DETECTED: RED (1) | Wrong color(s): orange (1),1,orange (1)
2026-09-24 09:14:20,red,CORRECT COLOR DETECTED: RED (1),1,
2026-09-24 09:14:20,red,CORRECT COLOR DETECTED: RED (1),1,
2026-09-24 09:14:20,red,WRONG COLOR DETECTED: orange (1) | Waiting for RED,0,orange (1)
2026-09-24 09:14:21,red,CORRECT COLOR DETECTED: RED (1),1,
2026-09-24 09:14:22,red,"WRONG COLOR DETECTED: orange (1), blue (1) | Waiting for RED",0,"orange (1), blue (1)"
2026-09-24 09:14:22,red,WRONG COLOR DETECTED: blue (1) | Waiting for RED,0,blue (1)
2026-09-24 09:14:22,red,WRONG COLOR DETECTED: orange (1) | Waiting for RED,0,orange (1)
2026-09-24 09:14:23,red,WRONG COLOR DETECTED: blue (1) | Waiting for RED,0,blue (1)
2026-09-24 09:14:23,red,CORRECT COLOR DETECTED: RED (1),1,
2026-09-24 09:14:23,red,CORRECT COLOR DETECTED: RED (1) | Wrong color(s): blue (1),1,blue (1)
2026-09-24 09:14:23,red,"CORRECT COLOR DETECTED: RED (1) | Wrong color(s): orange (1), blue (1)",1,"orange (1), blue (1)"
2026-09-24 09:14:24,red,"CORRECT COLOR DETECTED: RED (1) | Wrong color(s): orange (2), blue (1)",1,"orange (2), blue (1)"
2026-09-24 09:14:24,red,"WRONG COLOR DETECTED: orange (2), blue (1) | Waiting for RED",0,"orange (2), blue (1)"
2026-09-24 09:14:24,red,"CORRECT COLOR DETECTED: RED (1) | Wrong color(s): orange (2), blue (1)",1,"orange (2), blue (1)"
2026-09-24 09:14:24,red,CORRECT COLOR DETECTED: RED (1) | Wrong color(s): orange (1),1,orange (1)
2026-09-24 09:14:24,red,WRONG COLOR DETECTED: orange (1) | Waiting for RED,0,orange (1)
2026-09-24 09:14:24,red,CORRECT COLOR DETECTED: RED (1) | Wrong color(s): orange (1),1,orange (1)
2026-09-24 09:14:24,red,WRONG COLOR DETECTED: orange (1) | Waiting for RED,0,orange (1)
2026-09-24 09:14:24,red,WRONG COLOR DETECTED: orange (2) | Waiting for RED,0,orange (2)
2026-09-24 09:14:25,red,WRONG COLOR DETECTED: orange (1) | Waiting for RED,0,orange (1)
2026-09-24 09:14:25,red,CORRECT COLOR DETECTED: RED (1),1,
2026-09-24 09:14:25,red,WRONG COLOR DETECTED: orange (1) | Waiting for RED,0,orange (1)
2026-09-24 09:14:25,red,CORRECT COLOR DETECTED: RED (1),1,
2026-09-24 09:14:25,red,WRONG COLOR DETECTED: orange (1) | Waiting for RED,0,orange (1)
2026-09-24 09:14:25,red,CORRECT COLOR DETECTED: RED (1) | Wrong color(s): orange (1),1,orange (1)
2026-09-24 09:14:26,red,WRONG COLOR DETECTED: orange (1) | Waiting for RED,0,orange (1)
2026-09-24 09:14:26,red,CORRECT COLOR DETECTED: RED (1),1,
2026-09-24 09:14:26,red,WRONG COLOR DETECTED: orange (1) | Waiting for RED,0,orange (1)
2026-09-24 09:14:26,red,CORRECT COLOR DETECTED: RED (1) | Wrong color(s): orange (1),1,orange (1)
2026-09-24 09:14:26,red,WRONG COLOR DETECTED: orange (1) | Waiting for RED,0,orange (1)
2026-09-24 09:14:27,red,CORRECT COLOR DETECTED: RED (1) | Wrong color(s): orange (1),1,orange (1)
2026-09-24 09:14:27,red,CORRECT COLOR DETECTED: RED (1) | Wrong color(s): orange (2),1,orange (2)
2026-09-24 09:14:27,red,CORRECT COLOR DETECTED: RED (1),1,
2026-09-24 09:14:27,red,WRONG COLOR DETECTED: orange (1) | Waiting for RED,0,orange (1)
2026-09-24 09:14:27,red,CORRECT COLOR DETECTED: RED (1) | Wrong color(s): orange (1),1,orange (1)
2026-09-24 09:14:27,red,CORRECT COLOR DETECTED: RED (1),1,
2026-09-24 09:14:27,red,WRONG COLOR DETECTED: orange (1) | Waiting for RED,0,orange (1)
2026-09-24 09:14:28,red,WRONG COLOR DETECTED: orange (1) | Waiting for RED,0,orange (1)
2026-09-24 09:14:29,red,CORRECT COLOR DETECTED: RED (1),1,
2026-09-24 09:14:30,red,CORRECT COLOR DETECTED: RED (1),1,
2026-09-24 09:14:37,blue,WRONG COLOR DETECTED: orange (1) | Waiting for BLUE,0,orange (1)
2026-09-24 09:14:38,blue,WRONG COLOR DETECTED: red (1) | Waiting for BLUE,0,red (1)
2026-09-24 09:14:39,blue,WRONG COLOR DETECTED: orange (1) | Waiting for BLUE,0,orange (1)
2026-09-24 09:14:40,blue,WRONG COLOR DETECTED: orange (1) | Waiting for BLUE,0,orange (1)
2026-09-24 09:14:40,blue,WRONG COLOR DETECTED: orange (2) | Waiting for BLUE,0,orange (2)
2026-09-24 09:14:40,blue,WRONG COLOR DETECTED: orange (1) | Waiting for BLUE,0,orange (1)
2026-09-24 09:14:41,blue,WRONG COLOR DETECTED: red (1) | Waiting for BLUE,0,red (1)
2026-09-24 09:14:41,blue,WRONG COLOR DETECTED: red (1) | Waiting for BLUE,0,red (1)
2026-09-24 09:14:41,blue,WRONG COLOR DETECTED: orange (1) | Waiting for BLUE,0,orange (1)
2026-09-24 09:14:41,blue,"WRONG COLOR DETECTED: red (1), orange (1) | Waiting for BLUE",0,"red (1), orange (1)"
2026-09-24 09:14:41,blue,WRONG COLOR DETECTED: red (1) | Waiting for BLUE,0,red (1)
2026-09-24 09:14:41,blue,"WRONG COLOR DETECTED: red (1), orange (1) | Waiting for BLUE",0,"red (1), orange (1)"
2026-09-24 09:14:42,blue,WRONG COLOR DETECTED: red (1) | Waiting for BLUE,0,red (1)
2026-09-24 09:14:42,blue,CORRECT COLOR DETECTED: BLUE (1),1,
2026-09-24 09:14:42,blue,CORRECT COLOR DETECTED: BLUE (1) | Wrong color(s): red (1),1,red (1)
2026-09-24 09:14:42,blue,CORRECT COLOR DETECTED: BLUE (1),1,
2026-09-24 09:14:42,blue,CORRECT COLOR DETECTED: BLUE (1) | Wrong color(s): orange (1),1,orange (1)
2026-09-24 09:14:42,blue,CORRECT COLOR DETECTED: BLUE (1),1,
2026-09-24 09:14:42,blue,"CORRECT COLOR DETECTED: BLUE (1) | Wrong color(s): red (1), orange (1)",1,"red (1), orange (1)"
2026-09-24 09:14:42,blue,CORRECT COLOR DETECTED: BLUE (1),1,
2026-09-24 09:14:42,blue,WRONG COLOR DETECTED: red (1) | Waiting for BLUE,0,red (1)
2026-09-24 09:14:43,blue,CORRECT COLOR DETECTED: BLUE (1) | Wrong color(s): red (1),1,red (1)
2026-09-24 09:14:43,blue,CORRECT COLOR DETECTED: BLUE (1) | Wrong color(s): orange (1),1,orange (1)
2026-09-24 09:14:43,blue,CORRECT COLOR DETECTED: BLUE (1),1,
2026-09-24 09:14:43,blue,CORRECT COLOR DETECTED: BLUE (1) | Wrong color(s): orange (1),1,orange (1)
2026-09-24 09:14:43,blue,CORRECT COLOR DETECTED: BLUE (1),1,
2026-09-24 09:14:44,blue,WRONG COLOR DETECTED: orange (1) | Waiting for BLUE,0,orange (1)
2026-09-24 09:14:45,blue,WRONG COLOR DETECTED: red (1) | Waiting for BLUE,0,red (1)
2026-09-24 09:14:45,blue,WRONG COLOR DETECTED: red (2) | Waiting for BLUE,0,red (2)
2026-09-24 09:14:45,blue,WRONG COLOR DETECTED: red (3) | Waiting for BLUE,0,red (3)
2026-09-24 09:14:45,blue,WRONG COLOR DETECTED: red (1) | Waiting for BLUE,0,red (1)
2026-09-24 09:14:45,blue,WRONG COLOR DETECTED: red (1) | Waiting for BLUE,0,red (1)
2026-09-24 09:14:46,blue,WRONG COLOR DETECTED: red (1) | Waiting for BLUE,0,red (1)
2026-09-24 09:14:46,blue,"WRONG COLOR DETECTED: red (1), orange (1) | Waiting for BLUE",0,"red (1), orange (1)"
2026-09-24 09:14:46,blue,WRONG COLOR DETECTED: red (1) | Waiting for BLUE,0,red (1)
2026-09-24 09:14:46,blue,WRONG COLOR DETECTED: orange (1) | Waiting for BLUE,0,orange (1)
2026-09-24 09:14:46,blue,"WRONG COLOR DETECTED: red (2), orange (1) | Waiting for BLUE",0,"red (2), orange (1)"
2026-09-24 09:14:46,blue,WRONG COLOR DETECTED: orange (1) | Waiting for BLUE,0,orange (1)
2026-09-24 09:14:47,blue,WRONG COLOR DETECTED: orange (3) | Waiting for BLUE,0,orange (3)
2026-09-24 09:14:47,blue,WRONG COLOR DETECTED: orange (1) | Waiting for BLUE,0,orange (1)
2026-09-24 09:14:47,blue,WRONG COLOR DETECTED: orange (2) | Waiting for BLUE,0,orange (2)
2026-09-24 09:14:47,blue,WRONG COLOR DETECTED: orange (1) | Waiting for BLUE,0,orange (1)
2026-09-24 09:14:47,blue,WRONG COLOR DETECTED: red (2) | Waiting for BLUE,0,red (2)
2026-09-24 09:14:47,blue,"WRONG COLOR DETECTED: red (1), orange (1) | Waiting for BLUE",0,"red (1), orange (1)"
2026-09-24 09:14:48,blue,WRONG COLOR DETECTED: red (1) | Waiting for BLUE,0,red (1)
2026-09-24 09:14:48,blue,"WRONG COLOR DETECTED: red (1), orange (1) | Waiting for BLUE",0,"red (1), orange (1)"
2026-09-24 09:14:48,blue,"WRONG COLOR DETECTED: red (2), orange (1) | Waiting for BLUE",0,"red (2), orange (1)"
2026-09-24 09:14:48,blue,WRONG COLOR DETECTED: red (1) | Waiting for BLUE,0,red (1)
2026-09-24 09:14:48,blue,WRONG COLOR DETECTED: orange (1) | Waiting for BLUE,0,orange (1)
2026-09-24 09:14:48,blue,WRONG COLOR DETECTED: orange (1) | Waiting for BLUE,0,orange (1)
2026-09-24 09:14:49,blue,WRONG COLOR DETECTED: red (2) | Waiting for BLUE,0,red (2)
2026-09-24 09:14:49,blue,WRONG COLOR DETECTED: orange (1) | Waiting for BLUE,0,orange (1)
2026-09-24 09:14:49,blue,WRONG COLOR DETECTED: red (1) | Waiting for BLUE,0,red (1)
2026-09-24 09:14:49,blue,"WRONG COLOR DETECTED: red (1), orange (1) | Waiting for BLUE",0,"red (1), orange (1)"
2026-09-24 09:14:49,blue,WRONG COLOR DETECTED: orange (1) | Waiting for BLUE,0,orange (1)
2026-09-24 09:14:49,blue,"WRONG COLOR DETECTED: red (1), orange (1) | Waiting for BLUE",0,"red (1), orange (1)"
2026-09-24 09:14:49,blue,WRONG COLOR DETECTED: orange (1) | Waiting for BLUE,0,orange (1)
2026-09-24 09:14:49,blue,WRONG COLOR DETECTED: red (1) | Waiting for BLUE,0,red (1)
2026-09-24 09:14:50,blue,WRONG COLOR DETECTED: orange (1) | Waiting for BLUE,0,orange (1)
2026-09-24 09:14:50,blue,CORRECT COLOR DETECTED: BLUE (1) | Wrong color(s): orange (1),1,orange (1)
2026-09-24 09:14:51,blue,WRONG COLOR DETECTED: orange (1) | Waiting for BLUE,0,orange (1)
2026-09-24 09:14:52,blue,WRONG COLOR DETECTED: orange (1) | Waiting for BLUE,0,orange (1)
2026-09-24 09:14:52,blue,"WRONG COLOR DETECTED: red (1), orange (1) | Waiting for BLUE",0,"red (1), orange (1)"
2026-09-24 09:14:52,blue,WRONG COLOR DETECTED: orange (1) | Waiting for BLUE,0,orange (1)
2026-09-24 09:14:53,blue,CORRECT COLOR DETECTED: BLUE (1),1,
2026-09-24 09:14:53,blue,CORRECT COLOR DETECTED: BLUE (2),2,
2026-09-24 09:14:53,blue,WRONG COLOR DETECTED: orange (1) | Waiting for BLUE,0,orange (1)
2026-09-24 09:14:53,blue,WRONG COLOR DETECTED: orange (1) | Waiting for BLUE,0,orange (1)
2026-09-24 09:14:53,blue,WRONG COLOR DETECTED: red (1) | Waiting for BLUE,0,red (1)
2026-09-24 09:14:53,blue,"WRONG COLOR DETECTED: red (1), orange (1) | Waiting for BLUE",0,"red (1), orange (1)"
2026-09-24 09:14:53,blue,"WRONG COLOR DETECTED: red (1), orange (2) | Waiting for BLUE",0,"red (1), orange (2)"
2026-09-24 09:14:53,blue,WRONG COLOR DETECTED: red (1) | Waiting for BLUE,0,red (1)
2026-09-24 09:14:54,blue,WRONG COLOR DETECTED: orange (1) | Waiting for BLUE,0,orange (1)
2026-09-24 09:14:54,blue,"WRONG COLOR DETECTED: red (1), orange (1) | Waiting for BLUE",0,"red (1), orange (1)"
2026-09-24 09:14:54,blue,WRONG COLOR DETECTED: orange (1) | Waiting for BLUE,0,orange (1)
2026-09-24 09:14:54,blue,"WRONG COLOR DETECTED: red (1), orange (1) | Waiting for BLUE",0,"red (1), orange (1)"
2026-09-24 09:14:54,blue,WRONG COLOR DETECTED: orange (1) | Waiting for BLUE,0,orange (1)
2026-09-24 09:14:54,blue,"WRONG COLOR DETECTED: red (1), orange (1) | Waiting for BLUE",0,"red (1), orange (1)"
2026-09-24 09:14:54,blue,WRONG COLOR DETECTED: orange (1) | Waiting for BLUE,0,orange (1)
2026-09-24 09:14:54,blue,"WRONG COLOR DETECTED: red (1), orange (1) | Waiting for BLUE",0,"red (1), orange (1)"
2026-09-24 09:14:54,blue,WRONG COLOR DETECTED: red (1) | Waiting for BLUE,0,red (1)
2026-09-24 09:14:57,blue,WRONG COLOR DETECTED: red (2) | Waiting for BLUE,0,red (2)
2026-09-24 09:14:57,blue,"WRONG COLOR DETECTED: red (2), purple (1) | Waiting for BLUE",0,"red (2), purple (1)"
2026-09-24 09:14:57,blue,CORRECT COLOR DETECTED: BLUE (1) | Wrong color(s): red (1),1,red (1)
2026-09-24 09:14:57,blue,"WRONG COLOR DETECTED: red (1), orange (1) | Waiting for BLUE",0,"red (1), orange (1)"
2026-09-24 09:14:57,blue,WRONG COLOR DETECTED: red (1) | Waiting for BLUE,0,red (1)
2026-09-24 09:14:58,blue,"WRONG COLOR DETECTED: red (1), orange (1) | Waiting for BLUE",0,"red (1), orange (1)"
2026-09-24 09:14:58,blue,WRONG COLOR DETECTED: orange (1) | Waiting for BLUE,0,orange (1)
2026-09-24 09:14:59,blue,WRONG COLOR DETECTED: orange (1) | Waiting for BLUE,0,orange (1)
2026-09-24 09:14:59,blue,WRONG COLOR DETECTED: orange (1) | Waiting for BLUE,0,orange (1)
2026-09-24 09:14:59,blue,WRONG COLOR DETECTED: red (1) | Waiting for BLUE,0,red (1)
2026-09-24 09:14:59,blue,"WRONG COLOR DETECTED: red (1), orange (1) | Waiting for BLUE",0,"red (1), orange (1)"
2026-09-24 09:15:01,blue,WRONG COLOR DETECTED: orange (1) | Waiting for BLUE,0,orange (1)
2026-09-24 09:15:01,blue,WRONG COLOR DETECTED: orange (1) | Waiting for BLUE,0,orange (1)
2026-09-24 09:15:02,blue,WRONG COLOR DETECTED: orange (1) | Waiting for BLUE,0,orange (1)
2026-09-24 09:15:02,blue,WRONG COLOR DETECTED: orange (1) | Waiting for BLUE,0,orange (1)
2026-09-24 09:15:03,blue,WRONG COLOR DETECTED: orange (1) | Waiting for BLUE,0,orange (1)
2026-09-24 09:15:10,blue,WRONG COLOR DETECTED: red (1) | Waiting for BLUE,0,red (1)
2026-09-24 09:15:13,blue,WRONG COLOR DETECTED: orange (1) | Waiting for BLUE,0,orange (1)
2026-09-24 09:15:13,blue,WRONG COLOR DETECTED: orange (1) | Waiting for BLUE,0,orange (1)
2026-09-24 09:15:13,blue,WRONG COLOR DETECTED: orange (1) | Waiting for BLUE,0,orange (1)
2026-09-24 09:15:14,blue,WRONG COLOR DETECTED: orange (1) | Waiting for BLUE,0,orange (1)
2026-09-24 09:15:15,blue,CORRECT COLOR DETECTED: BLUE (1),1,
2026-09-24 09:15:15,blue,WRONG COLOR DETECTED: orange (1) | Waiting for BLUE,0,orange (1)
2026-09-24 09:15:15,blue,CORRECT COLOR DETECTED: BLUE (1) | Wrong color(s): orange (1),1,orange (1)
2026-09-24 09:15:15,blue,WRONG COLOR DETECTED: orange (1) | Waiting for BLUE,0,orange (1)
2026-09-24 09:15:15,blue,"WRONG COLOR DETECTED: red (1), orange (1) | Waiting for BLUE",0,"red (1), orange (1)"
2026-09-24 09:15:59,blue,WRONG COLOR DETECTED: orange (1) | Waiting for BLUE,0,orange (1)
2026-09-24 09:15:59,blue,WRONG COLOR DETECTED: red (1) | Waiting for BLUE,0,red (1)
2026-09-24 09:16:00,blue,WRONG COLOR DETECTED: red (1) | Waiting for BLUE,0,red (1)
2026-09-24 09:16:00,blue,WRONG COLOR DETECTED: red (2) | Waiting for BLUE,0,red (2)
2026-09-24 09:16:00,blue,WRONG COLOR DETECTED: red (1) | Waiting for BLUE,0,red (1)
2026-09-24 09:16:03,blue,"WRONG COLOR DETECTED: red (2), orange (1) | Waiting for BLUE",0,"red (2), orange (1)"
2026-09-24 09:16:03,blue,"WRONG COLOR DETECTED: red (1), orange (2) | Waiting for BLUE",0,"red (1), orange (2)"
2026-09-24 09:16:03,blue,WRONG COLOR DETECTED: red (1) | Waiting for BLUE,0,red (1)
2026-09-24 09:16:03,blue,WRONG COLOR DETECTED: orange (1) | Waiting for BLUE,0,orange (1)
2026-09-24 09:16:05,blue,WRONG COLOR DETECTED: orange (2) | Waiting for BLUE,0,orange (2)
2026-09-24 09:16:05,blue,WRONG COLOR DETECTED: red (1) | Waiting for BLUE,0,red (1)
2026-09-24 09:16:06,blue,WRONG COLOR DETECTED: red (2) | Waiting for BLUE,0,red (2)
2026-09-24 09:16:06,blue,WRONG COLOR DETECTED: red (1) | Waiting for BLUE,0,red (1)
2026-09-24 09:16:08,blue,"WRONG COLOR DETECTED: red (1), orange (1) | Waiting for BLUE",0,"red (1), orange (1)"
2026-09-24 09:16:08,blue,WRONG COLOR DETECTED: red (2) | Waiting for BLUE,0,red (2)
2026-09-24 09:16:08,blue,"WRONG COLOR DETECTED: red (1), orange (1) | Waiting for BLUE",0,"red (1), orange (1)"
2026-09-24 09:16:08,blue,WRONG COLOR DETECTED: orange (1) | Waiting for BLUE,0,orange (1)
2026-09-24 09:16:10,blue,CORRECT COLOR DETECTED: BLUE (1),1,
2026-09-24 09:16:11,blue,CORRECT COLOR DETECTED: BLUE (1) | Wrong color(s): red (1),1,red (1)
2026-09-24 09:16:11,blue,CORRECT COLOR DETECTED: BLUE (1),1,
2026-09-24 09:16:12,blue,CORRECT COLOR DETECTED: BLUE (1) | Wrong color(s): red (1),1,red (1)
2026-09-24 09:16:12,blue,CORRECT COLOR DETECTED: BLUE (1),1,
2026-09-24 09:16:12,blue,CORRECT COLOR DETECTED: BLUE (1) | Wrong color(s): orange (1),1,orange (1)
2026-09-24 09:16:14,blue,CORRECT COLOR DETECTED: BLUE (1),1,
2026-09-24 09:16:14,blue,CORRECT COLOR DETECTED: BLUE (1) | Wrong color(s): orange (2),1,orange (2)
2026-09-24 09:16:14,blue,CORRECT COLOR DETECTED: BLUE (1) | Wrong color(s): orange (1),1,orange (1)
2026-09-24 09:16:14,blue,WRONG COLOR DETECTED: orange (1) | Waiting for BLUE,0,orange (1)
2026-09-24 09:16:14,blue,WRONG COLOR DETECTED: orange (2) | Waiting for BLUE,0,orange (2)
2026-09-24 09:16:14,blue,WRONG COLOR DETECTED: orange (1) | Waiting for BLUE,0,orange (1)
2026-09-24 09:16:14,blue,WRONG COLOR DETECTED: orange (2) | Waiting for BLUE,0,orange (2)
2026-09-24 09:16:14,blue,WRONG COLOR DETECTED: orange (1) | Waiting for BLUE,0,orange (1)
2026-09-24 09:16:15,blue,WRONG COLOR DETECTED: orange (2) | Waiting for BLUE,0,orange (2)
2026-09-24 09:16:15,blue,WRONG COLOR DETECTED: orange (1) | Waiting for BLUE,0,orange (1)
2026-09-24 09:16:16,blue,WRONG COLOR DETECTED: orange (2) | Waiting for BLUE,0,orange (2)
2026-09-24 09:16:16,blue,CORRECT COLOR DETECTED: BLUE (1) | Wrong color(s): orange (1),1,orange (1)
2026-09-24 09:16:16,blue,CORRECT COLOR DETECTED: BLUE (1),1,
2026-09-24 09:16:16,blue,CORRECT COLOR DETECTED: BLUE (1),1,
2026-09-24 09:16:16,blue,WRONG COLOR DETECTED: orange (1) | Waiting for BLUE,0,orange (1)
2026-09-24 09:16:16,blue,CORRECT COLOR DETECTED: BLUE (1),1,
2026-09-24 09:16:16,blue,CORRECT COLOR DETECTED: BLUE (1) | Wrong color(s): orange (1),1,orange (1)
2026-09-24 09:16:16,blue,CORRECT COLOR DETECTED: BLUE (1),1,
2026-09-24 09:16:22,blue,CORRECT COLOR DETECTED: BLUE (1) | Wrong color(s): red (1),1,red (1)
2026-09-24 09:16:22,blue,CORRECT COLOR DETECTED: BLUE (1),1,
2026-09-24 09:16:22,blue,"CORRECT COLOR DETECTED: BLUE (1) | Wrong color(s): red (1), orange (1)",1,"red (1), orange (1)"
2026-09-24 09:16:22,blue,CORRECT COLOR DETECTED: BLUE (1),1,
2026-09-24 09:16:22,blue,CORRECT COLOR DETECTED: BLUE (2) | Wrong color(s): red (1),2,red (1)
2026-09-24 09:16:22,blue,CORRECT COLOR DETECTED: BLUE (1) | Wrong color(s): orange (2),1,orange (2)
2026-09-24 09:16:22,blue,CORRECT COLOR DETECTED: BLUE (1),1,
2026-09-24 09:16:22,blue,"CORRECT COLOR DETECTED: BLUE (1) | Wrong color(s): red (1), orange (1)",1,"red (1), orange (1)"
2026-09-24 09:16:22,blue,CORRECT COLOR DETECTED: BLUE (2) | Wrong color(s): red (1),2,red (1)
2026-09-24 09:16:22,blue,CORRECT COLOR DETECTED: BLUE (2),2,
2026-09-24 09:16:22,blue,CORRECT COLOR DETECTED: BLUE (1) | Wrong color(s): red (1),1,red (1)
2026-09-24 09:16:23,blue,WRONG COLOR DETECTED: orange (1) | Waiting for BLUE,0,orange (1)
2026-09-24 09:16:24,blue,"WRONG COLOR DETECTED: red (1), orange (1) | Waiting for BLUE",0,"red (1), orange (1)"
2026-09-24 09:16:25,blue,WRONG COLOR DETECTED: red (1) | Waiting for BLUE,0,red (1)
2026-09-24 09:16:25,blue,WRONG COLOR DETECTED: red (2) | Waiting for BLUE,0,red (2)
2026-09-24 09:16:25,blue,WRONG COLOR DETECTED: orange (2) | Waiting for BLUE,0,orange (2)
2026-09-24 09:16:25,blue,WRONG COLOR DETECTED: orange (1) | Waiting for BLUE,0,orange (1)
2026-09-24 09:16:25,blue,"WRONG COLOR DETECTED: red (2), orange (2) | Waiting for BLUE",0,"red (2), orange (2)"
2026-09-24 09:16:25,blue,"WRONG COLOR DETECTED: red (2), orange (1) | Waiting for BLUE",0,"red (2), orange (1)"
2026-09-24 09:16:25,blue,WRONG COLOR DETECTED: orange (1) | Waiting for BLUE,0,orange (1)
2026-09-24 09:16:25,blue,WRONG COLOR DETECTED: orange (1) | Waiting for BLUE,0,orange (1)
2026-09-24 09:16:27,blue,WRONG COLOR DETECTED: red (1) | Waiting for BLUE,0,red (1)
2026-09-24 09:16:27,blue,WRONG COLOR DETECTED: orange (1) | Waiting for BLUE,0,orange (1)
2026-09-24 09:16:28,blue,WRONG COLOR DETECTED: red (1) | Waiting for BLUE,0,red (1)
2026-09-24 09:16:29,blue,WRONG COLOR DETECTED: orange (1) | Waiting for BLUE,0,orange (1)
2026-09-24 09:16:29,blue,WRONG COLOR DETECTED: orange (1) | Waiting for BLUE,0,orange (1)
2026-09-24 09:16:29,blue,WRONG COLOR DETECTED: orange (1) | Waiting for BLUE,0,orange (1)
2026-09-24 09:16:29,blue,WRONG COLOR DETECTED: orange (1) | Waiting for BLUE,0,orange (1)
2026-09-24 09:16:29,blue,"WRONG COLOR DETECTED: red (1), orange (1) | Waiting for BLUE",0,"red (1), orange (1)"
2026-09-24 09:16:31,blue,WRONG COLOR DETECTED: red (1) | Waiting for BLUE,0,red (1)
2026-09-24 09:16:31,blue,WRONG COLOR DETECTED: orange (1) | Waiting for BLUE,0,orange (1)
2026-09-24 09:16:34,blue,"WRONG COLOR DETECTED: red (1), orange (1) | Waiting for BLUE",0,"red (1), orange (1)"
2026-09-24 09:16:34,blue,WRONG COLOR DETECTED: orange (1) | Waiting for BLUE,0,orange (1)
2026-09-24 09:16:34,blue,WRONG COLOR DETECTED: orange (2) | Waiting for BLUE,0,orange (2)
2026-09-24 09:16:34,blue,WRONG COLOR DETECTED: orange (1) | Waiting for BLUE,0,orange (1)
2026-09-24 09:16:35,blue,WRONG COLOR DETECTED: orange (2) | Waiting for BLUE,0,orange (2)
2026-09-24 09:16:35,blue,"WRONG COLOR DETECTED: red (1), orange (2) | Waiting for BLUE",0,"red (1), orange (2)"
2026-09-24 09:16:35,blue,WRONG COLOR DETECTED: orange (2) | Waiting for BLUE,0,orange (2)
2026-09-24 09:16:35,blue,"WRONG COLOR DETECTED: red (1), orange (2) | Waiting for BLUE",0,"red (1), orange (2)"
2026-09-24 09:16:35,blue,WRONG COLOR DETECTED: orange (2) | Waiting for BLUE,0,orange (2)
2026-09-24 09:16:36,blue,"WRONG COLOR DETECTED: red (1), orange (1) | Waiting for BLUE",0,"red (1), orange (1)"
2026-09-24 09:16:36,blue,"WRONG COLOR DETECTED: red (1), orange (2) | Waiting for BLUE",0,"red (1), orange (2)"
2026-09-24 09:16:36,blue,"WRONG COLOR DETECTED: red (1), orange (1) | Waiting for BLUE",0,"red (1), orange (1)"
2026-09-24 09:16:36,blue,WRONG COLOR DETECTED: orange (2) | Waiting for BLUE,0,orange (2)
2026-09-24 09:16:36,blue,"WRONG COLOR DETECTED: red (1), orange (1) | Waiting for BLUE",0,"red (1), orange (1)"
2026-09-24 09:16:36,blue,WRONG COLOR DETECTED: orange (1) | Waiting for BLUE,0,orange (1)
2026-09-24 09:16:36,blue,WRONG COLOR DETECTED: orange (2) | Waiting for BLUE,0,orange (2)
2026-09-24 09:16:36,blue,WRONG COLOR DETECTED: orange (1) | Waiting for BLUE,0,orange (1)
2026-09-24 09:16:36,blue,WRONG COLOR DETECTED: orange (2) | Waiting for BLUE,0,orange (2)
2026-09-24 09:16:37,blue,"WRONG COLOR DETECTED: red (1), orange (1) | Waiting for BLUE",0,"red (1), orange (1)"
2026-09-24 09:16:37,blue,WRONG COLOR DETECTED: orange (1) | Waiting for BLUE,0,orange (1)
2026-09-24 09:16:42,blue,WRONG COLOR DETECTED: orange (1) | Waiting for BLUE,0,orange (1)
2026-09-24 09:16:42,blue,WRONG COLOR DETECTED: red (1) | Waiting for BLUE,0,red (1)
2026-09-24 09:16:42,blue,WRONG COLOR DETECTED: red (3) | Waiting for BLUE,0,red (3)
2026-09-24 09:16:42,blue,WRONG COLOR DETECTED: red (1) | Waiting for BLUE,0,red (1)
2026-09-24 09:16:42,blue,"WRONG COLOR DETECTED: red (1), orange (2) | Waiting for BLUE",0,"red (1), orange (2)"
2026-09-24 09:16:43,blue,WRONG COLOR DETECTED: orange (1) | Waiting for BLUE,0,orange (1)
2026-09-24 09:16:44,blue,"WRONG COLOR DETECTED: red (1), orange (1) | Waiting for BLUE",0,"red (1), orange (1)"
2026-09-24 09:16:44,blue,WRONG COLOR DETECTED: orange (1) | Waiting for BLUE,0,orange (1)
2026-09-24 09:16:44,blue,"WRONG COLOR DETECTED: red (1), orange (1) | Waiting for BLUE",0,"red (1), orange (1)"
2026-09-24 09:16:44,blue,WRONG COLOR DETECTED: orange (1) | Waiting for BLUE,0,orange (1)
2026-09-24 09:16:44,blue,"WRONG COLOR DETECTED: red (1), orange (1) | Waiting for BLUE",0,"red (1), orange (1)"
2026-09-24 09:16:44,blue,WRONG COLOR DETECTED: orange (1) | Waiting for BLUE,0,orange (1)
2026-09-24 09:16:44,blue,"WRONG COLOR DETECTED: red (1), orange (1) | Waiting for BLUE",0,"red (1), orange (1)"
2026-09-24 09:16:45,blue,WRONG COLOR DETECTED: orange (1) | Waiting for BLUE,0,orange (1)
2026-09-24 09:16:45,blue,"WRONG COLOR DETECTED: red (1), orange (1) | Waiting for BLUE",0,"red (1), orange (1)"
2026-09-24 09:16:45,blue,"WRONG COLOR DETECTED: red (2), orange (1) | Waiting for BLUE",0,"red (2), orange (1)"
2026-09-24 09:16:45,blue,"WRONG COLOR DETECTED: red (1), orange (1) | Waiting for BLUE",0,"red (1), orange (1)"
2026-09-24 09:16:45,blue,"WRONG COLOR DETECTED: red (2), orange (1) | Waiting for BLUE",0,"red (2), orange (1)"
2026-09-24 09:16:45,blue,"WRONG COLOR DETECTED: red (1), orange (1) | Waiting for BLUE",0,"red (1), orange (1)"
2026-09-24 09:16:45,blue,WRONG COLOR DETECTED: orange (1) | Waiting for BLUE,0,orange (1)
2026-09-24 09:16:46,blue,"WRONG COLOR DETECTED: red (1), orange (1) | Waiting for BLUE",0,"red (1), orange (1)"
2026-09-24 09:16:46,blue,WRONG COLOR DETECTED: orange (1) | Waiting for BLUE,0,orange (1)
2026-09-24 09:16:46,blue,"WRONG COLOR DETECTED: red (1), orange (2) | Waiting for BLUE",0,"red (1), orange (2)"
2026-09-24 09:16:46,blue,WRONG COLOR DETECTED: orange (2) | Waiting for BLUE,0,orange (2)
2026-09-24 09:16:46,blue,WRONG COLOR DETECTED: orange (2) | Waiting for BLUE,0,orange (2)
2026-09-24 09:16:46,blue,WRONG COLOR DETECTED: orange (1) | Waiting for BLUE,0,orange (1)
2026-09-24 09:16:47,blue,WRONG COLOR DETECTED: orange (1) | Waiting for BLUE,0,orange (1)
2026-09-24 09:16:47,blue,WRONG COLOR DETECTED: orange (1) | Waiting for BLUE,0,orange (1)
2026-09-24 09:16:48,blue,WRONG COLOR DETECTED: orange (1) | Waiting for BLUE,0,orange (1)
2026-09-24 09:16:49,blue,WRONG COLOR DETECTED: red (1) | Waiting for BLUE,0,red (1)
2026-09-24 09:16:49,blue,WRONG COLOR DETECTED: orange (1) | Waiting for BLUE,0,orange (1)
2026-09-24 09:16:49,blue,"WRONG COLOR DETECTED: red (1), orange (1) | Waiting for BLUE",0,"red (1), orange (1)"
2026-09-24 09:16:49,blue,WRONG COLOR DETECTED: orange (1) | Waiting for BLUE,0,orange (1)
2026-09-24 09:16:50,blue,WRONG COLOR DETECTED: orange (1) | Waiting for BLUE,0,orange (1)
2026-09-24 09:16:50,blue,WRONG COLOR DETECTED: orange (1) | Waiting for BLUE,0,orange (1)
2026-09-24 09:16:51,blue,WRONG COLOR DETECTED: orange (2) | Waiting for BLUE,0,orange (2)
2026-09-24 09:16:51,blue,WRONG COLOR DETECTED: orange (1) | Waiting for BLUE,0,orange (1)
2026-09-24 09:16:51,blue,WRONG COLOR DETECTED: orange (1) | Waiting for BLUE,0,orange (1)
2026-09-24 09:16:51,blue,WRONG COLOR DETECTED: orange (1) | Waiting for BLUE,0,orange (1)
2026-09-24 09:16:52,blue,WRONG COLOR DETECTED: orange (1) | Waiting for BLUE,0,orange (1)
2026-09-24 09:16:52,blue,WRONG COLOR DETECTED: orange (1) | Waiting for BLUE,0,orange (1)
2026-09-24 09:16:53,blue,WRONG COLOR DETECTED: orange (1) | Waiting for BLUE,0,orange (1)
2026-09-24 09:16:53,blue,WRONG COLOR DETECTED: orange (1) | Waiting for BLUE,0,orange (1)
2026-09-24 09:16:53,blue,WRONG COLOR DETECTED: orange (1) | Waiting for BLUE,0,orange (1)
2026-09-24 09:16:54,blue,WRONG COLOR DETECTED: orange (1) | Waiting for BLUE,0,orange (1)
2026-09-24 09:16:54,blue,WRONG COLOR DETECTED: orange (1) | Waiting for BLUE,0,orange (1)
2026-09-24 09:16:54,blue,WRONG COLOR DETECTED: orange (1) | Waiting for BLUE,0,orange (1)
2026-09-24 09:16:55,blue,WRONG COLOR DETECTED: orange (1) | Waiting for BLUE,0,orange (1)
2026-09-24 09:16:55,blue,WRONG COLOR DETECTED: orange (1) | Waiting for BLUE,0,orange (1)
2026-09-24 09:16:55,blue,"WRONG COLOR DETECTED: red (1), orange (1) | Waiting for BLUE",0,"red (1), orange (1)"
2026-09-24 09:16:55,blue,WRONG COLOR DETECTED: orange (1) | Waiting for BLUE,0,orange (1)
2026-09-24 09:16:55,blue,WRONG COLOR DETECTED: orange (1) | Waiting for BLUE,0,orange (1)
2026-09-24 09:16:56,blue,WRONG COLOR DETECTED: orange (1) | Waiting for BLUE,0,orange (1)
2026-09-24 09:16:56,blue,WRONG COLOR DETECTED: orange (2) | Waiting for BLUE,0,orange (2)
2026-09-24 09:16:57,blue,WRONG COLOR DETECTED: orange (1) | Waiting for BLUE,0,orange (1)
2026-09-24 09:16:57,blue,"WRONG COLOR DETECTED: red (1), orange (1) | Waiting for BLUE",0,"red (1), orange (1)"
2026-09-24 09:17:00,blue,WRONG COLOR DETECTED: orange (1) | Waiting for BLUE,0,orange (1)
2026-09-24 09:17:00,blue,WRONG COLOR DETECTED: red (1) | Waiting for BLUE,0,red (1)
2026-09-24 09:17:01,blue,WRONG COLOR DETECTED: orange (1) | Waiting for BLUE,0,orange (1)
2026-09-24 09:17:01,blue,WRONG COLOR DETECTED: orange (2) | Waiting for BLUE,0,orange (2)
2026-09-24 09:17:01,blue,WRONG COLOR DETECTED: orange (1) | Waiting for BLUE,0,orange (1)
2026-09-24 09:17:01,blue,WRONG COLOR DETECTED: orange (2) | Waiting for BLUE,0,orange (2)
2026-09-24 09:17:01,blue,CORRECT COLOR DETECTED: BLUE (1) | Wrong color(s): orange (2),1,orange (2)
2026-09-24 09:17:01,blue,WRONG COLOR DETECTED: orange (2) | Waiting for BLUE,0,orange (2)
2026-09-24 09:17:02,blue,CORRECT COLOR DETECTED: BLUE (1) | Wrong color(s): orange (2),1,orange (2)
2026-09-24 09:17:02,blue,CORRECT COLOR DETECTED: BLUE (1) | Wrong color(s): orange (1),1,orange (1)
2026-09-24 09:17:02,blue,CORRECT COLOR DETECTED: BLUE (1),1,
2026-09-24 09:17:02,blue,CORRECT COLOR DETECTED: BLUE (1) | Wrong color(s): orange (1),1,orange (1)
2026-09-24 09:17:02,blue,CORRECT COLOR DETECTED: BLUE (1),1,
2026-09-24 09:17:02,blue,CORRECT COLOR DETECTED: BLUE (1) | Wrong color(s): orange (1),1,orange (1)
2026-09-24 09:17:02,blue,CORRECT COLOR DETECTED: BLUE (1),1,
2026-09-24 09:17:03,blue,CORRECT COLOR DETECTED: BLUE (2) | Wrong color(s): orange (1),2,orange (1)
2026-09-24 09:17:03,blue,CORRECT COLOR DETECTED: BLUE (2),2,
2026-09-24 09:17:03,blue,CORRECT COLOR DETECTED: BLUE (1) | Wrong color(s): orange (1),1,orange (1)
2026-09-24 09:17:03,blue,CORRECT COLOR DETECTED: BLUE (2) | Wrong color(s): orange (1),2,orange (1)
2026-09-24 09:17:03,blue,CORRECT COLOR DETECTED: BLUE (2),2,
2026-09-24 09:17:03,blue,CORRECT COLOR DETECTED: BLUE (3),3,
2026-09-24 09:17:03,blue,CORRECT COLOR DETECTED: BLUE (2),2,
2026-09-24 09:17:03,blue,CORRECT COLOR DETECTED: BLUE (4),4,
2026-09-24 09:17:03,blue,CORRECT COLOR DETECTED: BLUE (3),3,
2026-09-24 09:17:04,blue,CORRECT COLOR DETECTED: BLUE (2),2,
2026-09-24 09:17:04,blue,CORRECT COLOR DETECTED: BLUE (3),3,
2026-09-24 09:17:04,blue,CORRECT COLOR DETECTED: BLUE (2),2,
2026-09-24 09:17:04,blue,CORRECT COLOR DETECTED: BLUE (3),3,
2026-09-24 09:17:04,blue,CORRECT COLOR DETECTED: BLUE (2),2,
2026-09-24 09:17:04,blue,CORRECT COLOR DETECTED: BLUE (3),3,
2026-09-24 09:17:04,blue,CORRECT COLOR DETECTED: BLUE (2),2,
2026-09-24 09:17:04,blue,CORRECT COLOR DETECTED: BLUE (3),3,
2026-09-24 09:17:05,blue,CORRECT COLOR DETECTED: BLUE (1),1,
2026-09-24 09:17:05,blue,CORRECT COLOR DETECTED: BLUE (2),2,
2026-09-24 09:17:05,blue,CORRECT COLOR DETECTED: BLUE (3),3,
2026-09-24 09:17:05,blue,CORRECT COLOR DETECTED: BLUE (2),2,
2026-09-24 09:17:05,blue,CORRECT COLOR DETECTED: BLUE (3),3,
2026-09-24 09:17:05,blue,CORRECT COLOR DETECTED: BLUE (2),2,
2026-09-24 09:17:06,blue,CORRECT COLOR DETECTED: BLUE (3),3,
2026-09-24 09:17:06,blue,CORRECT COLOR DETECTED: BLUE (2),2,
2026-09-24 09:17:06,blue,CORRECT COLOR DETECTED: BLUE (3),3,
2026-09-24 09:17:06,blue,CORRECT COLOR DETECTED: BLUE (2),2,
2026-09-24 09:17:06,blue,CORRECT COLOR DETECTED: BLUE (3),3,
2026-09-24 09:17:06,blue,CORRECT COLOR DETECTED: BLUE (2),2,
2026-09-24 09:17:07,blue,CORRECT COLOR DETECTED: BLUE (3),3,
2026-09-24 09:17:07,blue,CORRECT COLOR DETECTED: BLUE (2),2,
2026-09-24 09:17:07,blue,CORRECT COLOR DETECTED: BLUE (3),3,
2026-09-24 09:17:07,blue,CORRECT COLOR DETECTED: BLUE (2),2,
2026-09-24 09:17:07,blue,CORRECT COLOR DETECTED: BLUE (3),3,
2026-09-24 09:17:07,blue,CORRECT COLOR DETECTED: BLUE (2),2,
2026-09-24 09:17:08,blue,CORRECT COLOR DETECTED: BLUE (3),3,
2026-09-24 09:17:08,blue,CORRECT COLOR DETECTED: BLUE (2),2,
2026-09-24 09:17:08,blue,CORRECT COLOR DETECTED: BLUE (3),3,
2026-09-24 09:17:08,blue,CORRECT COLOR DETECTED: BLUE (2),2,
2026-09-24 09:17:09,blue,CORRECT COLOR DETECTED: BLUE (3),3,
2026-09-24 09:17:09,blue,CORRECT COLOR DETECTED: BLUE (2),2,
2026-09-24 09:17:09,blue,CORRECT COLOR DETECTED: BLUE (3),3,
2026-09-24 09:17:10,blue,CORRECT COLOR DETECTED: BLUE (2),2,
2026-09-24 09:17:10,blue,CORRECT COLOR DETECTED: BLUE (3),3,
2026-09-24 09:17:10,blue,CORRECT COLOR DETECTED: BLUE (4),4,
2026-09-24 09:17:10,blue,CORRECT COLOR DETECTED: BLUE (3),3,
2026-09-24 09:17:10,blue,CORRECT COLOR DETECTED: BLUE (2),2,
2026-09-24 09:17:10,blue,CORRECT COLOR DETECTED: BLUE (3),3,
2026-09-24 09:17:10,blue,CORRECT COLOR DETECTED: BLUE (2),2,
2026-09-24 09:17:11,blue,CORRECT COLOR DETECTED: BLUE (3),3,
2026-09-24 09:17:11,blue,CORRECT COLOR DETECTED: BLUE (4),4,
2026-09-24 09:17:11,blue,CORRECT COLOR DETECTED: BLUE (2),2,
2026-09-24 09:17:11,blue,CORRECT COLOR DETECTED: BLUE (4),4,
2026-09-24 09:17:11,blue,CORRECT COLOR DETECTED: BLUE (3),3,
2026-09-24 09:17:11,blue,CORRECT COLOR DETECTED: BLUE (4),4,
2026-09-24 09:17:11,blue,CORRECT COLOR DETECTED: BLUE (3),3,
2026-09-24 09:17:11,blue,CORRECT COLOR DETECTED: BLUE (2),2,
2026-09-24 09:17:11,blue,CORRECT COLOR DETECTED: BLUE (4),4,
2026-09-24 09:17:12,blue,CORRECT COLOR DETECTED: BLUE (1),1,
2026-09-24 09:17:12,blue,CORRECT COLOR DETECTED: BLUE (1),1,
2026-09-24 09:17:14,blue,WRONG COLOR DETECTED: orange (1) | Waiting for BLUE,0,orange (1)
2026-09-24 09:17:18,blue,CORRECT COLOR DETECTED: BLUE (1),1,
2026-09-24 09:17:18,blue,CORRECT COLOR DETECTED: BLUE (1),1,
2026-09-24 09:17:21,blue,WRONG COLOR DETECTED: orange (1) | Waiting for BLUE,0,orange (1)
2026-09-24 09:17:36,blue,WRONG COLOR DETECTED: orange (1) | Waiting for BLUE,0,orange (1)
2026-09-24 09:17:36,blue,WRONG COLOR DETECTED: red (1) | Waiting for BLUE,0,red (1)
2026-09-24 09:17:36,blue,WRONG COLOR DETECTED: red (1) | Waiting for BLUE,0,red (1)
2026-09-24 09:17:36,blue,WRONG COLOR DETECTED: red (1) | Waiting for BLUE,0,red (1)
2026-09-24 09:17:36,blue,WRONG COLOR DETECTED: orange (1) | Waiting for BLUE,0,orange (1)
2026-09-24 09:17:37,blue,WRONG COLOR DETECTED: orange (1) | Waiting for BLUE,0,orange (1)
2026-09-24 09:17:39,blue,WRONG COLOR DETECTED: red (1) | Waiting for BLUE,0,red (1)
2026-09-24 09:17:45,blue,"WRONG COLOR DETECTED: red (1), orange (1) | Waiting for BLUE",0,"red (1), orange (1)"
2026-09-24 09:17:45,blue,WRONG COLOR DETECTED: red (1) | Waiting for BLUE,0,red (1)
2026-09-24 09:17:46,blue,WRONG COLOR DETECTED: orange (1) | Waiting for BLUE,0,orange (1)
2026-09-24 09:17:47,blue,WRONG COLOR DETECTED: orange (1) | Waiting for BLUE,0,orange (1)
2026-09-24 09:17:48,blue,WRONG COLOR DETECTED: orange (1) | Waiting for BLUE,0,orange (1)
2026-09-24 09:17:49,blue,WRONG COLOR DETECTED: red (1) | Waiting for BLUE,0,red (1)
2026-09-24 09:17:49,blue,WRONG COLOR DETECTED: orange (1) | Waiting for BLUE,0,orange (1)
2026-09-24 09:17:49,blue,WRONG COLOR DETECTED: orange (2) | Waiting for BLUE,0,orange (2)
2026-09-24 09:17:49,blue,CORRECT COLOR DETECTED: BLUE (1),1,
2026-09-24 09:17:50,blue,CORRECT COLOR DETECTED: BLUE (1) | Wrong color(s): red (1),1,red (1)
2026-09-24 09:17:50,blue,CORRECT COLOR DETECTED: BLUE (1),1,
2026-09-24 09:17:50,blue,CORRECT COLOR DETECTED: BLUE (1) | Wrong color(s): orange (1),1,orange (1)
2026-09-24 09:17:50,blue,CORRECT COLOR DETECTED: BLUE (1) | Wrong color(s): orange (2),1,orange (2)
2026-09-24 09:17:50,blue,CORRECT COLOR DETECTED: BLUE (1) | Wrong color(s): orange (1),1,orange (1)
2026-09-24 09:17:50,blue,CORRECT COLOR DETECTED: BLUE (1),1,
2026-09-24 09:17:50,blue,CORRECT COLOR DETECTED: BLUE (1) | Wrong color(s): red (1),1,red (1)
2026-09-24 09:17:50,blue,CORRECT COLOR DETECTED: BLUE (1),1,
2026-09-24 09:17:53,blue,CORRECT COLOR DETECTED: BLUE (1) | Wrong color(s): red (1),1,red (1)
2026-09-24 09:17:53,blue,"WRONG COLOR DETECTED: red (1), purple (1) | Waiting for BLUE",0,"red (1), purple (1)"
2026-09-24 09:17:53,blue,CORRECT COLOR DETECTED: BLUE (2) | Wrong color(s): orange (1),2,orange (1)
2026-09-24 09:17:53,blue,"CORRECT COLOR DETECTED: BLUE (2) | Wrong color(s): red (2), orange (2)",2,"red (2), orange (2)"
2026-09-24 09:17:53,blue,CORRECT COLOR DETECTED: BLUE (2) | Wrong color(s): orange (2),2,orange (2)
2026-09-24 09:17:53,blue,CORRECT COLOR DETECTED: BLUE (1) | Wrong color(s): orange (3),1,orange (3)
2026-09-24 09:17:53,blue,CORRECT COLOR DETECTED: BLUE (1) | Wrong color(s): orange (1),1,orange (1)
2026-09-24 09:17:53,blue,CORRECT COLOR DETECTED: BLUE (2),2,
2026-09-24 09:17:53,blue,"CORRECT COLOR DETECTED: BLUE (2) | Wrong color(s): red (1), orange (2)",2,"red (1), orange (2)"
2026-09-24 09:17:53,blue,CORRECT COLOR DETECTED: BLUE (2),2,
2026-09-24 09:17:53,blue,CORRECT COLOR DETECTED: BLUE (1),1,
2026-09-24 09:17:53,blue,CORRECT COLOR DETECTED: BLUE (1) | Wrong color(s): red (1),1,red (1)
2026-09-24 09:17:53,blue,CORRECT COLOR DETECTED: BLUE (1) | Wrong color(s): orange (1),1,orange (1)
2026-09-24 09:17:53,blue,CORRECT COLOR DETECTED: BLUE (1) | Wrong color(s): red (1),1,red (1)
2026-09-24 09:17:55,blue,CORRECT COLOR DETECTED: BLUE (1) | Wrong color(s): red (2),1,red (2)
2026-09-24 09:17:55,blue,CORRECT COLOR DETECTED: BLUE (1) | Wrong color(s): red (1),1,red (1)
2026-09-24 09:17:56,blue,"CORRECT COLOR DETECTED: BLUE (1) | Wrong color(s): red (1), orange (1)",1,"red (1), orange (1)"
2026-09-24 09:17:56,blue,WRONG COLOR DETECTED: orange (1) | Waiting for BLUE,0,orange (1)
2026-09-24 09:17:56,blue,"WRONG COLOR DETECTED: red (1), orange (1) | Waiting for BLUE",0,"red (1), orange (1)"
2026-09-24 09:17:56,blue,WRONG COLOR DETECTED: orange (2) | Waiting for BLUE,0,orange (2)
2026-09-24 09:17:56,blue,"WRONG COLOR DETECTED: red (1), orange (1) | Waiting for BLUE",0,"red (1), orange (1)"
2026-09-24 09:17:56,blue,WRONG COLOR DETECTED: orange (1) | Waiting for BLUE,0,orange (1)
2026-09-24 09:17:56,blue,"WRONG COLOR DETECTED: red (1), orange (1) | Waiting for BLUE",0,"red (1), orange (1)"
2026-09-24 09:17:56,blue,CORRECT COLOR DETECTED: BLUE (1) | Wrong color(s): red (1),1,red (1)
2026-09-24 09:17:56,blue,CORRECT COLOR DETECTED: BLUE (1) | Wrong color(s): red (2),1,red (2)
2026-09-24 09:17:56,blue,CORRECT COLOR DETECTED: BLUE (1) | Wrong color(s): red (1),1,red (1)
2026-09-24 09:18:01,blue,CORRECT COLOR DETECTED: BLUE (1) | Wrong color(s): red (2),1,red (2)
2026-09-24 09:18:01,blue,CORRECT COLOR DETECTED: BLUE (1) | Wrong color(s): red (1),1,red (1)
2026-09-24 09:18:01,blue,"WRONG COLOR DETECTED: red (1), orange (1) | Waiting for BLUE",0,"red (1), orange (1)"
2026-09-24 09:18:01,blue,WRONG COLOR DETECTED: orange (1) | Waiting for BLUE,0,orange (1)
2026-09-24 09:18:02,blue,"WRONG COLOR DETECTED: red (1), orange (1) | Waiting for BLUE",0,"red (1), orange (1)"
2026-09-24 09:18:02,blue,"CORRECT COLOR DETECTED: BLUE (1) | Wrong color(s): red (1), orange (1)",1,"red (1), orange (1)"
2026-09-24 09:18:02,blue,CORRECT COLOR DETECTED: BLUE (1) | Wrong color(s): red (2),1,red (2)
2026-09-24 09:18:02,blue,"CORRECT COLOR DETECTED: BLUE (1) | Wrong color(s): red (2), orange (1)",1,"red (2), orange (1)"
2026-09-24 09:18:02,blue,CORRECT COLOR DETECTED: BLUE (1) | Wrong color(s): red (1),1,red (1)
2026-09-24 09:18:03,blue,"CORRECT COLOR DETECTED: BLUE (1) | Wrong color(s): red (2), orange (1)",1,"red (2), orange (1)"
2026-09-24 09:18:03,blue,CORRECT COLOR DETECTED: BLUE (1) | Wrong color(s): red (1),1,red (1)
2026-09-24 09:18:03,blue,WRONG COLOR DETECTED: orange (1) | Waiting for BLUE,0,orange (1)
2026-09-24 09:18:03,blue,WRONG COLOR DETECTED: orange (2) | Waiting for BLUE,0,orange (2)
2026-09-24 09:18:03,blue,WRONG COLOR DETECTED: orange (1) | Waiting for BLUE,0,orange (1)
2026-09-24 09:18:03,blue,WRONG COLOR DETECTED: red (1) | Waiting for BLUE,0,red (1)
2026-09-24 09:18:03,blue,WRONG COLOR DETECTED: orange (1) | Waiting for BLUE,0,orange (1)
2026-09-24 09:18:03,blue,"CORRECT COLOR DETECTED: BLUE (1) | Wrong color(s): red (2), orange (2)",1,"red (2), orange (2)"
2026-09-24 09:18:04,blue,CORRECT COLOR DETECTED: BLUE (1),1,
2026-09-24 09:18:04,blue,CORRECT COLOR DETECTED: BLUE (1) | Wrong color(s): red (1),1,red (1)
2026-09-24 09:18:04,blue,"CORRECT COLOR DETECTED: BLUE (1) | Wrong color(s): red (1), orange (1)",1,"red (1), orange (1)"
2026-09-24 09:18:04,blue,WRONG COLOR DETECTED: orange (1) | Waiting for BLUE,0,orange (1)
2026-09-24 09:18:04,blue,"WRONG COLOR DETECTED: red (4), orange (2) | Waiting for BLUE",0,"red (4), orange (2)"
2026-09-24 09:18:04,blue,"WRONG COLOR DETECTED: red (2), orange (1) | Waiting for BLUE",0,"red (2), orange (1)"
2026-09-24 09:18:04,blue,WRONG COLOR DETECTED: red (2) | Waiting for BLUE,0,red (2)
2026-09-24 09:18:04,blue,WRONG COLOR DETECTED: red (1) | Waiting for BLUE,0,red (1)
2026-09-24 09:18:04,blue,WRONG COLOR DETECTED: red (3) | Waiting for BLUE,0,red (3)
2026-09-24 09:18:04,blue,"WRONG COLOR DETECTED: red (2), orange (1) | Waiting for BLUE",0,"red (2), orange (1)"
2026-09-24 09:18:04,blue,WRONG COLOR DETECTED: red (2) | Waiting for BLUE,0,red (2)
2026-09-24 09:18:04,blue,"WRONG COLOR DETECTED: red (1), orange (1) | Waiting for BLUE",0,"red (1), orange (1)"
2026-09-24 09:18:04,blue,WRONG COLOR DETECTED: orange (2) | Waiting for BLUE,0,orange (2)
2026-09-24 09:18:04,blue,WRONG COLOR DETECTED: orange (1) | Waiting for BLUE,0,orange (1)
2026-09-24 09:18:05,blue,WRONG COLOR DETECTED: orange (2) | Waiting for BLUE,0,orange (2)
2026-09-24 09:18:05,blue,"WRONG COLOR DETECTED: red (1), orange (1) | Waiting for BLUE",0,"red (1), orange (1)"
2026-09-24 09:18:05,blue,WRONG COLOR DETECTED: orange (1) | Waiting for BLUE,0,orange (1)
2026-09-24 09:18:05,blue,"WRONG COLOR DETECTED: red (1), orange (1) | Waiting for BLUE",0,"red (1), orange (1)"
2026-09-24 09:18:05,blue,WRONG COLOR DETECTED: red (1) | Waiting for BLUE,0,red (1)
2026-09-24 09:18:05,blue,"WRONG COLOR DETECTED: red (2), orange (1) | Waiting for BLUE",0,"red (2), orange (1)"
2026-09-24 09:18:05,blue,WRONG COLOR DETECTED: red (1) | Waiting for BLUE,0,red (1)
2026-09-24 09:18:06,blue,WRONG COLOR DETECTED: red (1) | Waiting for BLUE,0,red (1)
2026-09-24 09:18:06,blue,WRONG COLOR DETECTED: red (1) | Waiting for BLUE,0,red (1)
2026-09-24 09:18:07,blue,WRONG COLOR DETECTED: red (2) | Waiting for BLUE,0,red (2)
2026-09-24 09:18:07,blue,WRONG COLOR DETECTED: red (1) | Waiting for BLUE,0,red (1)
2026-09-24 09:18:07,blue,"WRONG COLOR DETECTED: red (1), orange (1) | Waiting for BLUE",0,"red (1), orange (1)"
2026-09-24 09:18:07,blue,WRONG COLOR DETECTED: orange (1) | Waiting for BLUE,0,orange (1)
2026-09-24 09:18:07,blue,"WRONG COLOR DETECTED: red (1), orange (1) | Waiting for BLUE",0,"red (1), orange (1)"
2026-09-24 09:18:07,blue,CORRECT COLOR DETECTED: BLUE (1) | Wrong color(s): orange (1),1,orange (1)
2026-09-24 09:18:07,blue,"CORRECT COLOR DETECTED: BLUE (1) | Wrong color(s): red (1), orange (2)",1,"red (1), orange (2)"
2026-09-24 09:18:07,blue,"CORRECT COLOR DETECTED: BLUE (1) | Wrong color(s): red (1), orange (1)",1,"red (1), orange (1)"
2026-09-24 09:18:07,blue,CORRECT COLOR DETECTED: BLUE (1),1,
2026-09-24 09:18:07,blue,CORRECT COLOR DETECTED: BLUE (1) | Wrong color(s): orange (1),1,orange (1)
2026-09-24 09:18:07,blue,CORRECT COLOR DETECTED: BLUE (1),1,
2026-09-24 09:18:08,blue,CORRECT COLOR DETECTED: BLUE (1) | Wrong color(s): orange (2),1,orange (2)
2026-09-24 09:18:08,blue,CORRECT COLOR DETECTED: BLUE (1) | Wrong color(s): orange (1),1,orange (1)
2026-09-24 09:18:08,blue,"CORRECT COLOR DETECTED: BLUE (1) | Wrong color(s): red (1), orange (1)",1,"red (1), orange (1)"
2026-09-24 09:18:08,blue,"WRONG COLOR DETECTED: red (1), orange (2), purple (1) | Waiting for BLUE",0,"red (1), orange (2), purple (1)"
2026-09-24 09:18:08,blue,CORRECT COLOR DETECTED: BLUE (1) | Wrong color(s): orange (1),1,orange (1)
2026-09-24 09:18:08,blue,CORRECT COLOR DETECTED: BLUE (1),1,
2026-09-24 09:18:08,blue,CORRECT COLOR DETECTED: BLUE (1) | Wrong color(s): red (1),1,red (1)
2026-09-24 09:18:08,blue,CORRECT COLOR DETECTED: BLUE (1) | Wrong color(s): orange (1),1,orange (1)
2026-09-24 09:18:08,blue,CORRECT COLOR DETECTED: BLUE (1),1,
2026-09-24 09:18:09,blue,CORRECT COLOR DETECTED: BLUE (1) | Wrong color(s): orange (1),1,orange (1)
2026-09-24 09:18:09,blue,CORRECT COLOR DETECTED: BLUE (1),1,
2026-09-24 09:18:10,blue,CORRECT COLOR DETECTED: BLUE (1) | Wrong color(s): orange (1),1,orange (1)
2026-09-24 09:18:10,blue,CORRECT COLOR DETECTED: BLUE (1),1,
2026-09-24 09:18:10,blue,"CORRECT COLOR DETECTED: BLUE (1) | Wrong color(s): red (1), purple (1)",1,"red (1), purple (1)"
2026-09-24 09:18:10,blue,WRONG COLOR DETECTED: purple (1) | Waiting for BLUE,0,purple (1)
2026-09-24 09:18:10,blue,CORRECT COLOR DETECTED: BLUE (1),1,
2026-09-24 09:18:10,blue,CORRECT COLOR DETECTED: BLUE (1) | Wrong color(s): orange (1),1,orange (1)
2026-09-24 09:18:10,blue,CORRECT COLOR DETECTED: BLUE (1),1,
2026-09-24 09:18:10,blue,CORRECT COLOR DETECTED: BLUE (1) | Wrong color(s): orange (1),1,orange (1)
2026-09-24 09:18:10,blue,CORRECT COLOR DETECTED: BLUE (1) | Wrong color(s): orange (2),1,orange (2)
2026-09-24 09:18:10,blue,CORRECT COLOR DETECTED: BLUE (1),1,
2026-09-24 09:18:10,blue,CORRECT COLOR DETECTED: BLUE (1) | Wrong color(s): orange (1),1,orange (1)
2026-09-24 09:18:10,blue,CORRECT COLOR DETECTED: BLUE (1) | Wrong color(s): red (1),1,red (1)
2026-09-24 09:18:10,blue,"CORRECT COLOR DETECTED: BLUE (1) | Wrong color(s): red (1), orange (1)",1,"red (1), orange (1)"
2026-09-24 09:18:11,blue,CORRECT COLOR DETECTED: BLUE (1) | Wrong color(s): red (1),1,red (1)
2026-09-24 09:18:12,blue,CORRECT COLOR DETECTED: BLUE (1) | Wrong color(s): red (2),1,red (2)
2026-09-24 09:18:12,blue,"CORRECT COLOR DETECTED: BLUE (1) | Wrong color(s): red (2), orange (1)",1,"red (2), orange (1)"
2026-09-24 09:18:12,blue,CORRECT COLOR DETECTED: BLUE (1) | Wrong color(s): orange (1),1,orange (1)
2026-09-24 09:18:12,blue,CORRECT COLOR DETECTED: BLUE (1) | Wrong color(s): red (1),1,red (1)
2026-09-24 09:18:13,blue,"CORRECT COLOR DETECTED: BLUE (1) | Wrong color(s): red (1), orange (1)",1,"red (1), orange (1)"
2026-09-24 09:18:13,blue,CORRECT COLOR DETECTED: BLUE (1) | Wrong color(s): orange (1),1,orange (1)
2026-09-24 09:18:13,blue,"CORRECT COLOR DETECTED: BLUE (1) | Wrong color(s): red (1), orange (2)",1,"red (1), orange (2)"
2026-09-24 09:18:13,blue,CORRECT COLOR DETECTED: BLUE (1),1,
2026-09-24 09:18:13,blue,WRONG COLOR DETECTED: orange (2) | Waiting for BLUE,0,orange (2)
2026-09-24 09:18:13,blue,CORRECT COLOR DETECTED: BLUE (1) | Wrong color(s): orange (2),1,orange (2)
2026-09-24 09:18:14,blue,CORRECT COLOR DETECTED: BLUE (1),1,
2026-09-24 09:18:14,blue,"WRONG COLOR DETECTED: red (1), orange (1) | Waiting for BLUE",0,"red (1), orange (1)"
2026-09-24 09:18:14,blue,WRONG COLOR DETECTED: red (1) | Waiting for BLUE,0,red (1)
2026-09-24 09:18:14,blue,CORRECT COLOR DETECTED: BLUE (1) | Wrong color(s): red (2),1,red (2)
2026-09-24 09:18:14,blue,CORRECT COLOR DETECTED: BLUE (1) | Wrong color(s): red (1),1,red (1)
2026-09-24 09:18:15,blue,CORRECT COLOR DETECTED: BLUE (1) | Wrong color(s): red (2),1,red (2)
2026-09-24 09:18:16,blue,CORRECT COLOR DETECTED: BLUE (1) | Wrong color(s): orange (1),1,orange (1)
2026-09-24 09:18:16,blue,CORRECT COLOR DETECTED: BLUE (1) | Wrong color(s): red (1),1,red (1)
2026-09-24 09:18:16,blue,CORRECT COLOR DETECTED: BLUE (1),1,
2026-09-24 09:18:16,blue,CORRECT COLOR DETECTED: BLUE (1) | Wrong color(s): orange (1),1,orange (1)
2026-09-24 09:18:16,blue,"CORRECT COLOR DETECTED: BLUE (1) | Wrong color(s): red (1), orange (1)",1,"red (1), orange (1)"
2026-09-24 09:18:17,blue,CORRECT COLOR DETECTED: BLUE (1) | Wrong color(s): orange (1),1,orange (1)
2026-09-24 09:18:17,blue,"CORRECT COLOR DETECTED: BLUE (1) | Wrong color(s): red (2), orange (1)",1,"red (2), orange (1)"
2026-09-24 09:18:17,blue,CORRECT COLOR DETECTED: BLUE (1) | Wrong color(s): orange (1),1,orange (1)
2026-09-24 09:18:17,blue,CORRECT COLOR DETECTED: BLUE (2) | Wrong color(s): orange (1),2,orange (1)
2026-09-24 09:18:17,blue,"CORRECT COLOR DETECTED: BLUE (2) | Wrong color(s): red (1), orange (1)",2,"red (1), orange (1)"
2026-09-24 09:18:17,blue,CORRECT COLOR DETECTED: BLUE (2) | Wrong color(s): red (1),2,red (1)
2026-09-24 09:18:17,blue,CORRECT COLOR DETECTED: BLUE (1) | Wrong color(s): red (2),1,red (2)
2026-09-24 09:18:17,blue,CORRECT COLOR DETECTED: BLUE (1) | Wrong color(s): red (3),1,red (3)
2026-09-24 09:18:17,blue,CORRECT COLOR DETECTED: BLUE (1) | Wrong color(s): red (1),1,red (1)
2026-09-24 09:18:17,blue,"CORRECT COLOR DETECTED: BLUE (2) | Wrong color(s): red (1), orange (1)",2,"red (1), orange (1)"
2026-09-24 09:18:17,blue,CORRECT COLOR DETECTED: BLUE (3) | Wrong color(s): red (1),3,red (1)
2026-09-24 09:18:18,blue,CORRECT COLOR DETECTED: BLUE (2),2,
2026-09-24 09:18:18,blue,CORRECT COLOR DETECTED: BLUE (3) | Wrong color(s): orange (2),3,orange (2)
2026-09-24 09:18:18,blue,CORRECT COLOR DETECTED: BLUE (2) | Wrong color(s): orange (3),2,orange (3)
2026-09-24 09:18:18,blue,CORRECT COLOR DETECTED: BLUE (2) | Wrong color(s): orange (1),2,orange (1)
2026-09-24 09:18:18,blue,CORRECT COLOR DETECTED: BLUE (2) | Wrong color(s): orange (3),2,orange (3)
2026-09-24 09:18:18,blue,CORRECT COLOR DETECTED: BLUE (2) | Wrong color(s): orange (1),2,orange (1)
2026-09-24 09:18:18,blue,CORRECT COLOR DETECTED: BLUE (1) | Wrong color(s): orange (1),1,orange (1)
2026-09-24 09:18:18,blue,CORRECT COLOR DETECTED: BLUE (2) | Wrong color(s): orange (1),2,orange (1)
2026-09-24 09:18:18,blue,CORRECT COLOR DETECTED: BLUE (3) | Wrong color(s): orange (1),3,orange (1)
2026-09-24 09:18:18,blue,"CORRECT COLOR DETECTED: BLUE (2) | Wrong color(s): red (2), orange (1)",2,"red (2), orange (1)"
2026-09-24 09:18:18,blue,CORRECT COLOR DETECTED: BLUE (2) | Wrong color(s): red (1),2,red (1)
2026-09-24 09:18:18,blue,CORRECT COLOR DETECTED: BLUE (1) | Wrong color(s): red (1),1,red (1)
2026-09-24 09:18:18,blue,CORRECT COLOR DETECTED: BLUE (1) | Wrong color(s): red (2),1,red (2)
2026-09-24 09:18:18,blue,CORRECT COLOR DETECTED: BLUE (1) | Wrong color(s): red (1),1,red (1)
2026-09-24 09:18:18,blue,CORRECT COLOR DETECTED: BLUE (1) | Wrong color(s): red (2),1,red (2)
2026-09-24 09:18:18,blue,CORRECT COLOR DETECTED: BLUE (1),1,
2026-09-24 09:18:18,blue,CORRECT COLOR DETECTED: BLUE (2),2,
2026-09-24 09:18:18,blue,CORRECT COLOR DETECTED: BLUE (1) | Wrong color(s): red (1),1,red (1)
2026-09-24 09:18:19,blue,CORRECT COLOR DETECTED: BLUE (2) | Wrong color(s): red (1),2,red (1)
2026-09-24 09:18:19,blue,"CORRECT COLOR DETECTED: BLUE (1) | Wrong color(s): red (1), orange (1)",1,"red (1), orange (1)"
2026-09-24 09:18:19,blue,WRONG COLOR DETECTED: red (1) | Waiting for BLUE,0,red (1)
2026-09-24 09:18:19,blue,CORRECT COLOR DETECTED: BLUE (1),1,
2026-09-24 09:18:21,blue,CORRECT COLOR DETECTED: BLUE (1) | Wrong color(s): red (1),1,red (1)
2026-09-24 09:18:21,blue,"CORRECT COLOR DETECTED: BLUE (1) | Wrong color(s): red (1), orange (2)",1,"red (1), orange (2)"
2026-09-24 09:18:21,blue,WRONG COLOR DETECTED: orange (1) | Waiting for BLUE,0,orange (1)
2026-09-24 09:18:22,blue,WRONG COLOR DETECTED: orange (2) | Waiting for BLUE,0,orange (2)
2026-09-24 09:18:22,blue,"WRONG COLOR DETECTED: red (1), orange (2) | Waiting for BLUE",0,"red (1), orange (2)"
2026-09-24 09:18:22,blue,CORRECT COLOR DETECTED: BLUE (1) | Wrong color(s): red (1),1,red (1)
2026-09-24 09:18:22,blue,CORRECT COLOR DETECTED: BLUE (1) | Wrong color(s): red (2),1,red (2)
2026-09-24 09:18:22,blue,CORRECT COLOR DETECTED: BLUE (1) | Wrong color(s): red (1),1,red (1)
2026-09-24 09:18:24,blue,CORRECT COLOR DETECTED: BLUE (1) | Wrong color(s): red (2),1,red (2)
2026-09-24 09:18:24,blue,"CORRECT COLOR DETECTED: BLUE (1) | Wrong color(s): red (2), orange (1)",1,"red (2), orange (1)"
2026-09-24 09:18:24,blue,"WRONG COLOR DETECTED: red (2), orange (1), purple (1) | Waiting for BLUE",0,"red (2), orange (1), purple (1)"
2026-09-24 09:18:24,blue,"CORRECT COLOR DETECTED: BLUE (1) | Wrong color(s): red (1), orange (1)",1,"red (1), orange (1)"
2026-09-24 09:18:24,blue,CORRECT COLOR DETECTED: BLUE (1),1,
2026-09-24 09:18:25,blue,WRONG COLOR DETECTED: orange (1) | Waiting for BLUE,0,orange (1)
2026-09-24 09:18:25,blue,CORRECT COLOR DETECTED: BLUE (1),1,
2026-09-24 09:18:25,blue,CORRECT COLOR DETECTED: BLUE (1) | Wrong color(s): orange (1),1,orange (1)
2026-09-24 09:18:25,blue,CORRECT COLOR DETECTED: BLUE (1),1,
2026-09-24 09:18:25,blue,CORRECT COLOR DETECTED: BLUE (1) | Wrong color(s): orange (1),1,orange (1)
2026-09-24 09:18:25,blue,CORRECT COLOR DETECTED: BLUE (1),1,
2026-09-24 09:18:25,blue,CORRECT COLOR DETECTED: BLUE (1) | Wrong color(s): orange (1),1,orange (1)
2026-09-24 09:18:25,blue,CORRECT COLOR DETECTED: BLUE (1),1,
2026-09-24 09:18:26,blue,CORRECT COLOR DETECTED: BLUE (1) | Wrong color(s): red (1),1,red (1)
2026-09-24 09:18:26,blue,CORRECT COLOR DETECTED: BLUE (1),1,
2026-09-24 09:18:26,blue,CORRECT COLOR DETECTED: BLUE (1) | Wrong color(s): red (1),1,red (1)
2026-09-24 09:18:26,blue,CORRECT COLOR DETECTED: BLUE (1),1,
2026-09-24 09:18:26,blue,CORRECT COLOR DETECTED: BLUE (1) | Wrong color(s): red (1),1,red (1)
2026-09-24 09:18:26,blue,"WRONG COLOR DETECTED: red (1), orange (1) | Waiting for BLUE",0,"red (1), orange (1)"
2026-09-24 09:18:26,blue,"WRONG COLOR DETECTED: red (1), orange (2) | Waiting for BLUE",0,"red (1), orange (2)"
2026-09-24 09:18:26,blue,WRONG COLOR DETECTED: red (1) | Waiting for BLUE,0,red (1)
2026-09-24 09:18:26,blue,"WRONG COLOR DETECTED: red (1), orange (1) | Waiting for BLUE",0,"red (1), orange (1)"
2026-09-24 09:18:27,blue,WRONG COLOR DETECTED: red (1) | Waiting for BLUE,0,red (1)
2026-09-24 09:18:27,blue,CORRECT COLOR DETECTED: BLUE (1),1,
2026-09-24 09:18:28,blue,"CORRECT COLOR DETECTED: BLUE (1) | Wrong color(s): red (2), orange (1)",1,"red (2), orange (1)"
2026-09-24 09:18:28,blue,CORRECT COLOR DETECTED: BLUE (1) | Wrong color(s): red (1),1,red (1)
2026-09-24 09:18:28,blue,WRONG COLOR DETECTED: red (1) | Waiting for BLUE,0,red (1)
2026-09-24 09:18:28,blue,WRONG COLOR DETECTED: red (1) | Waiting for BLUE,0,red (1)
2026-09-24 09:18:29,blue,CORRECT COLOR DETECTED: BLUE (1),1,
2026-09-24 09:18:29,blue,CORRECT COLOR DETECTED: BLUE (1) | Wrong color(s): red (1),1,red (1)
2026-09-24 09:18:29,blue,CORRECT COLOR DETECTED: BLUE (1),1,
2026-09-24 09:18:29,blue,CORRECT COLOR DETECTED: BLUE (1) | Wrong color(s): orange (1),1,orange (1)
2026-09-24 09:18:29,blue,"CORRECT COLOR DETECTED: BLUE (1) | Wrong color(s): red (1), orange (1)",1,"red (1), orange (1)"
2026-09-24 09:18:29,blue,CORRECT COLOR DETECTED: BLUE (1),1,
2026-09-24 09:18:30,blue,CORRECT COLOR DETECTED: BLUE (1) | Wrong color(s): red (1),1,red (1)
2026-09-24 09:18:30,blue,CORRECT COLOR DETECTED: BLUE (1),1,
2026-09-24 09:18:30,blue,CORRECT COLOR DETECTED: BLUE (1) | Wrong color(s): red (1),1,red (1)
2026-09-24 09:18:30,blue,CORRECT COLOR DETECTED: BLUE (1),1,
2026-09-24 09:18:30,blue,CORRECT COLOR DETECTED: BLUE (1) | Wrong color(s): orange (1),1,orange (1)
2026-09-24 09:18:31,blue,CORRECT COLOR DETECTED: BLUE (1),1,
2026-09-24 09:18:31,blue,CORRECT COLOR DETECTED: BLUE (1) | Wrong color(s): orange (1),1,orange (1)
2026-09-24 09:18:31,blue,CORRECT COLOR DETECTED: BLUE (1),1,
2026-09-24 09:18:31,blue,CORRECT COLOR DETECTED: BLUE (1) | Wrong color(s): red (1),1,red (1)
2026-09-24 09:18:31,blue,"CORRECT COLOR DETECTED: BLUE (1) | Wrong color(s): red (1), orange (1)",1,"red (1), orange (1)"
2026-09-24 09:18:31,blue,CORRECT COLOR DETECTED: BLUE (1),1,
2026-09-24 09:18:32,blue,CORRECT COLOR DETECTED: BLUE (1) | Wrong color(s): red (1),1,red (1)
2026-09-24 09:18:33,blue,CORRECT COLOR DETECTED: BLUE (1) | Wrong color(s): red (2),1,red (2)
2026-09-24 09:18:33,blue,"CORRECT COLOR DETECTED: BLUE (1) | Wrong color(s): red (2), orange (1)",1,"red (2), orange (1)"
2026-09-24 09:18:33,blue,CORRECT COLOR DETECTED: BLUE (1) | Wrong color(s): red (1),1,red (1)
2026-09-24 09:18:34,blue,"CORRECT COLOR DETECTED: BLUE (1) | Wrong color(s): red (2), orange (1)",1,"red (2), orange (1)"
2026-09-24 09:18:34,blue,CORRECT COLOR DETECTED: BLUE (1) | Wrong color(s): red (2),1,red (2)
2026-09-24 09:18:34,blue,CORRECT COLOR DETECTED: BLUE (1) | Wrong color(s): red (3),1,red (3)
2026-09-24 09:18:34,blue,CORRECT COLOR DETECTED: BLUE (1) | Wrong color(s): red (2),1,red (2)
2026-09-24 09:18:36,blue,CORRECT COLOR DETECTED: BLUE (1) | Wrong color(s): red (3),1,red (3)
2026-09-24 09:18:36,blue,"CORRECT COLOR DETECTED: BLUE (1) | Wrong color(s): red (2), orange (1)",1,"red (2), orange (1)"
2026-09-24 09:18:36,blue,CORRECT COLOR DETECTED: BLUE (1) | Wrong color(s): red (2),1,red (2)
2026-09-24 09:18:36,blue,CORRECT COLOR DETECTED: BLUE (1) | Wrong color(s): red (3),1,red (3)
2026-09-24 09:18:36,blue,CORRECT COLOR DETECTED: BLUE (1) | Wrong color(s): red (2),1,red (2)
2026-09-24 09:18:36,blue,CORRECT COLOR DETECTED: BLUE (1) | Wrong color(s): red (1),1,red (1)
2026-09-24 09:18:36,blue,CORRECT COLOR DETECTED: BLUE (1) | Wrong color(s): red (2),1,red (2)
2026-09-24 09:18:36,blue,"CORRECT COLOR DETECTED: BLUE (1) | Wrong color(s): red (1), orange (1)",1,"red (1), orange (1)"
2026-09-24 09:18:36,blue,CORRECT COLOR DETECTED: BLUE (1) | Wrong color(s): red (1),1,red (1)
2026-09-24 09:18:36,blue,CORRECT COLOR DETECTED: BLUE (1) | Wrong color(s): orange (1),1,orange (1)
2026-09-24 09:18:36,blue,WRONG COLOR DETECTED: orange (1) | Waiting for BLUE,0,orange (1)
2026-09-24 09:18:36,blue,CORRECT COLOR DETECTED: BLUE (1) | Wrong color(s): orange (1),1,orange (1)
2026-09-24 09:18:37,blue,CORRECT COLOR DETECTED: BLUE (1),1,
2026-09-24 09:18:37,blue,CORRECT COLOR DETECTED: BLUE (1) | Wrong color(s): red (1),1,red (1)
2026-09-24 09:18:37,blue,CORRECT COLOR DETECTED: BLUE (1),1,
2026-09-24 09:18:37,blue,WRONG COLOR DETECTED: red (1) | Waiting for BLUE,0,red (1)
2026-09-24 09:18:37,blue,WRONG COLOR DETECTED: red (1) | Waiting for BLUE,0,red (1)
2026-09-24 09:18:37,blue,CORRECT COLOR DETECTED: BLUE (1) | Wrong color(s): red (1),1,red (1)
2026-09-24 09:18:37,blue,CORRECT COLOR DETECTED: BLUE (1) | Wrong color(s): red (2),1,red (2)
2026-09-24 09:18:37,blue,CORRECT COLOR DETECTED: BLUE (1) | Wrong color(s): orange (1),1,orange (1)
2026-09-24 09:18:37,blue,"CORRECT COLOR DETECTED: BLUE (1) | Wrong color(s): red (2), orange (1)",1,"red (2), orange (1)"
2026-09-24 09:18:37,blue,CORRECT COLOR DETECTED: BLUE (1) | Wrong color(s): red (2),1,red (2)
2026-09-24 09:18:37,blue,CORRECT COLOR DETECTED: BLUE (1) | Wrong color(s): red (1),1,red (1)
2026-09-24 09:18:39,blue,"CORRECT COLOR DETECTED: BLUE (1) | Wrong color(s): red (1), orange (2)",1,"red (1), orange (2)"
2026-09-24 09:18:39,blue,CORRECT COLOR DETECTED: BLUE (1) | Wrong color(s): red (1),1,red (1)
2026-09-24 09:18:39,blue,WRONG COLOR DETECTED: red (1) | Waiting for BLUE,0,red (1)
2026-09-24 09:18:39,blue,WRONG COLOR DETECTED: orange (1) | Waiting for BLUE,0,orange (1)
2026-09-24 09:18:39,blue,WRONG COLOR DETECTED: orange (1) | Waiting for BLUE,0,orange (1)
2026-09-24 09:18:39,blue,CORRECT COLOR DETECTED: BLUE (1) | Wrong color(s): orange (1),1,orange (1)
2026-09-24 09:18:39,blue,CORRECT COLOR DETECTED: BLUE (1) | Wrong color(s): red (1),1,red (1)
2026-09-24 09:18:40,blue,CORRECT COLOR DETECTED: BLUE (1) | Wrong color(s): red (2),1,red (2)
2026-09-24 09:18:40,blue,CORRECT COLOR DETECTED: BLUE (1) | Wrong color(s): red (1),1,red (1)
2026-09-24 09:18:40,blue,CORRECT COLOR DETECTED: BLUE (1) | Wrong color(s): red (2),1,red (2)
2026-09-24 09:18:40,blue,"CORRECT COLOR DETECTED: BLUE (1) | Wrong color(s): red (1), orange (1)",1,"red (1), orange (1)"
2026-09-24 09:18:40,blue,CORRECT COLOR DETECTED: BLUE (1) | Wrong color(s): red (2),1,red (2)
2026-09-24 09:18:40,blue,CORRECT COLOR DETECTED: BLUE (1) | Wrong color(s): red (1),1,red (1)
2026-09-24 09:18:40,blue,CORRECT COLOR DETECTED: BLUE (1) | Wrong color(s): red (2),1,red (2)
2026-09-24 09:18:40,blue,CORRECT COLOR DETECTED: BLUE (1) | Wrong color(s): red (1),1,red (1)
2026-09-24 09:18:40,blue,"CORRECT COLOR DETECTED: BLUE (1) | Wrong color(s): red (2), orange (1)",1,"red (2), orange (1)"
2026-09-24 09:18:40,blue,CORRECT COLOR DETECTED: BLUE (1),1,
2026-09-24 09:18:41,blue,CORRECT COLOR DETECTED: BLUE (1) | Wrong color(s): red (1),1,red (1)
2026-09-24 09:18:41,blue,CORRECT COLOR DETECTED: BLUE (1) | Wrong color(s): red (2),1,red (2)
2026-09-24 09:18:41,blue,"CORRECT COLOR DETECTED: BLUE (1) | Wrong color(s): red (3), orange (1)",1,"red (3), orange (1)"
2026-09-24 09:18:41,blue,CORRECT COLOR DETECTED: BLUE (1) | Wrong color(s): red (3),1,red (3)
2026-09-24 09:18:41,blue,CORRECT COLOR DETECTED: BLUE (1) | Wrong color(s): red (2),1,red (2)
2026-09-24 09:18:52,blue,"CORRECT COLOR DETECTED: BLUE (1) | Wrong color(s): red (2), orange (1)",1,"red (2), orange (1)"
2026-09-24 09:18:52,blue,CORRECT COLOR DETECTED: BLUE (1) | Wrong color(s): red (1),1,red (1)
2026-09-24 09:18:52,blue,"CORRECT COLOR DETECTED: BLUE (1) | Wrong color(s): red (2), orange (1)",1,"red (2), orange (1)"
2026-09-24 09:18:52,blue,CORRECT COLOR DETECTED: BLUE (1) | Wrong color(s): red (1),1,red (1)
2026-09-24 09:18:53,blue,CORRECT COLOR DETECTED: BLUE (1) | Wrong color(s): red (2),1,red (2)
2026-09-24 09:18:53,blue,CORRECT COLOR DETECTED: BLUE (1) | Wrong color(s): red (1),1,red (1)
2026-09-24 09:18:53,blue,"CORRECT COLOR DETECTED: BLUE (1) | Wrong color(s): red (1), orange (1)",1,"red (1), orange (1)"
2026-09-24 09:18:53,blue,CORRECT COLOR DETECTED: BLUE (1) | Wrong color(s): orange (1),1,orange (1)
2026-09-24 09:18:53,blue,WRONG COLOR DETECTED: orange (1) | Waiting for BLUE,0,orange (1)
2026-09-24 09:18:54,blue,CORRECT COLOR DETECTED: BLUE (1) | Wrong color(s): red (1),1,red (1)
2026-09-24 09:18:54,blue,WRONG COLOR DETECTED: red (1) | Waiting for BLUE,0,red (1)
2026-09-24 09:18:54,blue,"CORRECT COLOR DETECTED: BLUE (1) | Wrong color(s): red (1), orange (1)",1,"red (1), orange (1)"
2026-09-24 09:18:54,blue,CORRECT COLOR DETECTED: BLUE (1) | Wrong color(s): red (2),1,red (2)
2026-09-24 09:18:54,blue,CORRECT COLOR DETECTED: BLUE (1) | Wrong color(s): red (1),1,red (1)
2026-09-24 09:18:54,blue,CORRECT COLOR DETECTED: BLUE (1) | Wrong color(s): red (2),1,red (2)
2026-09-24 09:18:54,blue,"CORRECT COLOR DETECTED: BLUE (1) | Wrong color(s): red (1), orange (1)",1,"red (1), orange (1)"
2026-09-24 09:18:54,blue,"CORRECT COLOR DETECTED: BLUE (1) | Wrong color(s): red (2), orange (1)",1,"red (2), orange (1)"
2026-09-24 09:18:54,blue,"CORRECT COLOR DETECTED: BLUE (1) | Wrong color(s): red (1), orange (1)",1,"red (1), orange (1)"
2026-09-24 09:18:55,blue,CORRECT COLOR DETECTED: BLUE (1) | Wrong color(s): orange (1),1,orange (1)
2026-09-24 09:18:55,blue,CORRECT COLOR DETECTED: BLUE (1),1,
2026-09-24 09:18:55,blue,CORRECT COLOR DETECTED: BLUE (1) | Wrong color(s): red (1),1,red (1)
2026-09-24 09:18:57,blue,CORRECT COLOR DETECTED: BLUE (1),1,
2026-09-24 09:18:57,blue,CORRECT COLOR DETECTED: BLUE (2),2,
2026-09-24 09:18:57,blue,"CORRECT COLOR DETECTED: BLUE (1) | Wrong color(s): red (1), orange (1)",1,"red (1), orange (1)"
2026-09-24 09:18:57,blue,"CORRECT COLOR DETECTED: BLUE (1) | Wrong color(s): red (2), orange (1)",1,"red (2), orange (1)"
2026-09-24 09:18:57,blue,"CORRECT COLOR DETECTED: BLUE (1) | Wrong color(s): red (1), orange (1)",1,"red (1), orange (1)"
2026-09-24 09:18:57,blue,CORRECT COLOR DETECTED: BLUE (1) | Wrong color(s): red (1),1,red (1)
2026-09-24 09:18:57,blue,"CORRECT COLOR DETECTED: BLUE (1) | Wrong color(s): red (1), orange (1)",1,"red (1), orange (1)"
2026-09-24 09:18:57,blue,CORRECT COLOR DETECTED: BLUE (1) | Wrong color(s): red (1),1,red (1)
2026-09-24 09:18:58,blue,"CORRECT COLOR DETECTED: BLUE (1) | Wrong color(s): red (1), orange (1)",1,"red (1), orange (1)"
2026-09-24 09:18:58,blue,CORRECT COLOR DETECTED: BLUE (1) | Wrong color(s): red (1),1,red (1)
2026-09-24 09:18:58,blue,"CORRECT COLOR DETECTED: BLUE (1) | Wrong color(s): red (1), orange (1)",1,"red (1), orange (1)"
2026-09-24 09:18:58,blue,CORRECT COLOR DETECTED: BLUE (1) | Wrong color(s): red (1),1,red (1)
2026-09-24 09:18:59,blue,"CORRECT COLOR DETECTED: BLUE (1) | Wrong color(s): red (2), orange (1)",1,"red (2), orange (1)"
2026-09-24 09:18:59,blue,CORRECT COLOR DETECTED: BLUE (1) | Wrong color(s): red (1),1,red (1)
2026-09-24 09:18:59,blue,"CORRECT COLOR DETECTED: BLUE (1) | Wrong color(s): red (1), orange (1)",1,"red (1), orange (1)"
2026-09-24 09:18:59,blue,CORRECT COLOR DETECTED: BLUE (1) | Wrong color(s): red (1),1,red (1)
2026-09-24 09:18:59,blue,WRONG COLOR DETECTED: orange (1) | Waiting for BLUE,0,orange (1)
2026-09-24 09:18:59,blue,WRONG COLOR DETECTED: red (1) | Waiting for BLUE,0,red (1)
2026-09-24 09:18:59,blue,"WRONG COLOR DETECTED: red (1), orange (1) | Waiting for BLUE",0,"red (1), orange (1)"
2026-09-24 09:18:59,blue,WRONG COLOR DETECTED: orange (1) | Waiting for BLUE,0,orange (1)
2026-09-24 09:18:59,blue,WRONG COLOR DETECTED: red (1) | Waiting for BLUE,0,red (1)
2026-09-24 09:18:59,blue,WRONG COLOR DETECTED: orange (1) | Waiting for BLUE,0,orange (1)
2026-09-24 09:19:00,blue,CORRECT COLOR DETECTED: BLUE (1),1,
2026-09-24 09:19:00,blue,CORRECT COLOR DETECTED: BLUE (1) | Wrong color(s): red (2),1,red (2)
2026-09-24 09:19:00,blue,"CORRECT COLOR DETECTED: BLUE (1) | Wrong color(s): red (2), orange (1)",1,"red (2), orange (1)"
2026-09-24 09:19:00,blue,"CORRECT COLOR DETECTED: BLUE (1) | Wrong color(s): red (1), orange (1)",1,"red (1), orange (1)"
2026-09-24 09:19:00,blue,CORRECT COLOR DETECTED: BLUE (1) | Wrong color(s): red (1),1,red (1)
2026-09-24 09:19:02,blue,CORRECT COLOR DETECTED: BLUE (1) | Wrong color(s): red (2),1,red (2)
2026-09-24 09:19:02,blue,CORRECT COLOR DETECTED: BLUE (1) | Wrong color(s): red (1),1,red (1)
2026-09-24 09:19:03,blue,"CORRECT COLOR DETECTED: BLUE (1) | Wrong color(s): red (1), orange (1)",1,"red (1), orange (1)"
2026-09-24 09:19:03,blue,CORRECT COLOR DETECTED: BLUE (1) | Wrong color(s): red (2),1,red (2)
2026-09-24 09:19:03,blue,CORRECT COLOR DETECTED: BLUE (1) | Wrong color(s): red (1),1,red (1)
2026-09-24 09:19:04,blue,CORRECT COLOR DETECTED: BLUE (1) | Wrong color(s): red (2),1,red (2)
2026-09-24 09:19:04,blue,CORRECT COLOR DETECTED: BLUE (1) | Wrong color(s): red (1),1,red (1)
2026-09-24 09:19:04,blue,CORRECT COLOR DETECTED: BLUE (1) | Wrong color(s): red (4),1,red (4)
2026-09-24 09:19:04,blue,"CORRECT COLOR DETECTED: BLUE (1) | Wrong color(s): red (2), orange (1)",1,"red (2), orange (1)"
2026-09-24 09:19:04,blue,CORRECT COLOR DETECTED: BLUE (1) | Wrong color(s): red (3),1,red (3)
2026-09-24 09:19:04,blue,CORRECT COLOR DETECTED: BLUE (1) | Wrong color(s): red (1),1,red (1)
2026-09-24 09:19:05,blue,"CORRECT COLOR DETECTED: BLUE (1) | Wrong color(s): red (1), purple (1)",1,"red (1), purple (1)"
2026-09-24 09:19:05,blue,CORRECT COLOR DETECTED: BLUE (1) | Wrong color(s): red (1),1,red (1)
2026-09-24 09:19:05,blue,CORRECT COLOR DETECTED: BLUE (1),1,
2026-09-24 09:19:06,blue,CORRECT COLOR DETECTED: BLUE (1) | Wrong color(s): red (1),1,red (1)
2026-09-24 09:19:06,blue,CORRECT COLOR DETECTED: BLUE (1),1,
2026-09-24 09:19:07,blue,WRONG COLOR DETECTED: orange (1) | Waiting for BLUE,0,orange (1)
2026-09-24 09:19:07,blue,WRONG COLOR DETECTED: orange (1) | Waiting for BLUE,0,orange (1)
2026-09-24 09:19:07,blue,"WRONG COLOR DETECTED: red (1), orange (1) | Waiting for BLUE",0,"red (1), orange (1)"
2026-09-24 09:19:07,blue,WRONG COLOR DETECTED: orange (1) | Waiting for BLUE,0,orange (1)
2026-09-24 09:19:07,blue,WRONG COLOR DETECTED: red (1) | Waiting for BLUE,0,red (1)
2026-09-24 09:19:07,blue,CORRECT COLOR DETECTED: BLUE (1) | Wrong color(s): red (1),1,red (1)
2026-09-24 09:19:09,blue,CORRECT COLOR DETECTED: BLUE (1) | Wrong color(s): red (2),1,red (2)
2026-09-24 09:19:09,blue,WRONG COLOR DETECTED: red (2) | Waiting for BLUE,0,red (2)
2026-09-24 09:19:09,blue,WRONG COLOR DETECTED: red (1) | Waiting for BLUE,0,red (1)
2026-09-24 09:19:09,blue,"WRONG COLOR DETECTED: red (1), orange (1) | Waiting for BLUE",0,"red (1), orange (1)"
2026-09-24 09:19:09,blue,WRONG COLOR DETECTED: red (1) | Waiting for BLUE,0,red (1)
2026-09-24 09:19:09,blue,"WRONG COLOR DETECTED: red (1), orange (1) | Waiting for BLUE",0,"red (1), orange (1)"
2026-09-24 09:19:10,blue,CORRECT COLOR DETECTED: BLUE (1) | Wrong color(s): red (1),1,red (1)
2026-09-24 09:19:10,blue,"CORRECT COLOR DETECTED: BLUE (1) | Wrong color(s): red (2), orange (1), purple (1)",1,"red (2), orange (1), purple (1)"
2026-09-24 09:19:10,blue,"CORRECT COLOR DETECTED: BLUE (1) | Wrong color(s): red (1), orange (2), purple (1)",1,"red (1), orange (2), purple (1)"
2026-09-24 09:19:10,blue,CORRECT COLOR DETECTED: BLUE (1) | Wrong color(s): red (1),1,red (1)
2026-09-24 09:19:10,blue,CORRECT COLOR DETECTED: BLUE (1) | Wrong color(s): red (2),1,red (2)
2026-09-24 09:19:10,blue,CORRECT COLOR DETECTED: BLUE (1) | Wrong color(s): red (1),1,red (1)
2026-09-24 09:19:10,blue,CORRECT COLOR DETECTED: BLUE (1),1,
2026-09-24 09:19:10,blue,CORRECT COLOR DETECTED: BLUE (1) | Wrong color(s): red (1),1,red (1)
2026-09-24 09:19:11,blue,CORRECT COLOR DETECTED: BLUE (1) | Wrong color(s): red (2),1,red (2)
2026-09-24 09:19:11,blue,CORRECT COLOR DETECTED: BLUE (1) | Wrong color(s): red (1),1,red (1)
2026-09-24 09:19:11,blue,CORRECT COLOR DETECTED: BLUE (1),1,
2026-09-24 09:19:11,blue,CORRECT COLOR DETECTED: BLUE (1) | Wrong color(s): red (1),1,red (1)
2026-09-24 09:19:11,blue,"CORRECT COLOR DETECTED: BLUE (1) | Wrong color(s): red (1), orange (2)",1,"red (1), orange (2)"
2026-09-24 09:19:11,blue,"CORRECT COLOR DETECTED: BLUE (1) | Wrong color(s): red (1), orange (1)",1,"red (1), orange (1)"
2026-09-24 09:19:11,blue,"CORRECT COLOR DETECTED: BLUE (1) | Wrong color(s): red (2), orange (1)",1,"red (2), orange (1)"
2026-09-24 09:19:11,blue,"CORRECT COLOR DETECTED: BLUE (1) | Wrong color(s): red (2), orange (2)",1,"red (2), orange (2)"
2026-09-24 09:19:11,blue,CORRECT COLOR DETECTED: BLUE (1) | Wrong color(s): red (2),1,red (2)
2026-09-24 09:19:11,blue,CORRECT COLOR DETECTED: BLUE (1) | Wrong color(s): red (3),1,red (3)
2026-09-24 09:19:11,blue,CORRECT COLOR DETECTED: BLUE (1) | Wrong color(s): red (1),1,red (1)
2026-09-24 09:19:12,blue,CORRECT COLOR DETECTED: BLUE (1) | Wrong color(s): red (2),1,red (2)
2026-09-24 09:19:12,blue,CORRECT COLOR DETECTED: BLUE (1) | Wrong color(s): red (1),1,red (1)
2026-09-24 09:19:12,blue,CORRECT COLOR DETECTED: BLUE (1) | Wrong color(s): red (2),1,red (2)
2026-09-24 09:19:12,blue,"CORRECT COLOR DETECTED: BLUE (1) | Wrong color(s): red (2), orange (1)",1,"red (2), orange (1)"
2026-09-24 09:19:12,blue,CORRECT COLOR DETECTED: BLUE (1) | Wrong color(s): red (2),1,red (2)
2026-09-24 09:19:12,blue,CORRECT COLOR DETECTED: BLUE (1) | Wrong color(s): red (3),1,red (3)
2026-09-24 09:19:12,blue,CORRECT COLOR DETECTED: BLUE (1) | Wrong color(s): red (1),1,red (1)
2026-09-24 09:19:12,blue,CORRECT COLOR DETECTED: BLUE (1) | Wrong color(s): red (3),1,red (3)
2026-09-24 09:19:12,blue,"CORRECT COLOR DETECTED: BLUE (1) | Wrong color(s): red (2), orange (1)",1,"red (2), orange (1)"
2026-09-24 09:19:13,blue,"CORRECT COLOR DETECTED: BLUE (1) | Wrong color(s): red (1), orange (1)",1,"red (1), orange (1)"
2026-09-24 09:19:13,blue,CORRECT COLOR DETECTED: BLUE (1) | Wrong color(s): red (2),1,red (2)
2026-09-24 09:19:13,blue,CORRECT COLOR DETECTED: BLUE (1) | Wrong color(s): red (1),1,red (1)
2026-09-24 09:19:13,blue,CORRECT COLOR DETECTED: BLUE (1) | Wrong color(s): red (2),1,red (2)
2026-09-24 09:19:13,blue,CORRECT COLOR DETECTED: BLUE (1) | Wrong color(s): red (1),1,red (1)
2026-09-24 09:19:13,blue,"CORRECT COLOR DETECTED: BLUE (1) | Wrong color(s): red (1), orange (1)",1,"red (1), orange (1)"
2026-09-24 09:19:13,blue,CORRECT COLOR DETECTED: BLUE (1) | Wrong color(s): red (2),1,red (2)
2026-09-24 09:19:13,blue,"CORRECT COLOR DETECTED: BLUE (1) | Wrong color(s): red (1), orange (1)",1,"red (1), orange (1)"
2026-09-24 09:19:13,blue,CORRECT COLOR DETECTED: BLUE (1) | Wrong color(s): red (1),1,red (1)
2026-09-24 09:19:13,blue,CORRECT COLOR DETECTED: BLUE (1),1,
2026-09-24 09:19:13,blue,CORRECT COLOR DETECTED: BLUE (1) | Wrong color(s): red (1),1,red (1)
2026-09-24 09:19:13,blue,"CORRECT COLOR DETECTED: BLUE (1) | Wrong color(s): red (1), orange (1)",1,"red (1), orange (1)"
2026-09-24 09:19:14,blue,"CORRECT COLOR DETECTED: BLUE (1) | Wrong color(s): red (2), orange (1)",1,"red (2), orange (1)"
2026-09-24 09:19:14,blue,"CORRECT COLOR DETECTED: BLUE (1) | Wrong color(s): red (1), orange (1)",1,"red (1), orange (1)"
2026-09-24 09:19:14,blue,CORRECT COLOR DETECTED: BLUE (1) | Wrong color(s): red (1),1,red (1)
2026-09-24 09:19:14,blue,CORRECT COLOR DETECTED: BLUE (1) | Wrong color(s): red (2),1,red (2)
2026-09-24 09:19:14,blue,CORRECT COLOR DETECTED: BLUE (1) | Wrong color(s): red (3),1,red (3)
2026-09-24 09:19:15,blue,CORRECT COLOR DETECTED: BLUE (1) | Wrong color(s): red (2),1,red (2)
2026-09-24 09:19:15,blue,CORRECT COLOR DETECTED: BLUE (1) | Wrong color(s): red (3),1,red (3)
2026-09-24 09:19:15,blue,CORRECT COLOR DETECTED: BLUE (1) | Wrong color(s): red (2),1,red (2)
2026-09-24 09:19:17,blue,CORRECT COLOR DETECTED: BLUE (1) | Wrong color(s): red (3),1,red (3)
2026-09-24 09:19:17,blue,CORRECT COLOR DETECTED: BLUE (1) | Wrong color(s): red (2),1,red (2)
2026-09-24 09:19:17,blue,CORRECT COLOR DETECTED: BLUE (1) | Wrong color(s): red (1),1,red (1)
2026-09-24 09:19:17,blue,"CORRECT COLOR DETECTED: BLUE (1) | Wrong color(s): red (1), orange (1)",1,"red (1), orange (1)"
2026-09-24 09:19:18,blue,CORRECT COLOR DETECTED: BLUE (1) | Wrong color(s): red (2),1,red (2)
2026-09-24 09:19:18,blue,CORRECT COLOR DETECTED: BLUE (1) | Wrong color(s): red (1),1,red (1)
2026-09-24 09:19:18,blue,CORRECT COLOR DETECTED: BLUE (1) | Wrong color(s): red (2),1,red (2)
2026-09-24 09:19:18,blue,CORRECT COLOR DETECTED: BLUE (1) | Wrong color(s): red (1),1,red (1)
2026-09-24 09:19:19,blue,CORRECT COLOR DETECTED: BLUE (1) | Wrong color(s): red (2),1,red (2)
2026-09-24 09:19:19,blue,CORRECT COLOR DETECTED: BLUE (1) | Wrong color(s): red (1),1,red (1)
2026-09-24 09:19:19,blue,"CORRECT COLOR DETECTED: BLUE (1) | Wrong color(s): red (1), orange (2)",1,"red (1), orange (2)"
2026-09-24 09:19:19,blue,CORRECT COLOR DETECTED: BLUE (1) | Wrong color(s): red (2),1,red (2)
2026-09-24 09:19:20,blue,"CORRECT COLOR DETECTED: BLUE (1) | Wrong color(s): red (2), orange (1)",1,"red (2), orange (1)"
2026-09-24 09:19:20,blue,CORRECT COLOR DETECTED: BLUE (1) | Wrong color(s): red (2),1,red (2)
2026-09-24 09:19:20,blue,"CORRECT COLOR DETECTED: BLUE (1) | Wrong color(s): red (2), orange (1)",1,"red (2), orange (1)"
2026-09-24 09:19:20,blue,CORRECT COLOR DETECTED: BLUE (1) | Wrong color(s): orange (2),1,orange (2)
2026-09-24 09:19:20,blue,WRONG COLOR DETECTED: orange (2) | Waiting for BLUE,0,orange (2)
2026-09-24 09:19:20,blue,"WRONG COLOR DETECTED: red (1), orange (1) | Waiting for BLUE",0,"red (1), orange (1)"
2026-09-24 09:19:21,blue,WRONG COLOR DETECTED: orange (1) | Waiting for BLUE,0,orange (1)
2026-09-24 09:19:21,blue,WRONG COLOR DETECTED: orange (1) | Waiting for BLUE,0,orange (1)
2026-09-24 09:19:21,blue,"WRONG COLOR DETECTED: red (1), orange (1) | Waiting for BLUE",0,"red (1), orange (1)"
2026-09-24 09:19:21,blue,WRONG COLOR DETECTED: red (1) | Waiting for BLUE,0,red (1)
2026-09-24 09:19:21,blue,CORRECT COLOR DETECTED: BLUE (1),1,
2026-09-24 09:19:21,blue,WRONG COLOR DETECTED: orange (1) | Waiting for BLUE,0,orange (1)
2026-09-24 09:19:23,blue,WRONG COLOR DETECTED: orange (1) | Waiting for BLUE,0,orange (1)
2026-09-24 09:19:23,blue,WRONG COLOR DETECTED: orange (1) | Waiting for BLUE,0,orange (1)
2026-09-24 09:19:23,blue,WRONG COLOR DETECTED: red (1) | Waiting for BLUE,0,red (1)
2026-09-24 09:19:23,blue,WRONG COLOR DETECTED: orange (1) | Waiting for BLUE,0,orange (1)
2026-09-24 09:19:24,blue,WRONG COLOR DETECTED: red (1) | Waiting for BLUE,0,red (1)
2026-09-24 09:19:24,blue,WRONG COLOR DETECTED: yellow (1) | Waiting for BLUE,0,yellow (1)
2026-09-24 09:19:24,blue,"WRONG COLOR DETECTED: orange (1), yellow (1) | Waiting for BLUE",0,"orange (1), yellow (1)"
2026-09-24 09:19:25,blue,"WRONG COLOR DETECTED: red (2), yellow (1) | Waiting for BLUE",0,"red (2), yellow (1)"
2026-09-24 09:19:25,blue,WRONG COLOR DETECTED: red (1) | Waiting for BLUE,0,red (1)
2026-09-24 09:19:25,blue,"WRONG COLOR DETECTED: orange (1), yellow (1) | Waiting for BLUE",0,"orange (1), yellow (1)"
2026-09-24 09:19:25,blue,WRONG COLOR DETECTED: yellow (1) | Waiting for BLUE,0,yellow (1)
2026-09-24 09:19:25,blue,"WRONG COLOR DETECTED: red (1), orange (1), yellow (1) | Waiting for BLUE",0,"red (1), orange (1), yellow (1)"
2026-09-24 09:19:25,blue,"WRONG COLOR DETECTED: red (2), yellow (1) | Waiting for BLUE",0,"red (2), yellow (1)"
2026-09-24 09:19:25,blue,WRONG COLOR DETECTED: yellow (1) | Waiting for BLUE,0,yellow (1)
2026-09-24 09:19:30,blue,"WRONG COLOR DETECTED: red (1), yellow (1) | Waiting for BLUE",0,"red (1), yellow (1)"
2026-09-24 09:19:30,blue,"WRONG COLOR DETECTED: red (2), orange (1), yellow (1) | Waiting for BLUE",0,"red (2), orange (1), yellow (1)"
2026-09-24 09:19:30,blue,WRONG COLOR DETECTED: red (1) | Waiting for BLUE,0,red (1)
2026-09-24 09:19:30,blue,WRONG COLOR DETECTED: red (1) | Waiting for BLUE,0,red (1)
2026-09-24 09:19:30,blue,"WRONG COLOR DETECTED: red (1), orange (1) | Waiting for BLUE",0,"red (1), orange (1)"
2026-09-24 09:19:30,blue,WRONG COLOR DETECTED: orange (2) | Waiting for BLUE,0,orange (2)
2026-09-24 09:19:30,blue,WRONG COLOR DETECTED: yellow (1) | Waiting for BLUE,0,yellow (1)
2026-09-24 09:19:31,blue,"WRONG COLOR DETECTED: red (1), yellow (2) | Waiting for BLUE",0,"red (1), yellow (2)"
2026-09-24 09:19:31,blue,WRONG COLOR DETECTED: yellow (1) | Waiting for BLUE,0,yellow (1)
2026-09-24 09:19:31,blue,"WRONG COLOR DETECTED: red (1), yellow (1) | Waiting for BLUE",0,"red (1), yellow (1)"
2026-09-24 09:19:31,blue,WRONG COLOR DETECTED: yellow (1) | Waiting for BLUE,0,yellow (1)
2026-09-24 09:19:31,blue,"WRONG COLOR DETECTED: orange (1), yellow (1) | Waiting for BLUE",0,"orange (1), yellow (1)"
2026-09-24 09:22:24,blue,CORRECT COLOR DETECTED: BLUE (1),1,
2026-09-24 09:22:24,blue,WRONG COLOR DETECTED: green (1) | Waiting for BLUE,0,green (1)
2026-09-24 09:22:25,blue,WRONG COLOR DETECTED: green (1) | Waiting for BLUE,0,green (1)
2026-09-24 09:22:26,blue,"WRONG COLOR DETECTED: orange (1), green (1) | Waiting for BLUE",0,"orange (1), green (1)"
2026-09-24 09:22:27,blue,"WRONG COLOR DETECTED: red (1), orange (1), green (1) | Waiting for BLUE",0,"red (1), orange (1), green (1)"
2026-09-24 09:22:27,blue,"WRONG COLOR DETECTED: red (1), green (1) | Waiting for BLUE",0,"red (1), green (1)"
2026-09-24 09:22:27,blue,WRONG COLOR DETECTED: green (1) | Waiting for BLUE,0,green (1)
2026-09-24 09:26:53,blue,WRONG COLOR DETECTED: orange (2) | Waiting for BLUE,0,orange (2)
2026-09-24 09:26:53,blue,WRONG COLOR DETECTED: orange (1) | Waiting for BLUE,0,orange (1)
2026-09-24 09:26:53,blue,"WRONG COLOR DETECTED: red (1), orange (1) | Waiting for BLUE",0,"red (1), orange (1)"
2026-09-24 09:26:53,blue,WRONG COLOR DETECTED: orange (1) | Waiting for BLUE,0,orange (1)
2026-09-24 09:26:54,blue,WRONG COLOR DETECTED: orange (2) | Waiting for BLUE,0,orange (2)
2026-09-24 09:26:54,blue,WRONG COLOR DETECTED: orange (1) | Waiting for BLUE,0,orange (1)
2026-09-24 09:26:54,blue,WRONG COLOR DETECTED: orange (1) | Waiting for BLUE,0,orange (1)
2026-09-24 09:26:54,blue,WRONG COLOR DETECTED: orange (1) | Waiting for BLUE,0,orange (1)
2026-09-24 09:26:55,blue,WRONG COLOR DETECTED: red (1) | Waiting for BLUE,0,red (1)
2026-09-24 09:26:56,blue,WRONG COLOR DETECTED: orange (1) | Waiting for BLUE,0,orange (1)
2026-09-24 09:26:56,blue,"WRONG COLOR DETECTED: red (1), orange (1) | Waiting for BLUE",0,"red (1), orange (1)"
2026-09-24 09:26:56,blue,WRONG COLOR DETECTED: orange (2) | Waiting for BLUE,0,orange (2)
2026-09-24 09:26:56,blue,WRONG COLOR DETECTED: orange (1) | Waiting for BLUE,0,orange (1)
2026-09-24 09:26:57,blue,WRONG COLOR DETECTED: orange (1) | Waiting for BLUE,0,orange (1)
2026-09-24 09:26:57,blue,WRONG COLOR DETECTED: orange (1) | Waiting for BLUE,0,orange (1)
2026-09-24 09:26:58,blue,WRONG COLOR DETECTED: red (1) | Waiting for BLUE,0,red (1)
2026-09-24 09:26:58,blue,WRONG COLOR DETECTED: orange (2) | Waiting for BLUE,0,orange (2)
2026-09-24 09:26:58,blue,WRONG COLOR DETECTED: orange (1) | Waiting for BLUE,0,orange (1)
2026-09-24 09:26:58,blue,WRONG COLOR DETECTED: orange (2) | Waiting for BLUE,0,orange (2)
2026-09-24 09:26:58,blue,WRONG COLOR DETECTED: orange (1) | Waiting for BLUE,0,orange (1)
2026-09-24 09:26:59,blue,WRONG COLOR DETECTED: orange (2) | Waiting for BLUE,0,orange (2)
2026-09-24 09:26:59,blue,WRONG COLOR DETECTED: red (1) | Waiting for BLUE,0,red (1)
2026-09-24 09:26:59,blue,WRONG COLOR DETECTED: orange (1) | Waiting for BLUE,0,orange (1)
2026-09-24 09:26:59,blue,WRONG COLOR DETECTED: red (1) | Waiting for BLUE,0,red (1)
2026-09-24 09:26:59,blue,"WRONG COLOR DETECTED: red (2), orange (1) | Waiting for BLUE",0,"red (2), orange (1)"
2026-09-24 09:26:59,blue,WRONG COLOR DETECTED: orange (1) | Waiting for BLUE,0,orange (1)
2026-09-24 09:26:59,blue,WRONG COLOR DETECTED: orange (2) | Waiting for BLUE,0,orange (2)
2026-09-24 09:26:59,blue,WRONG COLOR DETECTED: orange (1) | Waiting for BLUE,0,orange (1)
2026-09-24 09:27:02,blue,WRONG COLOR DETECTED: orange (1) | Waiting for BLUE,0,orange (1)
2026-09-24 09:27:03,blue,WRONG COLOR DETECTED: red (1) | Waiting for BLUE,0,red (1)
2026-09-24 09:27:03,blue,"WRONG COLOR DETECTED: red (1), purple (1) | Waiting for BLUE",0,"red (1), purple (1)"
2026-09-24 09:27:03,blue,"WRONG COLOR DETECTED: red (1), orange (1) | Waiting for BLUE",0,"red (1), orange (1)"
2026-09-24 09:27:03,blue,WRONG COLOR DETECTED: orange (1) | Waiting for BLUE,0,orange (1)
2026-09-24 09:27:03,blue,CORRECT COLOR DETECTED: BLUE (1) | Wrong color(s): orange (1),1,orange (1)
2026-09-24 09:27:03,blue,"WRONG COLOR DETECTED: red (1), orange (1) | Waiting for BLUE",0,"red (1), orange (1)"
2026-09-24 09:27:03,blue,"CORRECT COLOR DETECTED: BLUE (1) | Wrong color(s): red (1), orange (2)",1,"red (1), orange (2)"
2026-09-24 09:27:03,blue,"CORRECT COLOR DETECTED: BLUE (2) | Wrong color(s): red (1), orange (3)",2,"red (1), orange (3)"
2026-09-24 09:27:03,blue,"CORRECT COLOR DETECTED: BLUE (3) | Wrong color(s): red (1), orange (3)",3,"red (1), orange (3)"
2026-09-24 09:27:03,blue,"CORRECT COLOR DETECTED: BLUE (3) | Wrong color(s): red (1), orange (2)",3,"red (1), orange (2)"
2026-09-24 09:27:03,blue,"CORRECT COLOR DETECTED: BLUE (3) | Wrong color(s): red (1), orange (1)",3,"red (1), orange (1)"
2026-09-24 09:27:03,blue,"CORRECT COLOR DETECTED: BLUE (2) | Wrong color(s): red (1), orange (2)",2,"red (1), orange (2)"
2026-09-24 09:27:03,blue,CORRECT COLOR DETECTED: BLUE (2) | Wrong color(s): red (1),2,red (1)
2026-09-24 09:27:04,blue,CORRECT COLOR DETECTED: BLUE (2),2,
2026-09-24 09:27:04,blue,CORRECT COLOR DETECTED: BLUE (1),1,
2026-09-24 09:27:04,blue,CORRECT COLOR DETECTED: BLUE (1) | Wrong color(s): red (1),1,red (1)
2026-09-24 09:27:04,blue,CORRECT COLOR DETECTED: BLUE (1),1,
2026-09-24 09:27:04,blue,"CORRECT COLOR DETECTED: BLUE (1) | Wrong color(s): red (2), purple (2)",1,"red (2), purple (2)"
2026-09-24 09:27:04,blue,"CORRECT COLOR DETECTED: BLUE (1) | Wrong color(s): red (1), purple (1)",1,"red (1), purple (1)"
2026-09-24 09:27:04,blue,CORRECT COLOR DETECTED: BLUE (2) | Wrong color(s): purple (2),2,purple (2)
2026-09-24 09:27:04,blue,WRONG COLOR DETECTED: purple (1) | Waiting for BLUE,0,purple (1)
2026-09-24 09:27:04,blue,CORRECT COLOR DETECTED: BLUE (1) | Wrong color(s): purple (1),1,purple (1)
2026-09-24 09:27:04,blue,CORRECT COLOR DETECTED: BLUE (1),1,
2026-09-24 09:27:05,blue,WRONG COLOR DETECTED: orange (1) | Waiting for BLUE,0,orange (1)
2026-09-24 09:27:05,blue,WRONG COLOR DETECTED: orange (1) | Waiting for BLUE,0,orange (1)
2026-09-24 09:27:05,blue,WRONG COLOR DETECTED: orange (2) | Waiting for BLUE,0,orange (2)
2026-09-24 09:27:05,blue,WRONG COLOR DETECTED: red (2) | Waiting for BLUE,0,red (2)
2026-09-24 09:27:05,blue,WRONG COLOR DETECTED: red (1) | Waiting for BLUE,0,red (1)
2026-09-24 09:27:06,blue,WRONG COLOR DETECTED: orange (1) | Waiting for BLUE,0,orange (1)
2026-09-24 09:27:06,blue,WRONG COLOR DETECTED: orange (2) | Waiting for BLUE,0,orange (2)
2026-09-24 09:27:06,blue,WRONG COLOR DETECTED: orange (1) | Waiting for BLUE,0,orange (1)
2026-09-24 09:27:06,blue,WRONG COLOR DETECTED: orange (1) | Waiting for BLUE,0,orange (1)
2026-09-24 09:27:06,blue,WRONG COLOR DETECTED: orange (1) | Waiting for BLUE,0,orange (1)
2026-09-24 09:27:06,blue,WRONG COLOR DETECTED: orange (1) | Waiting for BLUE,0,orange (1)
2026-09-24 09:27:07,blue,WRONG COLOR DETECTED: orange (1) | Waiting for BLUE,0,orange (1)
2026-09-24 09:27:07,blue,WRONG COLOR DETECTED: orange (1) | Waiting for BLUE,0,orange (1)
2026-09-24 09:27:07,blue,WRONG COLOR DETECTED: orange (1) | Waiting for BLUE,0,orange (1)
2026-09-24 09:27:09,blue,WRONG COLOR DETECTED: orange (1) | Waiting for BLUE,0,orange (1)
2026-09-24 09:27:09,blue,WRONG COLOR DETECTED: red (1) | Waiting for BLUE,0,red (1)
2026-09-24 09:27:09,blue,"WRONG COLOR DETECTED: red (1), orange (1) | Waiting for BLUE",0,"red (1), orange (1)"
2026-09-24 09:27:09,blue,WRONG COLOR DETECTED: orange (1) | Waiting for BLUE,0,orange (1)
2026-09-24 09:27:10,blue,WRONG COLOR DETECTED: orange (2) | Waiting for BLUE,0,orange (2)
2026-09-24 09:27:10,blue,WRONG COLOR DETECTED: orange (3) | Waiting for BLUE,0,orange (3)
2026-09-24 09:27:10,blue,WRONG COLOR DETECTED: orange (2) | Waiting for BLUE,0,orange (2)
2026-09-24 09:27:10,blue,WRONG COLOR DETECTED: orange (1) | Waiting for BLUE,0,orange (1)
2026-09-24 09:27:35,blue,WRONG COLOR DETECTED: red (1) | Waiting for BLUE,0,red (1)
2026-09-24 09:27:35,blue,WRONG COLOR DETECTED: orange (1) | Waiting for BLUE,0,orange (1)
2026-09-24 09:27:35,blue,WRONG COLOR DETECTED: orange (1) | Waiting for BLUE,0,orange (1)
2026-09-24 09:27:36,blue,WRONG COLOR DETECTED: orange (1) | Waiting for BLUE,0,orange (1)
2026-09-24 09:27:37,blue,WRONG COLOR DETECTED: orange (1) | Waiting for BLUE,0,orange (1)
2026-09-24 09:27:38,blue,WRONG COLOR DETECTED: orange (1) | Waiting for BLUE,0,orange (1)
2026-09-24 09:27:38,blue,WRONG COLOR DETECTED: orange (1) | Waiting for BLUE,0,orange (1)
2026-09-24 09:27:38,blue,WRONG COLOR DETECTED: orange (2) | Waiting for BLUE,0,orange (2)
2026-09-24 09:27:38,blue,WRONG COLOR DETECTED: orange (1) | Waiting for BLUE,0,orange (1)
2026-09-24 09:27:39,blue,WRONG COLOR DETECTED: orange (1) | Waiting for BLUE,0,orange (1)
2026-09-24 09:27:39,blue,WRONG COLOR DETECTED: orange (2) | Waiting for BLUE,0,orange (2)
2026-09-24 09:27:39,blue,WRONG COLOR DETECTED: orange (1) | Waiting for BLUE,0,orange (1)
2026-09-24 09:27:39,blue,WRONG COLOR DETECTED: orange (2) | Waiting for BLUE,0,orange (2)
2026-09-24 09:27:39,blue,WRONG COLOR DETECTED: orange (1) | Waiting for BLUE,0,orange (1)
2026-09-24 09:27:39,blue,"WRONG COLOR DETECTED: red (1), orange (1) | Waiting for BLUE",0,"red (1), orange (1)"
2026-09-24 09:27:39,blue,WRONG COLOR DETECTED: orange (1) | Waiting for BLUE,0,orange (1)
2026-09-24 09:27:40,blue,WRONG COLOR DETECTED: orange (2) | Waiting for BLUE,0,orange (2)
2026-09-24 09:27:40,blue,WRONG COLOR DETECTED: orange (1) | Waiting for BLUE,0,orange (1)
2026-09-24 09:27:57,blue,"WRONG COLOR DETECTED: red (1), orange (1) | Waiting for BLUE",0,"red (1), orange (1)"
2026-09-24 09:27:57,blue,WRONG COLOR DETECTED: red (1) | Waiting for BLUE,0,red (1)
2026-09-24 09:28:02,blue,WRONG COLOR DETECTED: yellow (1) | Waiting for BLUE,0,yellow (1)
2026-09-24 09:28:03,blue,"WRONG COLOR DETECTED: orange (1), yellow (1) | Waiting for BLUE",0,"orange (1), yellow (1)"
2026-09-24 09:28:03,blue,WRONG COLOR DETECTED: yellow (1) | Waiting for BLUE,0,yellow (1)
2026-09-24 09:28:03,blue,"WRONG COLOR DETECTED: orange (1), yellow (1) | Waiting for BLUE",0,"orange (1), yellow (1)"
2026-09-24 09:28:03,blue,WRONG COLOR DETECTED: yellow (1) | Waiting for BLUE,0,yellow (1)
2026-09-24 09:28:03,blue,"WRONG COLOR DETECTED: orange (1), yellow (1) | Waiting for BLUE",0,"orange (1), yellow (1)"
2026-09-24 09:28:03,blue,WRONG COLOR DETECTED: orange (1) | Waiting for BLUE,0,orange (1)
2026-09-24 09:28:04,blue,WRONG COLOR DETECTED: orange (2) | Waiting for BLUE,0,orange (2)
2026-09-24 09:28:04,blue,WRONG COLOR DETECTED: yellow (1) | Waiting for BLUE,0,yellow (1)
2026-09-24 09:28:05,blue,"WRONG COLOR DETECTED: red (1), yellow (1) | Waiting for BLUE",0,"red (1), yellow (1)"
2026-09-24 09:28:05,blue,WRONG COLOR DETECTED: yellow (1) | Waiting for BLUE,0,yellow (1)
2026-09-24 09:28:05,blue,WRONG COLOR DETECTED: orange (1) | Waiting for BLUE,0,orange (1)
2026-09-24 09:28:05,blue,WRONG COLOR DETECTED: yellow (1) | Waiting for BLUE,0,yellow (1)
2026-09-24 09:28:07,blue,WRONG COLOR DETECTED: yellow (1) | Waiting for BLUE,0,yellow (1)
2026-09-24 09:28:08,blue,"WRONG COLOR DETECTED: orange (1), yellow (1) | Waiting for BLUE",0,"orange (1), yellow (1)"
2026-09-24 09:28:08,blue,WRONG COLOR DETECTED: yellow (1) | Waiting for BLUE,0,yellow (1)
2026-09-24 09:28:08,blue,"WRONG COLOR DETECTED: orange (1), yellow (1) | Waiting for BLUE",0,"orange (1), yellow (1)"
2026-09-24 09:28:09,blue,WRONG COLOR DETECTED: orange (1) | Waiting for BLUE,0,orange (1)
2026-09-24 09:28:09,blue,WRONG COLOR DETECTED: orange (1) | Waiting for BLUE,0,orange (1)
2026-09-24 09:28:09,blue,WRONG COLOR DETECTED: orange (1) | Waiting for BLUE,0,orange (1)
2026-09-24 09:28:09,blue,WRONG COLOR DETECTED: orange (1) | Waiting for BLUE,0,orange (1)
2026-09-24 09:28:09,blue,WRONG COLOR DETECTED: orange (1) | Waiting for BLUE,0,orange (1)
2026-09-24 09:28:10,blue,WRONG COLOR DETECTED: orange (1) | Waiting for BLUE,0,orange (1)
2026-09-24 09:28:10,blue,"WRONG COLOR DETECTED: orange (1), yellow (1) | Waiting for BLUE",0,"orange (1), yellow (1)"
2026-09-24 09:28:10,blue,WRONG COLOR DETECTED: yellow (1) | Waiting for BLUE,0,yellow (1)
2026-09-24 09:28:10,blue,WRONG COLOR DETECTED: orange (1) | Waiting for BLUE,0,orange (1)
2026-09-24 09:28:10,blue,"WRONG COLOR DETECTED: orange (1), yellow (1) | Waiting for BLUE",0,"orange (1), yellow (1)"
2026-09-24 09:28:10,blue,WRONG COLOR DETECTED: yellow (1) | Waiting for BLUE,0,yellow (1)
2026-09-24 09:28:11,blue,CORRECT COLOR DETECTED: BLUE (1) | Wrong color(s): yellow (1),1,yellow (1)
2026-09-24 09:28:11,blue,WRONG COLOR DETECTED: yellow (1) | Waiting for BLUE,0,yellow (1)
2026-09-24 09:28:11,blue,WRONG COLOR DETECTED: orange (1) | Waiting for BLUE,0,orange (1)
2026-09-24 09:28:11,blue,WRONG COLOR DETECTED: orange (2) | Waiting for BLUE,0,orange (2)
2026-09-24 09:28:11,blue,CORRECT COLOR DETECTED: BLUE (1),1,
2026-09-24 12:58:51,red,CORRECT COLOR DETECTED: RED (1) | Wrong color(s): blue (1),1,blue (1)
2026-09-24 12:58:51,red,WRONG COLOR DETECTED: blue (1) | Waiting for RED,0,blue (1)
2026-09-24 12:58:59,red,"WRONG COLOR DETECTED: orange (1), blue (1) | Waiting for RED",0,"orange (1), blue (1)"
2026-09-24 12:58:59,red,WRONG COLOR DETECTED: blue (1) | Waiting for RED,0,blue (1)
2026-09-24 12:59:47,red,"WRONG COLOR DETECTED: orange (1), blue (1) | Waiting for RED",0,"orange (1), blue (1)"
2026-09-24 12:59:47,red,WRONG COLOR DETECTED: blue (1) | Waiting for RED,0,blue (1)
2026-09-24 12:59:47,red,WRONG COLOR DETECTED: blue (2) | Waiting for RED,0,blue (2)
2026-09-24 12:59:48,red,WRONG COLOR DETECTED: blue (1) | Waiting for RED,0,blue (1)
2026-09-24 12:59:49,red,CORRECT COLOR DETECTED: RED (1),1,
2026-09-24 12:59:49,red,WRONG COLOR DETECTED: orange (1) | Waiting for RED,0,orange (1)
2026-09-24 12:59:49,red,CORRECT COLOR DETECTED: RED (1),1,
2026-09-24 12:59:50,red,CORRECT COLOR DETECTED: RED (1) | Wrong color(s): orange (1),1,orange (1)
2026-09-24 12:59:50,red,CORRECT COLOR DETECTED: RED (1),1,
2026-09-24 12:59:50,red,CORRECT COLOR DETECTED: RED (1) | Wrong color(s): orange (1),1,orange (1)
2026-09-24 12:59:50,red,CORRECT COLOR DETECTED: RED (1),1,
2026-09-24 12:59:51,red,CORRECT COLOR DETECTED: RED (1) | Wrong color(s): orange (1),1,orange (1)
2026-09-24 12:59:51,red,CORRECT COLOR DETECTED: RED (1),1,
2026-09-24 12:59:51,red,CORRECT COLOR DETECTED: RED (1) | Wrong color(s): orange (1),1,orange (1)
2026-09-24 12:59:51,red,CORRECT COLOR DETECTED: RED (1) | Wrong color(s): orange (2),1,orange (2)
2026-09-24 12:59:51,red,CORRECT COLOR DETECTED: RED (1),1,
2026-09-24 12:59:51,red,CORRECT COLOR DETECTED: RED (1),1,
2026-09-24 12:59:52,red,CORRECT COLOR DETECTED: RED (1) | Wrong color(s): orange (1),1,orange (1)
2026-09-24 12:59:52,red,CORRECT COLOR DETECTED: RED (1),1,
2026-09-24 12:59:53,red,WRONG COLOR DETECTED: orange (2) | Waiting for RED,0,orange (2)
2026-09-24 12:59:53,red,CORRECT COLOR DETECTED: RED (1),1,
2026-09-24 12:59:55,red,WRONG COLOR DETECTED: orange (1) | Waiting for RED,0,orange (1)
2026-09-24 12:59:55,red,CORRECT COLOR DETECTED: RED (1) | Wrong color(s): yellow (1),1,yellow (1)
2026-09-24 12:59:56,red,WRONG COLOR DETECTED: yellow (1) | Waiting for RED,0,yellow (1)
2026-09-24 12:59:56,red,CORRECT COLOR DETECTED: RED (1) | Wrong color(s): yellow (1),1,yellow (1)
2026-09-24 12:59:56,red,WRONG COLOR DETECTED: yellow (1) | Waiting for RED,0,yellow (1)
2026-09-24 12:59:56,red,"WRONG COLOR DETECTED: yellow (1), blue (1) | Waiting for RED",0,"yellow (1), blue (1)"
2026-09-24 12:59:57,red,"WRONG COLOR DETECTED: orange (2), yellow (1), blue (1) | Waiting for RED",0,"orange (2), yellow (1), blue (1)"
2026-09-24 12:59:57,red,"WRONG COLOR DETECTED: yellow (1), blue (1) | Waiting for RED",0,"yellow (1), blue (1)"
2026-09-24 12:59:57,red,"WRONG COLOR DETECTED: orange (1), yellow (1), blue (1) | Waiting for RED",0,"orange (1), yellow (1), blue (1)"
2026-09-24 12:59:57,red,"WRONG COLOR DETECTED: yellow (1), blue (1) | Waiting for RED",0,"yellow (1), blue (1)"
2026-09-24 12:59:57,red,"WRONG COLOR DETECTED: orange (1), yellow (1), blue (1) | Waiting for RED",0,"orange (1), yellow (1), blue (1)"
2026-09-24 12:59:57,red,"WRONG COLOR DETECTED: yellow (1), blue (1) | Waiting for RED",0,"yellow (1), blue (1)"
2026-09-24 12:59:58,red,WRONG COLOR DETECTED: blue (1) | Waiting for RED,0,blue (1)
2026-09-24 12:59:58,red,"WRONG COLOR DETECTED: orange (1), yellow (1), blue (1) | Waiting for RED",0,"orange (1), yellow (1), blue (1)"
2026-09-24 12:59:58,red,"WRONG COLOR DETECTED: yellow (1), blue (1) | Waiting for RED",0,"yellow (1), blue (1)"
2026-09-24 12:59:58,red,WRONG COLOR DETECTED: blue (1) | Waiting for RED,0,blue (1)
2026-09-24 12:59:58,red,"WRONG COLOR DETECTED: orange (1), yellow (1), blue (1) | Waiting for RED",0,"orange (1), yellow (1), blue (1)"
2026-09-24 12:59:58,red,"WRONG COLOR DETECTED: yellow (1), blue (1) | Waiting for RED",0,"yellow (1), blue (1)"
2026-09-24 12:59:58,red,"WRONG COLOR DETECTED: green (1), blue (1) | Waiting for RED",0,"green (1), blue (1)"
2026-09-24 12:59:58,red,WRONG COLOR DETECTED: blue (1) | Waiting for RED,0,blue (1)
2026-09-24 12:59:58,red,CORRECT COLOR DETECTED: RED (1) | Wrong color(s): blue (1),1,blue (1)
2026-09-24 12:59:58,red,"CORRECT COLOR DETECTED: RED (1) | Wrong color(s): orange (1), blue (2)",1,"orange (1), blue (2)"
2026-09-24 12:59:58,red,WRONG COLOR DETECTED: orange (1) | Waiting for RED,0,orange (1)
2026-09-24 12:59:58,red,WRONG COLOR DETECTED: orange (1) | Waiting for RED,0,orange (1)
2026-09-24 12:59:58,red,WRONG COLOR DETECTED: blue (2) | Waiting for RED,0,blue (2)
2026-09-24 12:59:58,red,"WRONG COLOR DETECTED: orange (1), blue (2) | Waiting for RED",0,"orange (1), blue (2)"
2026-09-24 12:59:58,red,WRONG COLOR DETECTED: blue (2) | Waiting for RED,0,blue (2)
2026-09-24 12:59:59,red,"WRONG COLOR DETECTED: orange (1), blue (2) | Waiting for RED",0,"orange (1), blue (2)"
2026-09-24 12:59:59,red,WRONG COLOR DETECTED: blue (2) | Waiting for RED,0,blue (2)
2026-09-24 12:59:59,red,"WRONG COLOR DETECTED: orange (1), yellow (1), blue (2) | Waiting for RED",0,"orange (1), yellow (1), blue (2)"
2026-09-24 12:59:59,red,WRONG COLOR DETECTED: blue (2) | Waiting for RED,0,blue (2)
2026-09-24 12:59:59,red,"WRONG COLOR DETECTED: orange (1), blue (2) | Waiting for RED",0,"orange (1), blue (2)"
2026-09-24 12:59:59,red,WRONG COLOR DETECTED: blue (2) | Waiting for RED,0,blue (2)
2026-09-24 12:59:59,red,WRONG COLOR DETECTED: yellow (1) | Waiting for RED,0,yellow (1)
2026-09-24 13:00:00,red,"WRONG COLOR DETECTED: orange (1), yellow (1) | Waiting for RED",0,"orange (1), yellow (1)"
2026-09-24 13:00:00,red,WRONG COLOR DETECTED: yellow (1) | Waiting for RED,0,yellow (1)
2026-09-24 13:00:00,red,"WRONG COLOR DETECTED: orange (1), yellow (1) | Waiting for RED",0,"orange (1), yellow (1)"
2026-09-24 13:00:00,red,WRONG COLOR DETECTED: yellow (1) | Waiting for RED,0,yellow (1)
2026-09-24 13:00:01,red,WRONG COLOR DETECTED: orange (1) | Waiting for RED,0,orange (1)
2026-09-24 13:00:01,red,"WRONG COLOR DETECTED: orange (1), green (1) | Waiting for RED",0,"orange (1), green (1)"
2026-09-24 13:00:01,red,"WRONG COLOR DETECTED: yellow (1), blue (1) | Waiting for RED",0,"yellow (1), blue (1)"
2026-09-24 13:00:01,red,WRONG COLOR DETECTED: blue (1) | Waiting for RED,0,blue (1)
2026-09-24 13:00:03,red,WRONG COLOR DETECTED: orange (1) | Waiting for RED,0,orange (1)
2026-09-24 13:00:03,red,WRONG COLOR DETECTED: purple (1) | Waiting for RED,0,purple (1)
2026-09-24 13:00:04,red,CORRECT COLOR DETECTED: RED (1) | Wrong color(s): purple (1),1,purple (1)
2026-09-24 13:00:04,red,CORRECT COLOR DETECTED: RED (1),1,
2026-09-24 13:00:04,red,"WRONG COLOR DETECTED: orange (1), purple (1) | Waiting for RED",0,"orange (1), purple (1)"
2026-09-24 13:00:05,red,CORRECT COLOR DETECTED: RED (1) | Wrong color(s): orange (1),1,orange (1)
2026-09-24 13:00:05,red,"WRONG COLOR DETECTED: orange (1), purple (1) | Waiting for RED",0,"orange (1), purple (1)"
2026-09-24 13:00:05,red,CORRECT COLOR DETECTED: RED (1) | Wrong color(s): purple (1),1,purple (1)
2026-09-24 13:00:05,red,WRONG COLOR DETECTED: purple (1) | Waiting for RED,0,purple (1)
2026-09-24 13:00:06,red,WRONG COLOR DETECTED: purple (1) | Waiting for RED,0,purple (1)
2026-09-24 13:00:07,red,CORRECT COLOR DETECTED: RED (1),1,
2026-09-24 13:00:07,red,CORRECT COLOR DETECTED: RED (1),1,
2026-09-24 13:00:07,red,CORRECT COLOR DETECTED: RED (1) | Wrong color(s): orange (1),1,orange (1)
2026-09-24 13:00:07,red,CORRECT COLOR DETECTED: RED (1),1,
2026-09-24 13:00:09,red,CORRECT COLOR DETECTED: RED (2),2,
2026-09-24 13:00:10,red,CORRECT COLOR DETECTED: RED (1),1,
2026-09-24 13:00:10,red,WRONG COLOR DETECTED: blue (1) | Waiting for RED,0,blue (1)
2026-09-24 13:00:10,red,"WRONG COLOR DETECTED: orange (1), blue (1) | Waiting for RED",0,"orange (1), blue (1)"
2026-09-24 13:00:10,red,WRONG COLOR DETECTED: blue (1) | Waiting for RED,0,blue (1)
2026-09-24 13:00:10,red,"WRONG COLOR DETECTED: orange (1), blue (1) | Waiting for RED",0,"orange (1), blue (1)"
2026-09-24 13:00:10,red,WRONG COLOR DETECTED: blue (1) | Waiting for RED,0,blue (1)
2026-09-24 13:00:11,red,WRONG COLOR DETECTED: blue (2) | Waiting for RED,0,blue (2)
2026-09-24 13:00:11,red,WRONG COLOR DETECTED: blue (1) | Waiting for RED,0,blue (1)
2026-09-24 13:00:11,red,WRONG COLOR DETECTED: orange (1) | Waiting for RED,0,orange (1)
2026-09-24 13:00:12,red,CORRECT COLOR DETECTED: RED (1),1,
2026-09-24 13:00:12,red,CORRECT COLOR DETECTED: RED (1),1,
2026-09-24 13:00:13,red,CORRECT COLOR DETECTED: RED (1),1,
2026-09-24 13:00:14,red,CORRECT COLOR DETECTED: RED (1) | Wrong color(s): orange (3),1,orange (3)
2026-09-24 13:00:14,red,CORRECT COLOR DETECTED: RED (1),1,
2026-09-24 13:00:15,red,WRONG COLOR DETECTED: orange (1) | Waiting for RED,0,orange (1)
2026-09-24 13:00:15,red,CORRECT COLOR DETECTED: RED (1) | Wrong color(s): orange (1),1,orange (1)
2026-09-24 13:00:15,red,CORRECT COLOR DETECTED: RED (1),1,
2026-09-24 13:00:15,red,CORRECT COLOR DETECTED: RED (1) | Wrong color(s): orange (2),1,orange (2)
2026-09-24 13:00:15,red,CORRECT COLOR DETECTED: RED (1),1,
2026-09-24 13:00:25,yellow,CORRECT COLOR DETECTED: YELLOW (1) | Wrong color(s): orange (1),1,orange (1)
2026-09-24 13:00:25,yellow,CORRECT COLOR DETECTED: YELLOW (1),1,
2026-09-24 13:00:26,yellow,CORRECT COLOR DETECTED: YELLOW (1) | Wrong color(s): orange (1),1,orange (1)
2026-09-24 13:00:26,yellow,CORRECT COLOR DETECTED: YELLOW (1),1,
2026-09-24 13:00:26,yellow,CORRECT COLOR DETECTED: YELLOW (1) | Wrong color(s): orange (1),1,orange (1)
2026-09-24 13:00:26,yellow,CORRECT COLOR DETECTED: YELLOW (1),1,
2026-09-24 13:00:26,yellow,CORRECT COLOR DETECTED: YELLOW (1) | Wrong color(s): orange (1),1,orange (1)
2026-09-24 13:00:26,yellow,"CORRECT COLOR DETECTED: YELLOW (1) | Wrong color(s): orange (1), blue (1)",1,"orange (1), blue (1)"
2026-09-24 13:00:26,yellow,CORRECT COLOR DETECTED: YELLOW (1),1,
2026-09-24 13:00:26,yellow,"WRONG COLOR DETECTED: red (1), orange (1) | Waiting for YELLOW",0,"red (1), orange (1)"
2026-09-24 13:00:26,yellow,WRONG COLOR DETECTED: orange (1) | Waiting for YELLOW,0,orange (1)
2026-09-24 13:00:36,blue,WRONG COLOR DETECTED: red (1) | Waiting for BLUE,0,red (1)
2026-09-24 13:00:36,blue,CORRECT COLOR DETECTED: BLUE (1),1,
2026-09-24 13:00:36,blue,CORRECT COLOR DETECTED: BLUE (1) | Wrong color(s): orange (1),1,orange (1)
2026-09-24 13:00:36,blue,CORRECT COLOR DETECTED: BLUE (1),1,
2026-09-24 13:00:37,blue,CORRECT COLOR DETECTED: BLUE (1) | Wrong color(s): orange (1),1,orange (1)
2026-09-24 13:00:37,blue,CORRECT COLOR DETECTED: BLUE (1),1,
2026-09-24 13:00:38,blue,CORRECT COLOR DETECTED: BLUE (2),2,
2026-09-24 13:00:38,blue,CORRECT COLOR DETECTED: BLUE (2) | Wrong color(s): red (1),2,red (1)
2026-09-24 13:00:38,blue,CORRECT COLOR DETECTED: BLUE (1),1,
2026-09-24 13:00:38,blue,CORRECT COLOR DETECTED: BLUE (1) | Wrong color(s): red (1),1,red (1)
2026-09-24 13:00:41,purple,CORRECT COLOR DETECTED: PURPLE (1),1,
2026-09-24 13:00:43,purple,CORRECT COLOR DETECTED: PURPLE (1),1,
2026-09-24 13:00:43,purple,WRONG COLOR DETECTED: red (1) | Waiting for PURPLE,0,red (1)
2026-09-24 13:01:06,purple,WRONG COLOR DETECTED: green (1) | Waiting for PURPLE,0,green (1)
2026-09-24 13:01:08,purple,"WRONG COLOR DETECTED: orange (1), green (1) | Waiting for PURPLE",0,"orange (1), green (1)"
2026-09-24 13:01:08,purple,WRONG COLOR DETECTED: green (1) | Waiting for PURPLE,0,green (1)
2026-09-24 13:01:09,purple,"WRONG COLOR DETECTED: orange (1), green (1) | Waiting for PURPLE",0,"orange (1), green (1)"
2026-09-24 13:01:09,purple,WRONG COLOR DETECTED: green (1) | Waiting for PURPLE,0,green (1)
2026-09-24 13:01:09,purple,"WRONG COLOR DETECTED: orange (1), green (1) | Waiting for PURPLE",0,"orange (1), green (1)"
2026-09-24 13:01:09,purple,WRONG COLOR DETECTED: green (1) | Waiting for PURPLE,0,green (1)
2026-09-24 13:01:11,blue,WRONG COLOR DETECTED: green (1) | Waiting for BLUE,0,green (1)
2026-09-24 13:01:12,green,CORRECT COLOR DETECTED: GREEN (1),1,
2026-09-24 13:01:15,green,CORRECT COLOR DETECTED: GREEN (1) | Wrong color(s): orange (1),1,orange (1)
2026-09-24 13:01:15,green,CORRECT COLOR DETECTED: GREEN (1),1,
2026-09-24 13:01:17,green,CORRECT COLOR DETECTED: GREEN (1) | Wrong color(s): red (1),1,red (1)
2026-09-24 13:01:17,green,CORRECT COLOR DETECTED: GREEN (1),1,
2026-09-24 13:01:17,green,CORRECT COLOR DETECTED: GREEN (1) | Wrong color(s): orange (1),1,orange (1)
2026-09-24 13:01:18,green,CORRECT COLOR DETECTED: GREEN (1),1,
2026-09-24 13:01:18,green,CORRECT COLOR DETECTED: GREEN (2),2,
2026-09-24 13:01:18,green,CORRECT COLOR DETECTED: GREEN (1) | Wrong color(s): orange (1),1,orange (1)
2026-09-24 13:01:18,green,WRONG COLOR DETECTED: orange (1) | Waiting for GREEN,0,orange (1)
2026-09-24 13:01:43,red,CORRECT COLOR DETECTED: RED (1),1,
2026-09-24 13:01:44,red,CORRECT COLOR DETECTED: RED (1),1,
2026-09-24 13:01:44,red,CORRECT COLOR DETECTED: RED (1) | Wrong color(s): orange (1),1,orange (1)
2026-09-24 13:01:44,red,CORRECT COLOR DETECTED: RED (1),1,
2026-09-24 13:01:44,red,CORRECT COLOR DETECTED: RED (1) | Wrong color(s): orange (2),1,orange (2)
2026-09-24 13:01:44,red,CORRECT COLOR DETECTED: RED (1) | Wrong color(s): orange (1),1,orange (1)
2026-09-24 13:01:44,red,CORRECT COLOR DETECTED: RED (1) | Wrong color(s): orange (3),1,orange (3)
2026-09-24 13:01:45,red,CORRECT COLOR DETECTED: RED (1) | Wrong color(s): orange (1),1,orange (1)
2026-09-24 13:01:45,red,CORRECT COLOR DETECTED: RED (1),1,
2026-09-24 13:01:45,red,CORRECT COLOR DETECTED: RED (1) | Wrong color(s): orange (1),1,orange (1)
2026-09-24 13:01:45,red,CORRECT COLOR DETECTED: RED (1),1,
2026-09-24 13:01:45,red,CORRECT COLOR DETECTED: RED (1) | Wrong color(s): orange (1),1,orange (1)
2026-09-24 13:01:45,red,CORRECT COLOR DETECTED: RED (1),1,
2026-09-24 13:01:45,red,CORRECT COLOR DETECTED: RED (1) | Wrong color(s): orange (1),1,orange (1)
2026-09-24 13:01:45,red,CORRECT COLOR DETECTED: RED (1),1,
2026-09-24 13:01:45,red,CORRECT COLOR DETECTED: RED (1) | Wrong color(s): orange (2),1,orange (2)
2026-09-24 13:01:45,red,CORRECT COLOR DETECTED: RED (1) | Wrong color(s): orange (1),1,orange (1)
2026-09-24 13:01:45,red,CORRECT COLOR DETECTED: RED (1),1,
2026-09-24 13:01:47,red,CORRECT COLOR DETECTED: RED (2) | Wrong color(s): orange (1),2,orange (1)
2026-09-24 13:01:47,red,CORRECT COLOR DETECTED: RED (1),1,
2026-09-24 13:01:47,red,CORRECT COLOR DETECTED: RED (2),2,
2026-09-24 13:01:47,red,CORRECT COLOR DETECTED: RED (1) | Wrong color(s): orange (2),1,orange (2)
2026-09-24 13:01:47,red,CORRECT COLOR DETECTED: RED (1),1,
2026-09-24 13:01:47,red,CORRECT COLOR DETECTED: RED (2) | Wrong color(s): orange (1),2,orange (1)
2026-09-24 13:01:47,red,CORRECT COLOR DETECTED: RED (1) | Wrong color(s): orange (1),1,orange (1)
2026-09-24 13:01:47,red,CORRECT COLOR DETECTED: RED (1),1,
2026-09-24 13:01:48,red,CORRECT COLOR DETECTED: RED (1) | Wrong color(s): orange (1),1,orange (1)
2026-09-24 13:01:48,red,CORRECT COLOR DETECTED: RED (1),1,
2026-09-24 13:01:48,red,CORRECT COLOR DETECTED: RED (1) | Wrong color(s): orange (1),1,orange (1)
2026-09-24 13:01:48,red,CORRECT COLOR DETECTED: RED (1),1,
2026-09-24 13:01:48,red,CORRECT COLOR DETECTED: RED (1) | Wrong color(s): orange (1),1,orange (1)
2026-09-24 13:01:48,red,CORRECT COLOR DETECTED: RED (1),1,
2026-09-24 13:01:49,red,CORRECT COLOR DETECTED: RED (1) | Wrong color(s): orange (1),1,orange (1)
2026-09-24 13:01:49,red,CORRECT COLOR DETECTED: RED (1),1,
2026-09-24 13:01:49,red,CORRECT COLOR DETECTED: RED (1) | Wrong color(s): orange (2),1,orange (2)
2026-09-24 13:01:49,red,CORRECT COLOR DETECTED: RED (1),1,
2026-09-24 13:01:49,red,CORRECT COLOR DETECTED: RED (1) | Wrong color(s): orange (1),1,orange (1)
2026-09-24 13:01:49,red,CORRECT COLOR DETECTED: RED (1),1,
2026-09-24 13:01:49,red,CORRECT COLOR DETECTED: RED (1) | Wrong color(s): orange (2),1,orange (2)
2026-09-24 13:01:49,red,CORRECT COLOR DETECTED: RED (1) | Wrong color(s): orange (1),1,orange (1)
2026-09-24 13:01:49,red,CORRECT COLOR DETECTED: RED (1),1,
2026-09-24 13:01:50,red,CORRECT COLOR DETECTED: RED (1) | Wrong color(s): orange (1),1,orange (1)
2026-09-24 13:01:50,red,CORRECT COLOR DETECTED: RED (1),1,
2026-09-24 13:01:50,red,CORRECT COLOR DETECTED: RED (1) | Wrong color(s): orange (1),1,orange (1)
2026-09-24 13:01:51,red,CORRECT COLOR DETECTED: RED (1),1,
2026-09-24 13:03:25,red,CORRECT COLOR DETECTED: RED (1) | Wrong color(s): green (1),1,green (1)
2026-09-24 13:03:26,red,"CORRECT COLOR DETECTED: RED (1) | Wrong color(s): orange (1), green (1)",1,"orange (1), green (1)"
2026-09-24 13:03:26,red,CORRECT COLOR DETECTED: RED (1) | Wrong color(s): green (1),1,green (1)
2026-09-24 13:03:26,red,"CORRECT COLOR DETECTED: RED (1) | Wrong color(s): orange (1), green (1)",1,"orange (1), green (1)"
2026-09-24 13:03:26,red,CORRECT COLOR DETECTED: RED (1) | Wrong color(s): green (1),1,green (1)
2026-09-24 13:03:40,red,CORRECT COLOR DETECTED: RED (2) | Wrong color(s): green (1),2,green (1)
2026-09-24 13:03:40,red,CORRECT COLOR DETECTED: RED (1) | Wrong color(s): green (1),1,green (1)
2026-09-24 13:03:40,red,CORRECT COLOR DETECTED: RED (2) | Wrong color(s): green (1),2,green (1)
2026-09-24 13:03:40,red,CORRECT COLOR DETECTED: RED (1) | Wrong color(s): green (1),1,green (1)
2026-09-24 13:03:40,red,CORRECT COLOR DETECTED: RED (2) | Wrong color(s): green (1),2,green (1)
2026-09-24 13:03:43,red,"CORRECT COLOR DETECTED: RED (2) | Wrong color(s): green (1), blue (1)",2,"green (1), blue (1)"
2026-09-24 13:03:43,red,CORRECT COLOR DETECTED: RED (2) | Wrong color(s): green (1),2,green (1)
2026-09-24 13:03:43,red,"CORRECT COLOR DETECTED: RED (2) | Wrong color(s): green (1), blue (1)",2,"green (1), blue (1)"
2026-09-24 13:03:43,red,"CORRECT COLOR DETECTED: RED (2) | Wrong color(s): orange (1), green (1), blue (1)",2,"orange (1), green (1), blue (1)"
2026-09-24 13:03:43,red,"CORRECT COLOR DETECTED: RED (2) | Wrong color(s): green (1), blue (1)",2,"green (1), blue (1)"
2026-09-24 13:03:45,red,"CORRECT COLOR DETECTED: RED (2) | Wrong color(s): green (1), blue (1), purple (1)",2,"green (1), blue (1), purple (1)"
2026-09-24 13:03:46,red,"CORRECT COLOR DETECTED: RED (2) | Wrong color(s): yellow (1), green (1), blue (1), purple (1)",2,"yellow (1), green (1), blue (1), purple (1)"
2026-09-24 13:03:46,red,"CORRECT COLOR DETECTED: RED (2) | Wrong color(s): green (1), blue (1), purple (1)",2,"green (1), blue (1), purple (1)"
2026-09-24 13:03:47,red,"CORRECT COLOR DETECTED: RED (2) | Wrong color(s): yellow (1), green (1), blue (1), purple (1)",2,"yellow (1), green (1), blue (1), purple (1)"
2026-09-24 13:03:47,red,"CORRECT COLOR DETECTED: RED (2) | Wrong color(s): green (1), blue (1), purple (1)",2,"green (1), blue (1), purple (1)"
2026-09-24 13:03:49,red,"CORRECT COLOR DETECTED: RED (3) | Wrong color(s): green (1), blue (1), purple (1)",3,"green (1), blue (1), purple (1)"
2026-09-24 13:03:49,red,"CORRECT COLOR DETECTED: RED (2) | Wrong color(s): yellow (1), green (1), blue (1), purple (1)",2,"yellow (1), green (1), blue (1), purple (1)"
2026-09-24 13:03:49,red,"CORRECT COLOR DETECTED: RED (2) | Wrong color(s): green (1), blue (1), purple (1)",2,"green (1), blue (1), purple (1)"
2026-09-24 13:03:51,red,"CORRECT COLOR DETECTED: RED (3) | Wrong color(s): green (1), blue (1), purple (1)",3,"green (1), blue (1), purple (1)"
2026-09-24 13:03:51,red,"CORRECT COLOR DETECTED: RED (2) | Wrong color(s): green (1), blue (1), purple (1)",2,"green (1), blue (1), purple (1)"
2026-09-24 13:03:51,red,"CORRECT COLOR DETECTED: RED (3) | Wrong color(s): green (1), blue (1), purple (1)",3,"green (1), blue (1), purple (1)"
2026-09-24 13:03:51,red,"CORRECT COLOR DETECTED: RED (2) | Wrong color(s): green (1), blue (1), purple (1)",2,"green (1), blue (1), purple (1)"
2026-09-24 13:03:52,red,"CORRECT COLOR DETECTED: RED (2) | Wrong color(s): green (1), blue (1)",2,"green (1), blue (1)"
2026-09-24 13:03:52,red,"CORRECT COLOR DETECTED: RED (2) | Wrong color(s): green (1), blue (1), purple (1)",2,"green (1), blue (1), purple (1)"
2026-09-24 13:03:52,red,"CORRECT COLOR DETECTED: RED (2) | Wrong color(s): green (1), blue (1)",2,"green (1), blue (1)"
2026-09-24 13:03:53,red,"CORRECT COLOR DETECTED: RED (2) | Wrong color(s): yellow (1), green (1), blue (1)",2,"yellow (1), green (1), blue (1)"
2026-09-24 13:03:53,red,"CORRECT COLOR DETECTED: RED (2) | Wrong color(s): green (1), blue (1)",2,"green (1), blue (1)"
2026-09-24 13:03:53,red,"CORRECT COLOR DETECTED: RED (2) | Wrong color(s): green (1), blue (1), purple (1)",2,"green (1), blue (1), purple (1)"
2026-09-24 13:03:54,red,"CORRECT COLOR DETECTED: RED (2) | Wrong color(s): green (1), blue (1)",2,"green (1), blue (1)"
2026-09-24 13:03:55,red,"CORRECT COLOR DETECTED: RED (2) | Wrong color(s): green (1), blue (1), purple (1)",2,"green (1), blue (1), purple (1)"
2026-09-24 13:03:55,red,"CORRECT COLOR DETECTED: RED (2) | Wrong color(s): green (1), blue (1)",2,"green (1), blue (1)"
2026-09-24 13:03:55,red,"CORRECT COLOR DETECTED: RED (2) | Wrong color(s): green (1), blue (1), purple (1)",2,"green (1), blue (1), purple (1)"
2026-09-24 13:03:56,red,"CORRECT COLOR DETECTED: RED (2) | Wrong color(s): green (1), blue (1)",2,"green (1), blue (1)"
2026-09-24 13:03:56,red,"CORRECT COLOR DETECTED: RED (2) | Wrong color(s): green (1), blue (1), purple (1)",2,"green (1), blue (1), purple (1)"
2026-09-24 13:03:59,red,"CORRECT COLOR DETECTED: RED (2) | Wrong color(s): orange (1), green (1), blue (1), purple (1)",2,"orange (1), green (1), blue (1), purple (1)"
2026-09-24 13:03:59,red,"CORRECT COLOR DETECTED: RED (2) | Wrong color(s): green (1), blue (1), purple (1)",2,"green (1), blue (1), purple (1)"
2026-09-24 13:03:59,red,"CORRECT COLOR DETECTED: RED (2) | Wrong color(s): green (1), blue (1)",2,"green (1), blue (1)"
2026-09-24 13:03:59,red,"CORRECT COLOR DETECTED: RED (3) | Wrong color(s): green (1), blue (1)",3,"green (1), blue (1)"
2026-09-24 13:03:59,red,"CORRECT COLOR DETECTED: RED (1) | Wrong color(s): orange (1), green (1), blue (1)",1,"orange (1), green (1), blue (1)"
2026-09-24 13:03:59,red,"CORRECT COLOR DETECTED: RED (1) | Wrong color(s): green (1), blue (2)",1,"green (1), blue (2)"
2026-09-24 13:03:59,red,"CORRECT COLOR DETECTED: RED (1) | Wrong color(s): green (1), blue (1)",1,"green (1), blue (1)"
2026-09-24 13:04:00,red,"CORRECT COLOR DETECTED: RED (1) | Wrong color(s): green (1), blue (2)",1,"green (1), blue (2)"
2026-09-24 13:04:00,red,"CORRECT COLOR DETECTED: RED (1) | Wrong color(s): green (1), blue (1)",1,"green (1), blue (1)"
2026-09-24 13:04:00,red,"CORRECT COLOR DETECTED: RED (1) | Wrong color(s): orange (1), green (1), blue (2)",1,"orange (1), green (1), blue (2)"
2026-09-24 13:04:00,red,"CORRECT COLOR DETECTED: RED (1) | Wrong color(s): green (1), blue (2)",1,"green (1), blue (2)"
2026-09-24 13:04:00,red,"CORRECT COLOR DETECTED: RED (1) | Wrong color(s): orange (1), green (1), blue (1)",1,"orange (1), green (1), blue (1)"
2026-09-24 13:04:00,red,"CORRECT COLOR DETECTED: RED (2) | Wrong color(s): orange (1), green (1), blue (1)",2,"orange (1), green (1), blue (1)"
2026-09-24 13:04:00,red,"CORRECT COLOR DETECTED: RED (1) | Wrong color(s): green (1), blue (1)",1,"green (1), blue (1)"
2026-09-24 13:04:00,red,"CORRECT COLOR DETECTED: RED (1) | Wrong color(s): orange (1), green (1), blue (1)",1,"orange (1), green (1), blue (1)"
2026-09-24 13:04:01,red,"CORRECT COLOR DETECTED: RED (1) | Wrong color(s): green (1), blue (1)",1,"green (1), blue (1)"
2026-09-24 13:04:01,red,"CORRECT COLOR DETECTED: RED (2) | Wrong color(s): green (1), blue (1)",2,"green (1), blue (1)"
2026-09-24 13:04:01,red,"CORRECT COLOR DETECTED: RED (1) | Wrong color(s): green (1), blue (1)",1,"green (1), blue (1)"
2026-09-24 13:04:03,red,"CORRECT COLOR DETECTED: RED (2) | Wrong color(s): green (1), blue (1)",2,"green (1), blue (1)"
2026-09-24 13:04:03,red,"CORRECT COLOR DETECTED: RED (1) | Wrong color(s): green (1), blue (1)",1,"green (1), blue (1)"
2026-09-24 13:04:03,red,"CORRECT COLOR DETECTED: RED (1) | Wrong color(s): orange (2), green (1), blue (1)",1,"orange (2), green (1), blue (1)"
2026-09-24 13:04:03,red,"CORRECT COLOR DETECTED: RED (1) | Wrong color(s): green (1), blue (1)",1,"green (1), blue (1)"
2026-09-24 13:04:03,red,"CORRECT COLOR DETECTED: RED (1) | Wrong color(s): green (1), blue (2)",1,"green (1), blue (2)"
2026-09-24 13:04:04,red,"CORRECT COLOR DETECTED: RED (1) | Wrong color(s): orange (1), green (1), blue (2)",1,"orange (1), green (1), blue (2)"
2026-09-24 13:04:04,red,"CORRECT COLOR DETECTED: RED (1) | Wrong color(s): green (1), blue (2)",1,"green (1), blue (2)"
2026-09-24 13:04:05,red,"CORRECT COLOR DETECTED: RED (1) | Wrong color(s): green (1), blue (1)",1,"green (1), blue (1)"
2026-09-24 13:04:05,red,"CORRECT COLOR DETECTED: RED (1) | Wrong color(s): green (1), blue (2)",1,"green (1), blue (2)"
2026-09-24 13:04:05,red,"CORRECT COLOR DETECTED: RED (1) | Wrong color(s): green (1), blue (1)",1,"green (1), blue (1)"
2026-09-24 13:04:05,red,"CORRECT COLOR DETECTED: RED (1) | Wrong color(s): green (1), blue (2)",1,"green (1), blue (2)"
2026-09-24 13:04:06,red,"CORRECT COLOR DETECTED: RED (2) | Wrong color(s): green (1), blue (2)",2,"green (1), blue (2)"
2026-09-24 13:04:06,red,"CORRECT COLOR DETECTED: RED (2) | Wrong color(s): orange (1), green (1), blue (2)",2,"orange (1), green (1), blue (2)"
2026-09-24 13:04:06,red,"CORRECT COLOR DETECTED: RED (1) | Wrong color(s): green (1), blue (2)",1,"green (1), blue (2)"
2026-09-24 13:04:06,red,"CORRECT COLOR DETECTED: RED (2) | Wrong color(s): green (1), blue (2)",2,"green (1), blue (2)"
2026-09-24 13:04:06,red,"CORRECT COLOR DETECTED: RED (1) | Wrong color(s): green (1), blue (2)",1,"green (1), blue (2)"
2026-09-24 13:04:06,red,"CORRECT COLOR DETECTED: RED (1) | Wrong color(s): green (1), blue (1)",1,"green (1), blue (1)"
2026-09-24 13:04:07,red,"CORRECT COLOR DETECTED: RED (1) | Wrong color(s): orange (1), green (1), blue (1)",1,"orange (1), green (1), blue (1)"
2026-09-24 13:04:07,red,"CORRECT COLOR DETECTED: RED (1) | Wrong color(s): orange (1), blue (1)",1,"orange (1), blue (1)"
2026-09-24 13:04:07,red,CORRECT COLOR DETECTED: RED (1) | Wrong color(s): blue (1),1,blue (1)
2026-09-24 13:04:07,red,CORRECT COLOR DETECTED: RED (1) | Wrong color(s): blue (2),1,blue (2)
2026-09-24 13:04:08,red,CORRECT COLOR DETECTED: RED (1) | Wrong color(s): blue (1),1,blue (1)
2026-09-24 13:04:08,red,"CORRECT COLOR DETECTED: RED (1) | Wrong color(s): green (1), blue (1)",1,"green (1), blue (1)"
2026-09-24 13:04:09,red,CORRECT COLOR DETECTED: RED (1) | Wrong color(s): blue (1),1,blue (1)
2026-09-24 13:04:09,red,"CORRECT COLOR DETECTED: RED (1) | Wrong color(s): green (1), blue (1)",1,"green (1), blue (1)"
2026-09-24 13:04:09,red,"CORRECT COLOR DETECTED: RED (1) | Wrong color(s): orange (1), green (1), blue (1)",1,"orange (1), green (1), blue (1)"
2026-09-24 13:04:10,red,"CORRECT COLOR DETECTED: RED (1) | Wrong color(s): green (1), blue (1)",1,"green (1), blue (1)"
2026-09-24 13:04:11,red,CORRECT COLOR DETECTED: RED (1) | Wrong color(s): green (1),1,green (1)
2026-09-24 13:04:11,red,WRONG COLOR DETECTED: green (1) | Waiting for RED,0,green (1)
2026-09-24 13:04:12,red,CORRECT COLOR DETECTED: RED (1) | Wrong color(s): green (1),1,green (1)
2026-09-24 13:04:12,red,CORRECT COLOR DETECTED: RED (1),1,
2026-09-24 13:04:12,red,WRONG COLOR DETECTED: blue (1) | Waiting for RED,0,blue (1)
2026-09-24 13:04:12,red,CORRECT COLOR DETECTED: RED (1) | Wrong color(s): blue (1),1,blue (1)
2026-09-24 13:04:12,red,CORRECT COLOR DETECTED: RED (1),1,
2026-09-24 13:04:12,red,WRONG COLOR DETECTED: blue (1) | Waiting for RED,0,blue (1)
2026-09-24 13:04:12,red,CORRECT COLOR DETECTED: RED (1) | Wrong color(s): blue (1),1,blue (1)
2026-09-24 13:04:13,red,CORRECT COLOR DETECTED: RED (1),1,
2026-09-24 13:04:13,red,CORRECT COLOR DETECTED: RED (1),1,
2026-09-24 13:04:13,red,WRONG COLOR DETECTED: blue (1) | Waiting for RED,0,blue (1)
2026-09-24 13:04:13,red,WRONG COLOR DETECTED: purple (1) | Waiting for RED,0,purple (1)
2026-09-24 13:04:13,red,WRONG COLOR DETECTED: purple (1) | Waiting for RED,0,purple (1)
2026-09-24 13:04:13,red,WRONG COLOR DETECTED: purple (2) | Waiting for RED,0,purple (2)
2026-09-24 13:04:14,red,WRONG COLOR DETECTED: purple (1) | Waiting for RED,0,purple (1)
2026-09-24 13:04:14,red,WRONG COLOR DETECTED: purple (2) | Waiting for RED,0,purple (2)
2026-09-24 13:04:14,red,WRONG COLOR DETECTED: purple (1) | Waiting for RED,0,purple (1)
2026-09-24 13:04:14,red,WRONG COLOR DETECTED: purple (1) | Waiting for RED,0,purple (1)
2026-09-24 13:04:14,red,WRONG COLOR DETECTED: purple (2) | Waiting for RED,0,purple (2)
2026-09-24 13:04:14,red,WRONG COLOR DETECTED: purple (1) | Waiting for RED,0,purple (1)
2026-09-24 13:04:15,red,WRONG COLOR DETECTED: purple (1) | Waiting for RED,0,purple (1)
2026-09-24 13:04:15,red,WRONG COLOR DETECTED: purple (1) | Waiting for RED,0,purple (1)
2026-09-24 13:04:15,red,WRONG COLOR DETECTED: purple (1) | Waiting for RED,0,purple (1)
2026-09-24 13:04:15,red,WRONG COLOR DETECTED: purple (1) | Waiting for RED,0,purple (1)
2026-09-24 13:04:16,red,WRONG COLOR DETECTED: purple (1) | Waiting for RED,0,purple (1)
2026-09-24 13:04:16,red,WRONG COLOR DETECTED: purple (1) | Waiting for RED,0,purple (1)
2026-09-24 13:04:16,red,WRONG COLOR DETECTED: purple (2) | Waiting for RED,0,purple (2)
2026-09-24 13:04:16,red,WRONG COLOR DETECTED: purple (1) | Waiting for RED,0,purple (1)
2026-09-24 13:04:16,red,WRONG COLOR DETECTED: purple (2) | Waiting for RED,0,purple (2)
2026-09-24 13:04:16,red,WRONG COLOR DETECTED: purple (1) | Waiting for RED,0,purple (1)
2026-09-24 13:04:17,red,WRONG COLOR DETECTED: purple (1) | Waiting for RED,0,purple (1)
2026-09-24 13:04:17,red,WRONG COLOR DETECTED: purple (1) | Waiting for RED,0,purple (1)
2026-09-24 13:04:17,red,WRONG COLOR DETECTED: green (1) | Waiting for RED,0,green (1)
2026-09-24 13:04:17,red,"WRONG COLOR DETECTED: green (1), purple (1) | Waiting for RED",0,"green (1), purple (1)"
2026-09-24 13:04:17,red,CORRECT COLOR DETECTED: RED (1) | Wrong color(s): orange (1),1,orange (1)
2026-09-24 13:04:17,red,CORRECT COLOR DETECTED: RED (1),1,
2026-09-24 13:04:17,red,CORRECT COLOR DETECTED: RED (1) | Wrong color(s): orange (1),1,orange (1)
2026-09-24 13:04:18,red,CORRECT COLOR DETECTED: RED (1),1,
2026-09-24 13:04:18,red,CORRECT COLOR DETECTED: RED (1) | Wrong color(s): orange (1),1,orange (1)
2026-09-24 13:04:18,red,WRONG COLOR DETECTED: orange (1) | Waiting for RED,0,orange (1)
2026-09-24 13:04:18,red,WRONG COLOR DETECTED: orange (1) | Waiting for RED,0,orange (1)
2026-09-24 13:04:18,red,CORRECT COLOR DETECTED: RED (1),1,
2026-09-24 13:04:18,red,CORRECT COLOR DETECTED: RED (1) | Wrong color(s): blue (1),1,blue (1)
2026-09-24 13:04:18,red,"CORRECT COLOR DETECTED: RED (1) | Wrong color(s): green (1), blue (1)",1,"green (1), blue (1)"
2026-09-24 13:04:18,red,"WRONG COLOR DETECTED: green (1), blue (1) | Waiting for RED",0,"green (1), blue (1)"
2026-09-24 13:04:18,red,"CORRECT COLOR DETECTED: RED (1) | Wrong color(s): orange (1), green (1), blue (1)",1,"orange (1), green (1), blue (1)"
2026-09-24 13:04:18,red,"WRONG COLOR DETECTED: orange (1), green (1), blue (1) | Waiting for RED",0,"orange (1), green (1), blue (1)"
2026-09-24 13:04:18,red,"CORRECT COLOR DETECTED: RED (1) | Wrong color(s): orange (1), green (1), blue (1)",1,"orange (1), green (1), blue (1)"
2026-09-24 13:04:18,red,"CORRECT COLOR DETECTED: RED (2) | Wrong color(s): orange (1), green (1), blue (1)",2,"orange (1), green (1), blue (1)"
2026-09-24 13:04:18,red,"CORRECT COLOR DETECTED: RED (1) | Wrong color(s): green (1), blue (1)",1,"green (1), blue (1)"
2026-09-24 13:04:19,red,"CORRECT COLOR DETECTED: RED (2) | Wrong color(s): green (1), blue (1)",2,"green (1), blue (1)"
2026-09-24 13:04:19,red,"CORRECT COLOR DETECTED: RED (3) | Wrong color(s): green (1), blue (1)",3,"green (1), blue (1)"
2026-09-24 13:04:19,red,"CORRECT COLOR DETECTED: RED (2) | Wrong color(s): green (1), blue (1)",2,"green (1), blue (1)"
2026-09-24 13:04:19,red,"CORRECT COLOR DETECTED: RED (3) | Wrong color(s): green (1), blue (1)",3,"green (1), blue (1)"
2026-09-24 13:04:19,red,CORRECT COLOR DETECTED: RED (2) | Wrong color(s): green (1),2,green (1)
2026-09-24 13:04:19,red,"CORRECT COLOR DETECTED: RED (2) | Wrong color(s): orange (1), green (1)",2,"orange (1), green (1)"
2026-09-24 13:04:19,red,"CORRECT COLOR DETECTED: RED (2) | Wrong color(s): green (1), blue (1)",2,"green (1), blue (1)"
2026-09-24 13:04:19,red,"CORRECT COLOR DETECTED: RED (1) | Wrong color(s): green (1), blue (1)",1,"green (1), blue (1)"
2026-09-24 13:04:19,red,CORRECT COLOR DETECTED: RED (1) | Wrong color(s): green (1),1,green (1)
2026-09-24 13:04:19,red,"CORRECT COLOR DETECTED: RED (1) | Wrong color(s): green (1), blue (1)",1,"green (1), blue (1)"
2026-09-24 13:04:21,red,"CORRECT COLOR DETECTED: RED (1) | Wrong color(s): green (1), blue (1), purple (1)",1,"green (1), blue (1), purple (1)"
2026-09-24 13:04:21,red,"CORRECT COLOR DETECTED: RED (1) | Wrong color(s): green (1), blue (1)",1,"green (1), blue (1)"
2026-09-24 13:04:21,red,"CORRECT COLOR DETECTED: RED (1) | Wrong color(s): green (1), blue (1), purple (1)",1,"green (1), blue (1), purple (1)"
2026-09-24 13:04:21,red,"CORRECT COLOR DETECTED: RED (1) | Wrong color(s): green (1), blue (1)",1,"green (1), blue (1)"
2026-09-24 13:04:21,red,"CORRECT COLOR DETECTED: RED (1) | Wrong color(s): green (1), blue (1), purple (1)",1,"green (1), blue (1), purple (1)"
2026-09-24 13:04:21,red,"CORRECT COLOR DETECTED: RED (1) | Wrong color(s): green (1), blue (1)",1,"green (1), blue (1)"
2026-09-24 13:04:21,red,"CORRECT COLOR DETECTED: RED (1) | Wrong color(s): green (1), blue (1), purple (1)",1,"green (1), blue (1), purple (1)"
2026-09-24 13:04:22,red,"CORRECT COLOR DETECTED: RED (1) | Wrong color(s): green (1), purple (1)",1,"green (1), purple (1)"
2026-09-24 13:04:22,red,"CORRECT COLOR DETECTED: RED (1) | Wrong color(s): green (1), blue (1), purple (1)",1,"green (1), blue (1), purple (1)"
2026-09-24 13:04:22,red,"CORRECT COLOR DETECTED: RED (1) | Wrong color(s): green (1), purple (1)",1,"green (1), purple (1)"
2026-09-24 13:04:22,red,"CORRECT COLOR DETECTED: RED (1) | Wrong color(s): green (1), blue (1)",1,"green (1), blue (1)"
2026-09-24 13:04:22,red,CORRECT COLOR DETECTED: RED (1) | Wrong color(s): green (1),1,green (1)
2026-09-24 13:04:22,red,"CORRECT COLOR DETECTED: RED (1) | Wrong color(s): green (1), blue (1)",1,"green (1), blue (1)"
2026-09-24 13:04:22,red,CORRECT COLOR DETECTED: RED (1) | Wrong color(s): green (1),1,green (1)
2026-09-24 13:04:23,red,"CORRECT COLOR DETECTED: RED (1) | Wrong color(s): green (1), purple (1)",1,"green (1), purple (1)"
2026-09-24 13:04:25,red,CORRECT COLOR DETECTED: RED (1) | Wrong color(s): green (1),1,green (1)
2026-09-24 13:04:30,red,WRONG COLOR DETECTED: green (1) | Waiting for RED,0,green (1)
2026-09-24 13:04:30,red,"WRONG COLOR DETECTED: orange (1), green (1) | Waiting for RED",0,"orange (1), green (1)"
2026-09-24 13:04:30,red,CORRECT COLOR DETECTED: RED (1) | Wrong color(s): green (1),1,green (1)
2026-09-24 13:04:30,red,"CORRECT COLOR DETECTED: RED (1) | Wrong color(s): orange (1), green (1)",1,"orange (1), green (1)"
2026-09-24 13:04:30,red,CORRECT COLOR DETECTED: RED (1) | Wrong color(s): green (1),1,green (1)
2026-09-24 13:04:33,red,CORRECT COLOR DETECTED: RED (1),1,
2026-09-24 13:04:33,red,CORRECT COLOR DETECTED: RED (1) | Wrong color(s): green (1),1,green (1)
2026-09-24 13:04:33,red,CORRECT COLOR DETECTED: RED (1),1,
2026-09-24 13:04:33,red,CORRECT COLOR DETECTED: RED (1) | Wrong color(s): orange (1),1,orange (1)
2026-09-24 13:04:33,red,CORRECT COLOR DETECTED: RED (1) | Wrong color(s): orange (2),1,orange (2)
2026-09-24 13:04:33,red,CORRECT COLOR DETECTED: RED (1) | Wrong color(s): orange (3),1,orange (3)
2026-09-24 13:04:33,red,CORRECT COLOR DETECTED: RED (1) | Wrong color(s): orange (4),1,orange (4)
2026-09-24 13:04:33,red,CORRECT COLOR DETECTED: RED (1) | Wrong color(s): orange (3),1,orange (3)
2026-09-24 13:04:34,red,WRONG COLOR DETECTED: orange (4) | Waiting for RED,0,orange (4)
2026-09-24 13:04:34,red,WRONG COLOR DETECTED: orange (2) | Waiting for RED,0,orange (2)
2026-09-24 13:04:34,red,WRONG COLOR DETECTED: orange (3) | Waiting for RED,0,orange (3)
2026-09-24 13:04:34,red,WRONG COLOR DETECTED: orange (4) | Waiting for RED,0,orange (4)
2026-09-24 13:04:34,red,WRONG COLOR DETECTED: orange (3) | Waiting for RED,0,orange (3)
2026-09-24 13:04:34,red,WRONG COLOR DETECTED: orange (2) | Waiting for RED,0,orange (2)
2026-09-24 13:04:34,red,"WRONG COLOR DETECTED: orange (1), blue (1) | Waiting for RED",0,"orange (1), blue (1)"
2026-09-24 13:04:34,red,WRONG COLOR DETECTED: orange (4) | Waiting for RED,0,orange (4)
2026-09-24 13:04:34,red,WRONG COLOR DETECTED: orange (3) | Waiting for RED,0,orange (3)
2026-09-24 13:04:34,red,WRONG COLOR DETECTED: orange (4) | Waiting for RED,0,orange (4)
2026-09-24 13:04:34,red,WRONG COLOR DETECTED: orange (1) | Waiting for RED,0,orange (1)
2026-09-24 13:04:34,red,WRONG COLOR DETECTED: orange (3) | Waiting for RED,0,orange (3)
2026-09-24 13:04:34,red,WRONG COLOR DETECTED: orange (1) | Waiting for RED,0,orange (1)
2026-09-24 13:04:35,red,WRONG COLOR DETECTED: orange (1) | Waiting for RED,0,orange (1)
2026-09-24 13:04:35,red,WRONG COLOR DETECTED: blue (1) | Waiting for RED,0,blue (1)
2026-09-24 13:04:35,red,WRONG COLOR DETECTED: orange (1) | Waiting for RED,0,orange (1)
2026-09-24 13:04:35,red,CORRECT COLOR DETECTED: RED (1) | Wrong color(s): green (1),1,green (1)
2026-09-24 13:04:35,red,"CORRECT COLOR DETECTED: RED (1) | Wrong color(s): green (1), blue (1)",1,"green (1), blue (1)"
2026-09-24 13:04:35,red,CORRECT COLOR DETECTED: RED (1) | Wrong color(s): green (1),1,green (1)
2026-09-24 13:04:35,red,"CORRECT COLOR DETECTED: RED (1) | Wrong color(s): green (1), blue (1)",1,"green (1), blue (1)"
2026-09-24 13:04:36,red,CORRECT COLOR DETECTED: RED (1) | Wrong color(s): green (1),1,green (1)
2026-09-24 13:04:36,red,"CORRECT COLOR DETECTED: RED (1) | Wrong color(s): yellow (1), green (1)",1,"yellow (1), green (1)"
2026-09-24 13:04:36,red,"WRONG COLOR DETECTED: orange (1), yellow (1), green (1) | Waiting for RED",0,"orange (1), yellow (1), green (1)"
2026-09-24 13:04:36,red,WRONG COLOR DETECTED: green (1) | Waiting for RED,0,green (1)
2026-09-24 13:04:36,red,"WRONG COLOR DETECTED: orange (1), green (1) | Waiting for RED",0,"orange (1), green (1)"
2026-09-24 13:04:36,red,WRONG COLOR DETECTED: green (1) | Waiting for RED,0,green (1)
2026-09-24 13:04:36,red,"CORRECT COLOR DETECTED: RED (1) | Wrong color(s): orange (1), yellow (1), green (1)",1,"orange (1), yellow (1), green (1)"
2026-09-24 13:04:37,red,"CORRECT COLOR DETECTED: RED (1) | Wrong color(s): orange (2), green (1)",1,"orange (2), green (1)"
2026-09-24 13:04:37,red,CORRECT COLOR DETECTED: RED (1) | Wrong color(s): green (1),1,green (1)
2026-09-24 13:04:37,red,WRONG COLOR DETECTED: green (1) | Waiting for RED,0,green (1)
2026-09-24 13:04:38,red,WRONG COLOR DETECTED: green (1) | Waiting for RED,0,green (1)
2026-09-24 13:04:38,red,"WRONG COLOR DETECTED: green (1), blue (1) | Waiting for RED",0,"green (1), blue (1)"
2026-09-24 13:04:38,red,WRONG COLOR DETECTED: green (1) | Waiting for RED,0,green (1)
2026-09-24 13:04:38,red,"WRONG COLOR DETECTED: green (1), purple (1) | Waiting for RED",0,"green (1), purple (1)"
2026-09-24 13:04:38,red,"WRONG COLOR DETECTED: orange (1), green (1) | Waiting for RED",0,"orange (1), green (1)"
2026-09-24 13:04:38,red,"WRONG COLOR DETECTED: orange (1), purple (1) | Waiting for RED",0,"orange (1), purple (1)"
2026-09-24 13:04:38,red,"WRONG COLOR DETECTED: orange (1), green (1) | Waiting for RED",0,"orange (1), green (1)"
2026-09-24 13:04:38,red,WRONG COLOR DETECTED: green (1) | Waiting for RED,0,green (1)
2026-09-24 13:04:38,red,"WRONG COLOR DETECTED: orange (1), green (1) | Waiting for RED",0,"orange (1), green (1)"
2026-09-24 13:04:39,red,"WRONG COLOR DETECTED: orange (1), green (1), purple (1) | Waiting for RED",0,"orange (1), green (1), purple (1)"
2026-09-24 13:04:39,red,"WRONG COLOR DETECTED: orange (1), green (1) | Waiting for RED",0,"orange (1), green (1)"
2026-09-24 13:04:39,red,WRONG COLOR DETECTED: orange (1) | Waiting for RED,0,orange (1)
2026-09-24 13:04:40,red,"WRONG COLOR DETECTED: orange (1), purple (1) | Waiting for RED",0,"orange (1), purple (1)"
2026-09-24 13:04:40,red,WRONG COLOR DETECTED: orange (1) | Waiting for RED,0,orange (1)
2026-09-24 13:04:40,red,"WRONG COLOR DETECTED: orange (1), green (1) | Waiting for RED",0,"orange (1), green (1)"
2026-09-24 13:04:40,red,WRONG COLOR DETECTED: orange (1) | Waiting for RED,0,orange (1)
2026-09-24 13:04:40,red,"WRONG COLOR DETECTED: orange (1), green (1) | Waiting for RED",0,"orange (1), green (1)"
2026-09-24 13:04:41,red,WRONG COLOR DETECTED: orange (1) | Waiting for RED,0,orange (1)
2026-09-24 13:04:41,red,"WRONG COLOR DETECTED: orange (1), green (1) | Waiting for RED",0,"orange (1), green (1)"
2026-09-24 13:04:41,red,WRONG COLOR DETECTED: orange (1) | Waiting for RED,0,orange (1)
2026-09-24 13:04:42,red,WRONG COLOR DETECTED: orange (2) | Waiting for RED,0,orange (2)
2026-09-24 13:04:42,red,WRONG COLOR DETECTED: orange (1) | Waiting for RED,0,orange (1)
2026-09-24 13:04:42,red,"WRONG COLOR DETECTED: orange (1), blue (1) | Waiting for RED",0,"orange (1), blue (1)"
2026-09-24 13:04:42,red,WRONG COLOR DETECTED: orange (1) | Waiting for RED,0,orange (1)
2026-09-24 13:04:42,red,WRONG COLOR DETECTED: orange (1) | Waiting for RED,0,orange (1)
2026-09-24 13:04:43,red,WRONG COLOR DETECTED: blue (1) | Waiting for RED,0,blue (1)
2026-09-24 13:04:44,red,CORRECT COLOR DETECTED: RED (1) | Wrong color(s): blue (1),1,blue (1)
2026-09-24 13:04:44,red,WRONG COLOR DETECTED: blue (1) | Waiting for RED,0,blue (1)
2026-09-24 13:04:45,red,CORRECT COLOR DETECTED: RED (1),1,
2026-09-24 13:04:47,red,CORRECT COLOR DETECTED: RED (1),1,
2026-09-24 13:04:47,red,CORRECT COLOR DETECTED: RED (2),2,
2026-09-24 13:04:47,red,CORRECT COLOR DETECTED: RED (1),1,
2026-09-24 13:04:47,red,CORRECT COLOR DETECTED: RED (2),2,
2026-09-24 13:04:48,red,CORRECT COLOR DETECTED: RED (2) | Wrong color(s): orange (2),2,orange (2)
2026-09-24 13:04:48,red,CORRECT COLOR DETECTED: RED (2),2,
2026-09-24 13:04:48,red,CORRECT COLOR DETECTED: RED (1),1,
2026-09-24 13:04:48,red,CORRECT COLOR DETECTED: RED (2),2,
2026-09-24 13:04:48,red,CORRECT COLOR DETECTED: RED (2) | Wrong color(s): blue (1),2,blue (1)
2026-09-24 13:04:48,red,CORRECT COLOR DETECTED: RED (1) | Wrong color(s): blue (1),1,blue (1)
2026-09-24 13:04:48,red,WRONG COLOR DETECTED: blue (1) | Waiting for RED,0,blue (1)
2026-09-24 13:04:48,red,"WRONG COLOR DETECTED: orange (1), blue (1) | Waiting for RED",0,"orange (1), blue (1)"
2026-09-24 13:04:48,red,"WRONG COLOR DETECTED: orange (2), green (1), blue (1) | Waiting for RED",0,"orange (2), green (1), blue (1)"
2026-09-24 13:04:48,red,"WRONG COLOR DETECTED: orange (1), blue (1) | Waiting for RED",0,"orange (1), blue (1)"
2026-09-24 13:04:48,red,"WRONG COLOR DETECTED: orange (2), blue (1) | Waiting for RED",0,"orange (2), blue (1)"
2026-09-24 13:04:48,red,"CORRECT COLOR DETECTED: RED (1) | Wrong color(s): orange (2), blue (1)",1,"orange (2), blue (1)"
2026-09-24 13:04:49,red,CORRECT COLOR DETECTED: RED (1) | Wrong color(s): blue (1),1,blue (1)
2026-09-24 13:04:49,red,"WRONG COLOR DETECTED: orange (1), blue (1) | Waiting for RED",0,"orange (1), blue (1)"
2026-09-24 13:04:49,red,CORRECT COLOR DETECTED: RED (1) | Wrong color(s): blue (1),1,blue (1)
2026-09-24 13:04:49,red,"CORRECT COLOR DETECTED: RED (2) | Wrong color(s): orange (1), blue (1)",2,"orange (1), blue (1)"
2026-09-24 13:04:49,red,CORRECT COLOR DETECTED: RED (2) | Wrong color(s): blue (1),2,blue (1)
2026-09-24 13:04:49,red,"CORRECT COLOR DETECTED: RED (2) | Wrong color(s): orange (1), blue (1)",2,"orange (1), blue (1)"
2026-09-24 13:04:49,red,"CORRECT COLOR DETECTED: RED (2) | Wrong color(s): orange (1), blue (2)",2,"orange (1), blue (2)"
2026-09-24 13:04:49,red,"WRONG COLOR DETECTED: orange (1), blue (2) | Waiting for RED",0,"orange (1), blue (2)"
2026-09-24 13:04:49,red,"WRONG COLOR DETECTED: orange (1), blue (1) | Waiting for RED",0,"orange (1), blue (1)"
2026-09-24 13:04:49,red,CORRECT COLOR DETECTED: RED (1),1,
2026-09-24 13:04:49,red,CORRECT COLOR DETECTED: RED (1) | Wrong color(s): blue (1),1,blue (1)
2026-09-24 13:04:50,red,WRONG COLOR DETECTED: yellow (1) | Waiting for RED,0,yellow (1)
2026-09-24 13:04:50,red,"WRONG COLOR DETECTED: orange (1), yellow (1) | Waiting for RED",0,"orange (1), yellow (1)"
2026-09-24 13:04:50,red,WRONG COLOR DETECTED: orange (1) | Waiting for RED,0,orange (1)
2026-09-24 13:04:50,red,"WRONG COLOR DETECTED: orange (1), blue (1) | Waiting for RED",0,"orange (1), blue (1)"
2026-09-24 13:04:50,red,WRONG COLOR DETECTED: orange (1) | Waiting for RED,0,orange (1)
2026-09-24 13:04:51,red,"WRONG COLOR DETECTED: orange (1), blue (1) | Waiting for RED",0,"orange (1), blue (1)"
2026-09-24 13:04:51,red,WRONG COLOR DETECTED: orange (1) | Waiting for RED,0,orange (1)
2026-09-24 13:04:51,red,"WRONG COLOR DETECTED: orange (1), blue (1) | Waiting for RED",0,"orange (1), blue (1)"
2026-09-24 13:04:52,red,WRONG COLOR DETECTED: blue (1) | Waiting for RED,0,blue (1)
2026-09-24 13:04:52,red,WRONG COLOR DETECTED: blue (1) | Waiting for RED,0,blue (1)
2026-09-24 13:04:52,red,WRONG COLOR DETECTED: blue (2) | Waiting for RED,0,blue (2)
2026-09-24 13:04:52,red,WRONG COLOR DETECTED: blue (1) | Waiting for RED,0,blue (1)
2026-09-24 13:04:52,red,"WRONG COLOR DETECTED: orange (1), blue (2) | Waiting for RED",0,"orange (1), blue (2)"
2026-09-24 13:04:52,red,WRONG COLOR DETECTED: blue (2) | Waiting for RED,0,blue (2)
2026-09-24 13:04:52,red,WRONG COLOR DETECTED: blue (1) | Waiting for RED,0,blue (1)
2026-09-24 13:04:52,red,WRONG COLOR DETECTED: blue (2) | Waiting for RED,0,blue (2)
2026-09-24 13:04:52,red,WRONG COLOR DETECTED: blue (1) | Waiting for RED,0,blue (1)
2026-09-24 13:04:53,red,"WRONG COLOR DETECTED: orange (1), blue (1) | Waiting for RED",0,"orange (1), blue (1)"
2026-09-24 13:04:53,red,WRONG COLOR DETECTED: blue (1) | Waiting for RED,0,blue (1)
2026-09-24 13:04:53,red,"WRONG COLOR DETECTED: orange (1), blue (1) | Waiting for RED",0,"orange (1), blue (1)"
2026-09-24 13:04:53,red,WRONG COLOR DETECTED: orange (1) | Waiting for RED,0,orange (1)
2026-09-24 13:04:53,red,WRONG COLOR DETECTED: blue (1) | Waiting for RED,0,blue (1)
2026-09-24 13:04:53,red,WRONG COLOR DETECTED: blue (2) | Waiting for RED,0,blue (2)
2026-09-24 13:04:53,red,WRONG COLOR DETECTED: blue (1) | Waiting for RED,0,blue (1)
2026-09-24 13:04:53,red,CORRECT COLOR DETECTED: RED (1),1,
2026-09-24 13:04:54,red,CORRECT COLOR DETECTED: RED (2),2,
2026-09-24 13:04:54,red,CORRECT COLOR DETECTED: RED (1),1,
2026-09-24 13:04:54,red,CORRECT COLOR DETECTED: RED (2),2,
2026-09-24 13:04:54,red,CORRECT COLOR DETECTED: RED (1),1,
2026-09-24 13:04:55,red,WRONG COLOR DETECTED: yellow (1) | Waiting for RED,0,yellow (1)
2026-09-24 13:04:55,red,WRONG COLOR DETECTED: yellow (1) | Waiting for RED,0,yellow (1)
2026-09-24 13:04:55,red,WRONG COLOR DETECTED: orange (1) | Waiting for RED,0,orange (1)
2026-09-24 13:04:56,red,"WRONG COLOR DETECTED: orange (1), yellow (1) | Waiting for RED",0,"orange (1), yellow (1)"
2026-09-24 13:04:56,red,WRONG COLOR DETECTED: orange (1) | Waiting for RED,0,orange (1)
2026-09-24 13:04:56,red,"WRONG COLOR DETECTED: orange (1), yellow (1) | Waiting for RED",0,"orange (1), yellow (1)"
2026-09-24 13:04:56,red,WRONG COLOR DETECTED: orange (1) | Waiting for RED,0,orange (1)
2026-09-24 13:04:56,red,"WRONG COLOR DETECTED: orange (1), yellow (1) | Waiting for RED",0,"orange (1), yellow (1)"
2026-09-24 13:04:56,red,WRONG COLOR DETECTED: orange (1) | Waiting for RED,0,orange (1)
2026-09-24 13:04:56,red,"WRONG COLOR DETECTED: orange (1), yellow (1) | Waiting for RED",0,"orange (1), yellow (1)"
2026-09-24 13:04:56,red,WRONG COLOR DETECTED: orange (1) | Waiting for RED,0,orange (1)
2026-09-24 13:04:57,red,"WRONG COLOR DETECTED: orange (1), yellow (1) | Waiting for RED",0,"orange (1), yellow (1)"
2026-09-24 13:04:57,orange,CORRECT COLOR DETECTED: ORANGE (1) | Wrong color(s): yellow (1),1,yellow (1)
2026-09-24 13:04:57,orange,CORRECT COLOR DETECTED: ORANGE (1),1,
2026-09-24 13:04:57,orange,CORRECT COLOR DETECTED: ORANGE (1) | Wrong color(s): yellow (1),1,yellow (1)
2026-09-24 13:04:58,orange,CORRECT COLOR DETECTED: ORANGE (1),1,
2026-09-24 13:04:58,orange,CORRECT COLOR DETECTED: ORANGE (1) | Wrong color(s): yellow (1),1,yellow (1)
2026-09-24 13:04:58,orange,CORRECT COLOR DETECTED: ORANGE (1),1,
2026-09-24 13:04:58,orange,CORRECT COLOR DETECTED: ORANGE (1) | Wrong color(s): yellow (1),1,yellow (1)
2026-09-24 13:04:58,orange,WRONG COLOR DETECTED: yellow (1) | Waiting for ORANGE,0,yellow (1)
2026-09-24 13:04:59,orange,WRONG COLOR DETECTED: yellow (1) | Waiting for ORANGE,0,yellow (1)
2026-09-24 13:05:01,orange,CORRECT COLOR DETECTED: ORANGE (1),1,
2026-09-24 13:05:01,orange,WRONG COLOR DETECTED: green (1) | Waiting for ORANGE,0,green (1)
2026-09-24 13:05:01,orange,"WRONG COLOR DETECTED: red (1), green (1) | Waiting for ORANGE",0,"red (1), green (1)"
2026-09-24 13:05:01,orange,WRONG COLOR DETECTED: green (1) | Waiting for ORANGE,0,green (1)
2026-09-24 13:05:01,orange,"WRONG COLOR DETECTED: red (1), green (1) | Waiting for ORANGE",0,"red (1), green (1)"
2026-09-24 13:05:02,orange,WRONG COLOR DETECTED: red (1) | Waiting for ORANGE,0,red (1)
2026-09-24 13:05:02,orange,"CORRECT COLOR DETECTED: ORANGE (1) | Wrong color(s): red (1), green (1)",1,"red (1), green (1)"
2026-09-24 13:05:02,orange,"CORRECT COLOR DETECTED: ORANGE (1) | Wrong color(s): red (2), green (1)",1,"red (2), green (1)"
2026-09-24 13:05:02,orange,"CORRECT COLOR DETECTED: ORANGE (1) | Wrong color(s): red (1), green (1)",1,"red (1), green (1)"
2026-09-24 13:05:02,orange,"WRONG COLOR DETECTED: red (1), green (1) | Waiting for ORANGE",0,"red (1), green (1)"
2026-09-24 13:05:04,orange,WRONG COLOR DETECTED: green (1) | Waiting for ORANGE,0,green (1)
2026-09-24 13:05:05,orange,"WRONG COLOR DETECTED: red (1), green (1) | Waiting for ORANGE",0,"red (1), green (1)"
2026-09-24 13:05:05,orange,WRONG COLOR DETECTED: green (1) | Waiting for ORANGE,0,green (1)
2026-09-24 13:05:05,orange,"WRONG COLOR DETECTED: red (1), green (1) | Waiting for ORANGE",0,"red (1), green (1)"
2026-09-24 13:05:05,orange,WRONG COLOR DETECTED: green (1) | Waiting for ORANGE,0,green (1)
2026-09-24 13:05:05,orange,"WRONG COLOR DETECTED: red (1), green (1) | Waiting for ORANGE",0,"red (1), green (1)"
2026-09-24 13:05:06,orange,WRONG COLOR DETECTED: green (1) | Waiting for ORANGE,0,green (1)
2026-09-24 13:05:08,orange,CORRECT COLOR DETECTED: ORANGE (1),1,
2026-09-24 13:05:08,orange,CORRECT COLOR DETECTED: ORANGE (1),1,
2026-09-24 13:05:08,orange,CORRECT COLOR DETECTED: ORANGE (1),1,
2026-09-24 13:05:08,orange,CORRECT COLOR DETECTED: ORANGE (1) | Wrong color(s): green (1),1,green (1)
2026-09-24 13:05:08,orange,WRONG COLOR DETECTED: green (1) | Waiting for ORANGE,0,green (1)
2026-09-24 13:05:08,orange,CORRECT COLOR DETECTED: ORANGE (1),1,
2026-09-24 13:05:09,orange,CORRECT COLOR DETECTED: ORANGE (1) | Wrong color(s): green (1),1,green (1)
2026-09-24 13:05:09,orange,WRONG COLOR DETECTED: green (1) | Waiting for ORANGE,0,green (1)
2026-09-24 13:05:09,orange,WRONG COLOR DETECTED: green (1) | Waiting for ORANGE,0,green (1)
2026-09-24 13:05:09,orange,WRONG COLOR DETECTED: green (1) | Waiting for ORANGE,0,green (1)
2026-09-24 13:05:10,orange,WRONG COLOR DETECTED: green (1) | Waiting for ORANGE,0,green (1)
2026-09-24 13:05:10,orange,WRONG COLOR DETECTED: green (1) | Waiting for ORANGE,0,green (1)
2026-09-24 13:05:11,orange,WRONG COLOR DETECTED: green (1) | Waiting for ORANGE,0,green (1)
2026-09-24 13:05:11,orange,WRONG COLOR DETECTED: blue (1) | Waiting for ORANGE,0,blue (1)
2026-09-24 13:05:11,orange,CORRECT COLOR DETECTED: ORANGE (1),1,
2026-09-24 13:05:12,orange,CORRECT COLOR DETECTED: ORANGE (1) | Wrong color(s): blue (1),1,blue (1)
2026-09-24 13:05:12,orange,WRONG COLOR DETECTED: blue (1) | Waiting for ORANGE,0,blue (1)
2026-09-24 13:05:12,orange,WRONG COLOR DETECTED: blue (2) | Waiting for ORANGE,0,blue (2)
2026-09-24 13:05:12,orange,WRONG COLOR DETECTED: blue (1) | Waiting for ORANGE,0,blue (1)
2026-09-24 13:05:12,orange,CORRECT COLOR DETECTED: ORANGE (1) | Wrong color(s): blue (1),1,blue (1)
2026-09-24 13:05:12,orange,CORRECT COLOR DETECTED: ORANGE (1),1,
2026-09-24 13:05:13,orange,CORRECT COLOR DETECTED: ORANGE (1),1,
2026-09-24 13:05:14,orange,CORRECT COLOR DETECTED: ORANGE (1) | Wrong color(s): green (1),1,green (1)
2026-09-24 13:05:14,orange,WRONG COLOR DETECTED: green (1) | Waiting for ORANGE,0,green (1)
2026-09-24 13:05:14,orange,"WRONG COLOR DETECTED: green (1), blue (1) | Waiting for ORANGE",0,"green (1), blue (1)"
2026-09-24 13:05:14,orange,WRONG COLOR DETECTED: green (1) | Waiting for ORANGE,0,green (1)
2026-09-24 13:05:14,orange,"WRONG COLOR DETECTED: green (1), blue (1) | Waiting for ORANGE",0,"green (1), blue (1)"
2026-09-24 13:05:14,orange,WRONG COLOR DETECTED: green (1) | Waiting for ORANGE,0,green (1)
2026-09-24 13:05:14,orange,CORRECT COLOR DETECTED: ORANGE (1),1,
2026-09-24 13:05:14,orange,WRONG COLOR DETECTED: blue (1) | Waiting for ORANGE,0,blue (1)
2026-09-24 13:05:14,orange,CORRECT COLOR DETECTED: ORANGE (1),1,
2026-09-24 13:05:15,orange,WRONG COLOR DETECTED: green (1) | Waiting for ORANGE,0,green (1)
2026-09-24 13:05:16,orange,"WRONG COLOR DETECTED: red (1), green (1) | Waiting for ORANGE",0,"red (1), green (1)"
2026-09-24 13:05:16,orange,WRONG COLOR DETECTED: green (1) | Waiting for ORANGE,0,green (1)
2026-09-24 13:05:16,orange,CORRECT COLOR DETECTED: ORANGE (1) | Wrong color(s): green (1),1,green (1)
2026-09-24 13:05:17,orange,WRONG COLOR DETECTED: green (1) | Waiting for ORANGE,0,green (1)
2026-09-24 13:05:19,orange,"WRONG COLOR DETECTED: red (1), green (1) | Waiting for ORANGE",0,"red (1), green (1)"
2026-09-24 13:05:19,orange,WRONG COLOR DETECTED: red (1) | Waiting for ORANGE,0,red (1)
2026-09-24 13:05:20,orange,"WRONG COLOR DETECTED: red (1), green (1) | Waiting for ORANGE",0,"red (1), green (1)"
2026-09-24 13:05:20,orange,WRONG COLOR DETECTED: green (1) | Waiting for ORANGE,0,green (1)
2026-09-24 13:05:21,orange,"WRONG COLOR DETECTED: red (2), green (1) | Waiting for ORANGE",0,"red (2), green (1)"
2026-09-24 13:05:21,orange,WRONG COLOR DETECTED: green (1) | Waiting for ORANGE,0,green (1)
2026-09-24 13:05:22,orange,CORRECT COLOR DETECTED: ORANGE (2),2,
2026-09-24 13:05:22,orange,WRONG COLOR DETECTED: red (1) | Waiting for ORANGE,0,red (1)
2026-09-24 13:05:22,orange,"WRONG COLOR DETECTED: red (1), green (1) | Waiting for ORANGE",0,"red (1), green (1)"
2026-09-24 13:05:22,orange,WRONG COLOR DETECTED: green (1) | Waiting for ORANGE,0,green (1)
2026-09-24 13:05:22,orange,WRONG COLOR DETECTED: red (1) | Waiting for ORANGE,0,red (1)
2026-09-24 13:05:22,orange,WRONG COLOR DETECTED: blue (1) | Waiting for ORANGE,0,blue (1)
2026-09-24 13:05:23,orange,WRONG COLOR DETECTED: blue (2) | Waiting for ORANGE,0,blue (2)
2026-09-24 13:05:23,orange,CORRECT COLOR DETECTED: ORANGE (1) | Wrong color(s): blue (1),1,blue (1)
2026-09-24 13:05:23,orange,WRONG COLOR DETECTED: blue (1) | Waiting for ORANGE,0,blue (1)
2026-09-24 13:05:25,orange,CORRECT COLOR DETECTED: ORANGE (1) | Wrong color(s): blue (1),1,blue (1)
2026-09-24 13:05:25,orange,WRONG COLOR DETECTED: blue (1) | Waiting for ORANGE,0,blue (1)
2026-09-24 13:05:27,orange,CORRECT COLOR DETECTED: ORANGE (1) | Wrong color(s): blue (1),1,blue (1)
2026-09-24 13:05:27,orange,WRONG COLOR DETECTED: blue (1) | Waiting for ORANGE,0,blue (1)
2026-09-24 13:05:27,orange,CORRECT COLOR DETECTED: ORANGE (1) | Wrong color(s): blue (1),1,blue (1)
2026-09-24 13:05:27,orange,WRONG COLOR DETECTED: blue (1) | Waiting for ORANGE,0,blue (1)
2026-09-24 13:05:30,orange,CORRECT COLOR DETECTED: ORANGE (1) | Wrong color(s): blue (1),1,blue (1)
2026-09-24 13:05:30,orange,WRONG COLOR DETECTED: blue (1) | Waiting for ORANGE,0,blue (1)
2026-09-24 13:05:33,orange,"WRONG COLOR DETECTED: red (1), blue (1) | Waiting for ORANGE",0,"red (1), blue (1)"
2026-09-24 13:05:33,orange,"CORRECT COLOR DETECTED: ORANGE (1) | Wrong color(s): red (1), blue (1)",1,"red (1), blue (1)"
2026-09-24 13:05:33,orange,"WRONG COLOR DETECTED: red (1), blue (1) | Waiting for ORANGE",0,"red (1), blue (1)"
2026-09-24 13:05:33,orange,"CORRECT COLOR DETECTED: ORANGE (1) | Wrong color(s): red (1), blue (1)",1,"red (1), blue (1)"
2026-09-24 13:05:34,orange,"WRONG COLOR DETECTED: red (1), blue (1) | Waiting for ORANGE",0,"red (1), blue (1)"
2026-09-24 13:05:34,orange,"CORRECT COLOR DETECTED: ORANGE (1) | Wrong color(s): red (1), blue (1)",1,"red (1), blue (1)"
2026-09-24 13:05:34,orange,"WRONG COLOR DETECTED: red (1), blue (1) | Waiting for ORANGE",0,"red (1), blue (1)"
2026-09-24 13:05:34,orange,"CORRECT COLOR DETECTED: ORANGE (1) | Wrong color(s): red (1), blue (1)",1,"red (1), blue (1)"
2026-09-24 13:05:34,orange,"WRONG COLOR DETECTED: red (1), blue (1) | Waiting for ORANGE",0,"red (1), blue (1)"
2026-09-24 13:05:34,orange,"CORRECT COLOR DETECTED: ORANGE (1) | Wrong color(s): red (1), blue (1)",1,"red (1), blue (1)"
2026-09-24 13:05:34,orange,"WRONG COLOR DETECTED: red (1), blue (1) | Waiting for ORANGE",0,"red (1), blue (1)"
2026-09-24 13:05:35,orange,"CORRECT COLOR DETECTED: ORANGE (1) | Wrong color(s): red (1), blue (1)",1,"red (1), blue (1)"
2026-09-24 13:05:35,orange,"WRONG COLOR DETECTED: red (1), blue (1) | Waiting for ORANGE",0,"red (1), blue (1)"
2026-09-24 13:05:35,orange,"CORRECT COLOR DETECTED: ORANGE (1) | Wrong color(s): red (1), blue (1)",1,"red (1), blue (1)"
2026-09-24 13:05:35,orange,"WRONG COLOR DETECTED: red (1), blue (1) | Waiting for ORANGE",0,"red (1), blue (1)"
2026-09-24 13:05:35,orange,"CORRECT COLOR DETECTED: ORANGE (1) | Wrong color(s): red (1), blue (1)",1,"red (1), blue (1)"
2026-09-24 13:05:35,orange,"WRONG COLOR DETECTED: red (1), blue (1) | Waiting for ORANGE",0,"red (1), blue (1)"
2026-09-24 13:05:35,orange,"CORRECT COLOR DETECTED: ORANGE (1) | Wrong color(s): red (1), blue (1)",1,"red (1), blue (1)"
2026-09-24 13:05:35,orange,"WRONG COLOR DETECTED: red (1), blue (1) | Waiting for ORANGE",0,"red (1), blue (1)"
2026-09-24 13:05:36,orange,"CORRECT COLOR DETECTED: ORANGE (1) | Wrong color(s): red (1), blue (1)",1,"red (1), blue (1)"
2026-09-24 13:05:36,orange,"WRONG COLOR DETECTED: red (1), blue (1) | Waiting for ORANGE",0,"red (1), blue (1)"
2026-09-24 13:05:36,orange,"CORRECT COLOR DETECTED: ORANGE (1) | Wrong color(s): red (1), blue (1)",1,"red (1), blue (1)"
2026-09-24 13:05:36,orange,"WRONG COLOR DETECTED: red (1), blue (1) | Waiting for ORANGE",0,"red (1), blue (1)"
2026-09-24 13:05:36,orange,"CORRECT COLOR DETECTED: ORANGE (1) | Wrong color(s): red (1), blue (1)",1,"red (1), blue (1)"
2026-09-24 13:05:37,orange,CORRECT COLOR DETECTED: ORANGE (1) | Wrong color(s): blue (1),1,blue (1)
2026-09-24 13:05:37,orange,WRONG COLOR DETECTED: blue (1) | Waiting for ORANGE,0,blue (1)
2026-09-24 13:05:37,orange,CORRECT COLOR DETECTED: ORANGE (1) | Wrong color(s): blue (1),1,blue (1)
2026-09-24 13:05:37,orange,WRONG COLOR DETECTED: blue (1) | Waiting for ORANGE,0,blue (1)
2026-09-24 13:05:38,orange,"WRONG COLOR DETECTED: red (2), blue (1) | Waiting for ORANGE",0,"red (2), blue (1)"
2026-09-24 13:05:38,orange,"CORRECT COLOR DETECTED: ORANGE (1) | Wrong color(s): red (1), blue (1)",1,"red (1), blue (1)"
2026-09-24 13:05:38,orange,"WRONG COLOR DETECTED: red (1), blue (1) | Waiting for ORANGE",0,"red (1), blue (1)"
2026-09-24 13:05:41,orange,"CORRECT COLOR DETECTED: ORANGE (1) | Wrong color(s): red (2), yellow (1), blue (1)",1,"red (2), yellow (1), blue (1)"
2026-09-24 13:05:41,orange,"WRONG COLOR DETECTED: red (1), yellow (1), blue (1) | Waiting for ORANGE",0,"red (1), yellow (1), blue (1)"
2026-09-24 13:05:41,orange,WRONG COLOR DETECTED: blue (1) | Waiting for ORANGE,0,blue (1)
2026-09-24 13:05:41,orange,WRONG COLOR DETECTED: red (1) | Waiting for ORANGE,0,red (1)
2026-09-24 13:05:41,orange,CORRECT COLOR DETECTED: ORANGE (1) | Wrong color(s): red (1),1,red (1)
2026-09-24 13:05:41,orange,WRONG COLOR DETECTED: red (1) | Waiting for ORANGE,0,red (1)
2026-09-24 13:05:41,orange,"WRONG COLOR DETECTED: red (1), yellow (1) | Waiting for ORANGE",0,"red (1), yellow (1)"
2026-09-24 13:05:41,orange,WRONG COLOR DETECTED: yellow (1) | Waiting for ORANGE,0,yellow (1)
2026-09-24 13:05:42,orange,CORRECT COLOR DETECTED: ORANGE (1) | Wrong color(s): yellow (1),1,yellow (1)
2026-09-24 13:05:42,orange,"CORRECT COLOR DETECTED: ORANGE (1) | Wrong color(s): yellow (1), blue (2)",1,"yellow (1), blue (2)"
2026-09-24 13:05:42,orange,WRONG COLOR DETECTED: yellow (1) | Waiting for ORANGE,0,yellow (1)
2026-09-24 13:05:42,orange,"WRONG COLOR DETECTED: yellow (1), blue (1) | Waiting for ORANGE",0,"yellow (1), blue (1)"
2026-09-24 13:05:42,orange,"WRONG COLOR DETECTED: red (1), yellow (1), blue (1) | Waiting for ORANGE",0,"red (1), yellow (1), blue (1)"
2026-09-24 13:05:45,orange,"WRONG COLOR DETECTED: yellow (1), blue (1) | Waiting for ORANGE",0,"yellow (1), blue (1)"
2026-09-24 13:05:45,orange,"WRONG COLOR DETECTED: red (1), yellow (1), blue (1) | Waiting for ORANGE",0,"red (1), yellow (1), blue (1)"
2026-09-24 13:05:45,orange,"WRONG COLOR DETECTED: red (1), blue (1) | Waiting for ORANGE",0,"red (1), blue (1)"
2026-09-24 13:05:45,orange,"WRONG COLOR DETECTED: red (1), yellow (1), blue (1) | Waiting for ORANGE",0,"red (1), yellow (1), blue (1)"
2026-09-24 13:05:45,orange,CORRECT COLOR DETECTED: ORANGE (1) | Wrong color(s): blue (1),1,blue (1)
2026-09-24 13:05:45,orange,"WRONG COLOR DETECTED: yellow (1), blue (1) | Waiting for ORANGE",0,"yellow (1), blue (1)"
2026-09-24 13:05:46,orange,WRONG COLOR DETECTED: blue (1) | Waiting for ORANGE,0,blue (1)
2026-09-24 13:05:46,orange,"WRONG COLOR DETECTED: red (1), blue (1) | Waiting for ORANGE",0,"red (1), blue (1)"
2026-09-24 13:05:46,orange,"CORRECT COLOR DETECTED: ORANGE (1) | Wrong color(s): red (1), blue (1)",1,"red (1), blue (1)"
2026-09-24 13:05:46,orange,"WRONG COLOR DETECTED: red (1), blue (1) | Waiting for ORANGE",0,"red (1), blue (1)"
2026-09-24 13:05:47,orange,"CORRECT COLOR DETECTED: ORANGE (1) | Wrong color(s): red (1), blue (1)",1,"red (1), blue (1)"
2026-09-24 13:05:47,orange,"CORRECT COLOR DETECTED: ORANGE (2) | Wrong color(s): red (1), blue (1)",2,"red (1), blue (1)"
2026-09-24 13:05:47,orange,"CORRECT COLOR DETECTED: ORANGE (1) | Wrong color(s): red (1), blue (1)",1,"red (1), blue (1)"
2026-09-24 13:05:47,orange,"WRONG COLOR DETECTED: red (1), blue (1) | Waiting for ORANGE",0,"red (1), blue (1)"
2026-09-24 13:05:47,orange,"CORRECT COLOR DETECTED: ORANGE (1) | Wrong color(s): red (1), blue (1)",1,"red (1), blue (1)"
2026-09-24 13:05:47,orange,WRONG COLOR DETECTED: blue (1) | Waiting for ORANGE,0,blue (1)
2026-09-24 13:05:50,orange,CORRECT COLOR DETECTED: ORANGE (1) | Wrong color(s): blue (1),1,blue (1)
2026-09-24 13:05:50,orange,"WRONG COLOR DETECTED: red (1), blue (2) | Waiting for ORANGE",0,"red (1), blue (2)"
2026-09-24 13:05:50,orange,WRONG COLOR DETECTED: blue (1) | Waiting for ORANGE,0,blue (1)
2026-09-24 13:05:50,orange,WRONG COLOR DETECTED: blue (1) | Waiting for ORANGE,0,blue (1)
2026-09-24 13:05:50,orange,CORRECT COLOR DETECTED: ORANGE (1),1,
2026-09-24 13:05:50,orange,CORRECT COLOR DETECTED: ORANGE (1) | Wrong color(s): blue (1),1,blue (1)
2026-09-24 13:07:43,orange,WRONG COLOR DETECTED: purple (1) | Waiting for ORANGE,0,purple (1)
2026-09-24 13:07:44,orange,WRONG COLOR DETECTED: yellow (1) | Waiting for ORANGE,0,yellow (1)
2026-09-24 13:07:44,orange,WRONG COLOR DETECTED: red (1) | Waiting for ORANGE,0,red (1)
2026-09-24 13:07:45,orange,WRONG COLOR DETECTED: red (1) | Waiting for ORANGE,0,red (1)
2026-09-24 13:07:45,orange,WRONG COLOR DETECTED: red (1) | Waiting for ORANGE,0,red (1)
2026-09-24 13:07:45,orange,WRONG COLOR DETECTED: red (1) | Waiting for ORANGE,0,red (1)
2026-09-24 13:07:47,orange,WRONG COLOR DETECTED: purple (1) | Waiting for ORANGE,0,purple (1)
2026-09-24 13:07:47,orange,CORRECT COLOR DETECTED: ORANGE (1),1,
2026-09-24 13:07:47,orange,WRONG COLOR DETECTED: yellow (1) | Waiting for ORANGE,0,yellow (1)
2026-09-24 13:07:47,orange,CORRECT COLOR DETECTED: ORANGE (1),1,
2026-09-24 13:07:48,orange,CORRECT COLOR DETECTED: ORANGE (1),1,
2026-09-24 13:07:49,orange,WRONG COLOR DETECTED: purple (1) | Waiting for ORANGE,0,purple (1)
2026-09-24 13:07:49,orange,WRONG COLOR DETECTED: red (1) | Waiting for ORANGE,0,red (1)
2026-09-24 13:07:49,orange,CORRECT COLOR DETECTED: ORANGE (2),2,
2026-09-24 13:07:49,orange,CORRECT COLOR DETECTED: ORANGE (2),2,
2026-09-24 13:07:50,orange,WRONG COLOR DETECTED: red (1) | Waiting for ORANGE,0,red (1)
2026-09-24 13:07:50,orange,CORRECT COLOR DETECTED: ORANGE (1) | Wrong color(s): red (1),1,red (1)
2026-09-24 13:07:50,orange,"CORRECT COLOR DETECTED: ORANGE (1) | Wrong color(s): red (1), purple (1)",1,"red (1), purple (1)"
2026-09-24 13:07:50,orange,"WRONG COLOR DETECTED: red (1), purple (1) | Waiting for ORANGE",0,"red (1), purple (1)"
2026-09-24 13:07:50,orange,CORRECT COLOR DETECTED: ORANGE (1),1,
2026-09-24 13:07:50,orange,CORRECT COLOR DETECTED: ORANGE (1) | Wrong color(s): purple (1),1,purple (1)
2026-09-24 13:07:50,orange,WRONG COLOR DETECTED: purple (1) | Waiting for ORANGE,0,purple (1)
2026-09-24 13:07:51,orange,WRONG COLOR DETECTED: blue (1) | Waiting for ORANGE,0,blue (1)
2026-09-24 13:07:51,orange,CORRECT COLOR DETECTED: ORANGE (1),1,
2026-09-24 13:07:51,orange,CORRECT COLOR DETECTED: ORANGE (1),1,
2026-09-24 13:07:51,orange,CORRECT COLOR DETECTED: ORANGE (1),1,
2026-09-24 13:07:52,orange,CORRECT COLOR DETECTED: ORANGE (1),1,
2026-09-24 13:07:52,orange,CORRECT COLOR DETECTED: ORANGE (1),1,
2026-09-24 13:07:52,orange,CORRECT COLOR DETECTED: ORANGE (1),1,
2026-09-24 13:07:52,orange,CORRECT COLOR DETECTED: ORANGE (1),1,
2026-09-24 13:07:52,orange,CORRECT COLOR DETECTED: ORANGE (1),1,
2026-09-24 13:07:54,orange,CORRECT COLOR DETECTED: ORANGE (1) | Wrong color(s): red (1),1,red (1)
2026-09-24 13:07:54,orange,CORRECT COLOR DETECTED: ORANGE (1),1,
2026-09-24 13:07:54,orange,WRONG COLOR DETECTED: purple (1) | Waiting for ORANGE,0,purple (1)
2026-09-24 13:07:54,orange,CORRECT COLOR DETECTED: ORANGE (1) | Wrong color(s): purple (1),1,purple (1)
2026-09-24 13:07:56,orange,CORRECT COLOR DETECTED: ORANGE (1),1,
2026-09-24 13:07:56,orange,WRONG COLOR DETECTED: red (1) | Waiting for ORANGE,0,red (1)
2026-09-24 13:07:58,orange,CORRECT COLOR DETECTED: ORANGE (1) | Wrong color(s): red (1),1,red (1)
2026-09-24 13:07:58,orange,WRONG COLOR DETECTED: red (1) | Waiting for ORANGE,0,red (1)
2026-09-24 13:07:58,orange,CORRECT COLOR DETECTED: ORANGE (1) | Wrong color(s): red (1),1,red (1)
2026-09-24 13:07:58,orange,WRONG COLOR DETECTED: red (1) | Waiting for ORANGE,0,red (1)
2026-09-24 13:07:59,orange,WRONG COLOR DETECTED: blue (1) | Waiting for ORANGE,0,blue (1)
2026-09-24 13:07:59,orange,CORRECT COLOR DETECTED: ORANGE (1),1,
2026-09-24 13:07:59,orange,WRONG COLOR DETECTED: blue (1) | Waiting for ORANGE,0,blue (1)
2026-09-24 13:07:59,orange,CORRECT COLOR DETECTED: ORANGE (1) | Wrong color(s): blue (1),1,blue (1)
2026-09-24 13:07:59,orange,WRONG COLOR DETECTED: blue (1) | Waiting for ORANGE,0,blue (1)
2026-09-24 13:08:01,orange,WRONG COLOR DETECTED: blue (1) | Waiting for ORANGE,0,blue (1)
2026-09-24 13:08:01,orange,CORRECT COLOR DETECTED: ORANGE (1),1,
2026-09-24 13:08:02,orange,WRONG COLOR DETECTED: green (1) | Waiting for ORANGE,0,green (1)
2026-09-24 13:08:02,orange,WRONG COLOR DETECTED: green (1) | Waiting for ORANGE,0,green (1)
2026-09-24 13:08:02,orange,CORRECT COLOR DETECTED: ORANGE (1) | Wrong color(s): green (1),1,green (1)
2026-09-24 13:08:02,orange,WRONG COLOR DETECTED: green (1) | Waiting for ORANGE,0,green (1)
2026-09-24 13:08:03,orange,"WRONG COLOR DETECTED: green (1), purple (1) | Waiting for ORANGE",0,"green (1), purple (1)"
2026-09-24 13:08:03,orange,WRONG COLOR DETECTED: green (1) | Waiting for ORANGE,0,green (1)
2026-09-24 13:08:03,orange,"WRONG COLOR DETECTED: green (1), purple (1) | Waiting for ORANGE",0,"green (1), purple (1)"
2026-09-24 13:08:08,orange,"WRONG COLOR DETECTED: red (1), green (1), purple (1) | Waiting for ORANGE",0,"red (1), green (1), purple (1)"
2026-09-24 13:08:08,orange,"WRONG COLOR DETECTED: green (1), purple (1) | Waiting for ORANGE",0,"green (1), purple (1)"
2026-09-24 13:08:09,orange,WRONG COLOR DETECTED: green (1) | Waiting for ORANGE,0,green (1)
2026-09-24 13:08:09,orange,"WRONG COLOR DETECTED: green (1), purple (1) | Waiting for ORANGE",0,"green (1), purple (1)"
2026-09-24 13:08:10,orange,WRONG COLOR DETECTED: green (1) | Waiting for ORANGE,0,green (1)
2026-09-24 13:08:11,orange,WRONG COLOR DETECTED: purple (1) | Waiting for ORANGE,0,purple (1)
2026-09-24 13:08:11,orange,"WRONG COLOR DETECTED: green (1), purple (1) | Waiting for ORANGE",0,"green (1), purple (1)"
2026-09-24 13:08:15,orange,"WRONG COLOR DETECTED: yellow (1), green (1), purple (1) | Waiting for ORANGE",0,"yellow (1), green (1), purple (1)"
2026-09-24 13:08:15,orange,"CORRECT COLOR DETECTED: ORANGE (1) | Wrong color(s): green (1), purple (1)",1,"green (1), purple (1)"
2026-09-24 13:08:15,orange,"WRONG COLOR DETECTED: green (1), purple (1) | Waiting for ORANGE",0,"green (1), purple (1)"
2026-09-24 13:08:15,orange,WRONG COLOR DETECTED: green (1) | Waiting for ORANGE,0,green (1)
2026-09-24 13:08:15,orange,"WRONG COLOR DETECTED: green (1), purple (1) | Waiting for ORANGE",0,"green (1), purple (1)"
2026-09-24 13:08:16,orange,WRONG COLOR DETECTED: purple (1) | Waiting for ORANGE,0,purple (1)
2026-09-24 13:08:16,orange,"CORRECT COLOR DETECTED: ORANGE (1) | Wrong color(s): green (1), purple (1)",1,"green (1), purple (1)"
2026-09-24 13:08:16,orange,"WRONG COLOR DETECTED: green (1), purple (1) | Waiting for ORANGE",0,"green (1), purple (1)"
2026-09-24 13:08:16,orange,"CORRECT COLOR DETECTED: ORANGE (1) | Wrong color(s): green (1), purple (1)",1,"green (1), purple (1)"
2026-09-24 13:08:16,orange,"WRONG COLOR DETECTED: green (1), purple (1) | Waiting for ORANGE",0,"green (1), purple (1)"
2026-09-24 13:08:17,orange,"WRONG COLOR DETECTED: red (1), green (1), purple (1) | Waiting for ORANGE",0,"red (1), green (1), purple (1)"
2026-09-24 13:08:17,orange,"WRONG COLOR DETECTED: green (1), purple (1) | Waiting for ORANGE",0,"green (1), purple (1)"
2026-09-24 13:08:17,orange,"CORRECT COLOR DETECTED: ORANGE (1) | Wrong color(s): green (1), purple (1)",1,"green (1), purple (1)"
2026-09-24 13:08:17,orange,"WRONG COLOR DETECTED: green (1), purple (1) | Waiting for ORANGE",0,"green (1), purple (1)"
2026-09-24 13:08:18,orange,WRONG COLOR DETECTED: purple (1) | Waiting for ORANGE,0,purple (1)
2026-09-24 13:08:19,orange,"WRONG COLOR DETECTED: green (1), purple (1) | Waiting for ORANGE",0,"green (1), purple (1)"
2026-09-24 13:08:19,orange,WRONG COLOR DETECTED: green (1) | Waiting for ORANGE,0,green (1)
2026-09-24 13:08:19,orange,"WRONG COLOR DETECTED: green (1), purple (1) | Waiting for ORANGE",0,"green (1), purple (1)"
2026-09-24 13:08:19,orange,"CORRECT COLOR DETECTED: ORANGE (1) | Wrong color(s): green (1), purple (1)",1,"green (1), purple (1)"
2026-09-24 13:08:19,orange,"WRONG COLOR DETECTED: green (1), purple (1) | Waiting for ORANGE",0,"green (1), purple (1)"
2026-09-24 13:08:19,orange,"WRONG COLOR DETECTED: green (1), purple (2) | Waiting for ORANGE",0,"green (1), purple (2)"
2026-09-24 13:08:19,orange,"WRONG COLOR DETECTED: green (1), purple (1) | Waiting for ORANGE",0,"green (1), purple (1)"
2026-09-24 13:08:19,orange,WRONG COLOR DETECTED: green (1) | Waiting for ORANGE,0,green (1)
2026-09-24 13:08:19,orange,"WRONG COLOR DETECTED: green (1), purple (1) | Waiting for ORANGE",0,"green (1), purple (1)"
2026-09-24 13:08:19,orange,"CORRECT COLOR DETECTED: ORANGE (1) | Wrong color(s): green (1), purple (1)",1,"green (1), purple (1)"
2026-09-24 13:08:19,orange,"WRONG COLOR DETECTED: red (1), green (1), purple (1) | Waiting for ORANGE",0,"red (1), green (1), purple (1)"
2026-09-24 13:08:19,orange,"CORRECT COLOR DETECTED: ORANGE (1) | Wrong color(s): red (1), green (1), purple (1)",1,"red (1), green (1), purple (1)"
2026-09-24 13:08:19,orange,"WRONG COLOR DETECTED: green (1), purple (1) | Waiting for ORANGE",0,"green (1), purple (1)"
2026-09-24 13:08:20,orange,"WRONG COLOR DETECTED: red (1), green (1), purple (1) | Waiting for ORANGE",0,"red (1), green (1), purple (1)"
2026-09-24 13:08:20,orange,"CORRECT COLOR DETECTED: ORANGE (1) | Wrong color(s): green (1), purple (1)",1,"green (1), purple (1)"
2026-09-24 13:08:20,orange,"WRONG COLOR DETECTED: green (1), purple (1) | Waiting for ORANGE",0,"green (1), purple (1)"
2026-09-24 13:08:20,orange,"CORRECT COLOR DETECTED: ORANGE (1) | Wrong color(s): green (1), purple (1)",1,"green (1), purple (1)"
2026-09-24 13:08:20,orange,"WRONG COLOR DETECTED: green (1), purple (1) | Waiting for ORANGE",0,"green (1), purple (1)"
2026-09-24 13:08:21,orange,"WRONG COLOR DETECTED: green (1), blue (1), purple (1) | Waiting for ORANGE",0,"green (1), blue (1), purple (1)"
2026-09-24 13:08:22,orange,"CORRECT COLOR DETECTED: ORANGE (1) | Wrong color(s): green (1), blue (1), purple (1)",1,"green (1), blue (1), purple (1)"
2026-09-24 13:08:22,orange,"WRONG COLOR DETECTED: green (1), blue (1), purple (1) | Waiting for ORANGE",0,"green (1), blue (1), purple (1)"
2026-09-24 13:08:24,orange,"WRONG COLOR DETECTED: red (1), green (1), blue (1), purple (1) | Waiting for ORANGE",0,"red (1), green (1), blue (1), purple (1)"
2026-09-24 13:08:24,orange,"WRONG COLOR DETECTED: green (1), blue (1), purple (1) | Waiting for ORANGE",0,"green (1), blue (1), purple (1)"
2026-09-24 13:08:24,orange,"CORRECT COLOR DETECTED: ORANGE (1) | Wrong color(s): green (1), blue (1), purple (1)",1,"green (1), blue (1), purple (1)"
2026-09-24 13:08:24,orange,"CORRECT COLOR DETECTED: ORANGE (1) | Wrong color(s): red (1), green (1), blue (1), purple (1)",1,"red (1), green (1), blue (1), purple (1)"
2026-09-24 13:08:24,orange,"WRONG COLOR DETECTED: red (1), green (1), blue (1), purple (1) | Waiting for ORANGE",0,"red (1), green (1), blue (1), purple (1)"
2026-09-24 13:08:24,orange,"WRONG COLOR DETECTED: green (1), blue (1), purple (1) | Waiting for ORANGE",0,"green (1), blue (1), purple (1)"
2026-09-24 13:08:24,orange,"CORRECT COLOR DETECTED: ORANGE (1) | Wrong color(s): green (1), blue (1), purple (1)",1,"green (1), blue (1), purple (1)"
2026-09-24 13:08:24,orange,"WRONG COLOR DETECTED: green (1), blue (1), purple (1) | Waiting for ORANGE",0,"green (1), blue (1), purple (1)"
2026-09-24 13:08:30,orange,"WRONG COLOR DETECTED: red (1), green (1), blue (1), purple (1) | Waiting for ORANGE",0,"red (1), green (1), blue (1), purple (1)"
2026-09-24 13:08:30,orange,"WRONG COLOR DETECTED: red (1), green (1), purple (1) | Waiting for ORANGE",0,"red (1), green (1), purple (1)"
2026-09-24 13:08:30,orange,"WRONG COLOR DETECTED: green (1), purple (1) | Waiting for ORANGE",0,"green (1), purple (1)"
2026-09-24 13:08:30,orange,"WRONG COLOR DETECTED: red (1), green (1), purple (1) | Waiting for ORANGE",0,"red (1), green (1), purple (1)"
2026-09-24 13:08:30,orange,"WRONG COLOR DETECTED: green (1), purple (1) | Waiting for ORANGE",0,"green (1), purple (1)"
2026-09-24 13:08:30,orange,"CORRECT COLOR DETECTED: ORANGE (1) | Wrong color(s): green (1), purple (1)",1,"green (1), purple (1)"
2026-09-24 13:08:30,orange,"WRONG COLOR DETECTED: green (1), purple (1) | Waiting for ORANGE",0,"green (1), purple (1)"
2026-09-24 13:08:31,orange,WRONG COLOR DETECTED: green (1) | Waiting for ORANGE,0,green (1)
2026-09-24 13:08:31,orange,"WRONG COLOR DETECTED: green (1), purple (1) | Waiting for ORANGE",0,"green (1), purple (1)"
2026-09-24 13:08:31,orange,WRONG COLOR DETECTED: purple (1) | Waiting for ORANGE,0,purple (1)
2026-09-24 13:08:31,orange,"WRONG COLOR DETECTED: green (1), purple (1) | Waiting for ORANGE",0,"green (1), purple (1)"
2026-09-24 13:08:31,orange,WRONG COLOR DETECTED: green (1) | Waiting for ORANGE,0,green (1)
2026-09-24 13:08:31,orange,CORRECT COLOR DETECTED: ORANGE (1) | Wrong color(s): green (2),1,green (2)
2026-09-24 13:08:31,orange,WRONG COLOR DETECTED: green (2) | Waiting for ORANGE,0,green (2)
2026-09-24 13:08:31,orange,CORRECT COLOR DETECTED: ORANGE (1),1,
2026-09-24 13:08:32,orange,WRONG COLOR DETECTED: red (1) | Waiting for ORANGE,0,red (1)
2026-09-24 13:09:22,orange,WRONG COLOR DETECTED: red (1) | Waiting for ORANGE,0,red (1)
2026-09-24 13:09:27,red,CORRECT COLOR DETECTED: RED (1),1,
2026-09-24 13:09:30,red,CORRECT COLOR DETECTED: RED (1) | Wrong color(s): orange (1),1,orange (1)
2026-09-24 13:09:30,red,WRONG COLOR DETECTED: orange (1) | Waiting for RED,0,orange (1)
2026-09-24 13:09:30,red,WRONG COLOR DETECTED: orange (1) | Waiting for RED,0,orange (1)
2026-09-24 13:09:30,red,WRONG COLOR DETECTED: orange (1) | Waiting for RED,0,orange (1)
2026-09-24 13:09:31,red,CORRECT COLOR DETECTED: RED (1) | Wrong color(s): orange (1),1,orange (1)
2026-09-24 13:09:31,red,CORRECT COLOR DETECTED: RED (2) | Wrong color(s): orange (1),2,orange (1)
2026-09-24 13:09:31,red,CORRECT COLOR DETECTED: RED (1),1,
2026-09-24 13:09:32,red,CORRECT COLOR DETECTED: RED (2),2,
2026-09-24 13:09:32,red,CORRECT COLOR DETECTED: RED (1) | Wrong color(s): orange (1),1,orange (1)
2026-09-24 13:09:33,red,WRONG COLOR DETECTED: orange (2) | Waiting for RED,0,orange (2)
2026-09-24 13:09:33,red,CORRECT COLOR DETECTED: RED (1),1,
2026-09-24 13:09:33,red,CORRECT COLOR DETECTED: RED (1) | Wrong color(s): orange (2),1,orange (2)
2026-09-24 13:09:33,red,CORRECT COLOR DETECTED: RED (1),1,
2026-09-24 13:09:38,red,CORRECT COLOR DETECTED: RED (1) | Wrong color(s): orange (1),1,orange (1)
2026-09-24 13:09:38,red,CORRECT COLOR DETECTED: RED (1),1,
2026-09-24 13:10:47,red,CORRECT COLOR DETECTED: RED (1),1,
2026-09-24 13:10:47,red,CORRECT COLOR DETECTED: RED (1) | Wrong color(s): orange (1),1,orange (1)
2026-09-24 13:10:47,red,CORRECT COLOR DETECTED: RED (1) | Wrong color(s): orange (2),1,orange (2)
2026-09-24 13:10:47,red,CORRECT COLOR DETECTED: RED (1),1,
2026-09-24 13:10:50,red,WRONG COLOR DETECTED: blue (1) | Waiting for RED,0,blue (1)
2026-09-24 13:10:51,red,WRONG COLOR DETECTED: orange (1) | Waiting for RED,0,orange (1)
2026-09-24 13:10:51,red,WRONG COLOR DETECTED: orange (2) | Waiting for RED,0,orange (2)
2026-09-24 13:10:51,red,WRONG COLOR DETECTED: blue (1) | Waiting for RED,0,blue (1)
2026-09-24 13:10:51,red,"WRONG COLOR DETECTED: orange (1), blue (1) | Waiting for RED",0,"orange (1), blue (1)"
2026-09-24 13:10:52,red,WRONG COLOR DETECTED: blue (1) | Waiting for RED,0,blue (1)
2026-09-24 13:10:53,red,"WRONG COLOR DETECTED: orange (1), blue (1) | Waiting for RED",0,"orange (1), blue (1)"
2026-09-24 13:10:54,red,WRONG COLOR DETECTED: blue (1) | Waiting for RED,0,blue (1)
2026-09-24 13:10:54,red,WRONG COLOR DETECTED: orange (1) | Waiting for RED,0,orange (1)
2026-09-24 13:10:54,red,WRONG COLOR DETECTED: blue (1) | Waiting for RED,0,blue (1)
2026-09-24 13:11:02,blue,WRONG COLOR DETECTED: orange (1) | Waiting for BLUE,0,orange (1)
2026-09-24 13:11:03,blue,WRONG COLOR DETECTED: red (1) | Waiting for BLUE,0,red (1)
2026-09-24 13:11:03,blue,WRONG COLOR DETECTED: orange (1) | Waiting for BLUE,0,orange (1)
2026-09-24 13:11:04,blue,"WRONG COLOR DETECTED: red (1), orange (1) | Waiting for BLUE",0,"red (1), orange (1)"
2026-09-24 13:11:04,blue,WRONG COLOR DETECTED: red (1) | Waiting for BLUE,0,red (1)
2026-09-24 13:11:05,blue,"WRONG COLOR DETECTED: red (1), orange (1) | Waiting for BLUE",0,"red (1), orange (1)"
2026-09-24 13:11:05,blue,WRONG COLOR DETECTED: red (1) | Waiting for BLUE,0,red (1)
2026-09-24 13:11:05,blue,WRONG COLOR DETECTED: red (2) | Waiting for BLUE,0,red (2)
2026-09-24 13:11:05,blue,"WRONG COLOR DETECTED: red (1), orange (1) | Waiting for BLUE",0,"red (1), orange (1)"
2026-09-24 13:11:05,blue,WRONG COLOR DETECTED: red (1) | Waiting for BLUE,0,red (1)
2026-09-24 13:11:06,blue,"WRONG COLOR DETECTED: red (1), orange (1) | Waiting for BLUE",0,"red (1), orange (1)"
2026-09-24 13:11:06,blue,WRONG COLOR DETECTED: orange (1) | Waiting for BLUE,0,orange (1)
2026-09-24 13:11:06,blue,WRONG COLOR DETECTED: red (1) | Waiting for BLUE,0,red (1)
2026-09-24 13:11:06,blue,WRONG COLOR DETECTED: orange (2) | Waiting for BLUE,0,orange (2)
2026-09-24 13:11:06,blue,"WRONG COLOR DETECTED: red (1), orange (1) | Waiting for BLUE",0,"red (1), orange (1)"
2026-09-24 13:11:07,blue,WRONG COLOR DETECTED: red (1) | Waiting for BLUE,0,red (1)
2026-09-24 13:11:07,blue,WRONG COLOR DETECTED: red (1) | Waiting for BLUE,0,red (1)
2026-09-24 13:11:08,blue,WRONG COLOR DETECTED: orange (1) | Waiting for BLUE,0,orange (1)
2026-09-24 13:11:08,blue,CORRECT COLOR DETECTED: BLUE (1) | Wrong color(s): orange (1),1,orange (1)
2026-09-24 13:11:08,blue,CORRECT COLOR DETECTED: BLUE (1),1,
2026-09-24 13:11:08,blue,CORRECT COLOR DETECTED: BLUE (2),2,
2026-09-24 13:11:08,blue,CORRECT COLOR DETECTED: BLUE (2),2,
2026-09-24 13:11:08,blue,CORRECT COLOR DETECTED: BLUE (1),1,
2026-09-24 13:11:08,blue,CORRECT COLOR DETECTED: BLUE (1) | Wrong color(s): orange (1),1,orange (1)
2026-09-24 13:11:08,blue,CORRECT COLOR DETECTED: BLUE (1) | Wrong color(s): orange (2),1,orange (2)
2026-09-24 13:11:08,blue,CORRECT COLOR DETECTED: BLUE (1) | Wrong color(s): orange (1),1,orange (1)
2026-09-24 13:11:08,blue,CORRECT COLOR DETECTED: BLUE (1) | Wrong color(s): red (1),1,red (1)
2026-09-24 13:11:09,blue,CORRECT COLOR DETECTED: BLUE (1),1,
2026-09-24 13:11:10,blue,WRONG COLOR DETECTED: orange (1) | Waiting for BLUE,0,orange (1)
2026-09-24 13:11:10,blue,CORRECT COLOR DETECTED: BLUE (1) | Wrong color(s): orange (1),1,orange (1)
2026-09-24 13:11:10,blue,"WRONG COLOR DETECTED: red (1), orange (2) | Waiting for BLUE",0,"red (1), orange (2)"
2026-09-24 13:11:10,blue,WRONG COLOR DETECTED: orange (3) | Waiting for BLUE,0,orange (3)
2026-09-24 13:11:11,blue,CORRECT COLOR DETECTED: BLUE (1),1,
2026-09-24 13:11:11,blue,CORRECT COLOR DETECTED: BLUE (1) | Wrong color(s): orange (1),1,orange (1)
2026-09-24 13:11:11,blue,CORRECT COLOR DETECTED: BLUE (1),1,
2026-09-24 13:11:11,blue,CORRECT COLOR DETECTED: BLUE (1) | Wrong color(s): orange (1),1,orange (1)
2026-09-24 13:11:12,blue,CORRECT COLOR DETECTED: BLUE (1),1,
2026-09-24 13:11:14,blue,WRONG COLOR DETECTED: orange (1) | Waiting for BLUE,0,orange (1)
2026-09-24 13:11:15,blue,"WRONG COLOR DETECTED: red (1), yellow (1) | Waiting for BLUE",0,"red (1), yellow (1)"
2026-09-24 13:11:15,blue,WRONG COLOR DETECTED: yellow (1) | Waiting for BLUE,0,yellow (1)
2026-09-24 13:11:15,blue,"WRONG COLOR DETECTED: orange (1), yellow (1) | Waiting for BLUE",0,"orange (1), yellow (1)"
2026-09-24 13:11:15,blue,"WRONG COLOR DETECTED: red (1), orange (1) | Waiting for BLUE",0,"red (1), orange (1)"
2026-09-24 13:11:15,blue,WRONG COLOR DETECTED: yellow (1) | Waiting for BLUE,0,yellow (1)
2026-09-24 13:11:17,blue,"WRONG COLOR DETECTED: red (1), yellow (1) | Waiting for BLUE",0,"red (1), yellow (1)"
2026-09-24 13:11:17,blue,WRONG COLOR DETECTED: orange (1) | Waiting for BLUE,0,orange (1)
2026-09-24 13:11:17,blue,WRONG COLOR DETECTED: orange (1) | Waiting for BLUE,0,orange (1)
2026-09-24 13:11:18,blue,CORRECT COLOR DETECTED: BLUE (1),1,
2026-09-24 13:11:18,blue,CORRECT COLOR DETECTED: BLUE (1) | Wrong color(s): red (1),1,red (1)
2026-09-24 13:11:18,blue,CORRECT COLOR DETECTED: BLUE (1),1,
2026-09-24 13:11:18,blue,CORRECT COLOR DETECTED: BLUE (1) | Wrong color(s): red (1),1,red (1)
2026-09-24 13:11:18,blue,CORRECT COLOR DETECTED: BLUE (1),1,
2026-09-24 13:11:18,blue,WRONG COLOR DETECTED: red (1) | Waiting for BLUE,0,red (1)
2026-09-24 13:11:18,blue,"WRONG COLOR DETECTED: red (1), orange (1) | Waiting for BLUE",0,"red (1), orange (1)"
2026-09-24 13:11:18,blue,WRONG COLOR DETECTED: red (1) | Waiting for BLUE,0,red (1)
2026-09-24 13:11:20,blue,CORRECT COLOR DETECTED: BLUE (1) | Wrong color(s): orange (1),1,orange (1)
2026-09-24 13:11:20,blue,CORRECT COLOR DETECTED: BLUE (1),1,
2026-09-24 13:11:20,blue,CORRECT COLOR DETECTED: BLUE (1) | Wrong color(s): red (1),1,red (1)
2026-09-24 13:11:20,blue,WRONG COLOR DETECTED: red (1) | Waiting for BLUE,0,red (1)
2026-09-24 13:11:23,yellow,WRONG COLOR DETECTED: red (1) | Waiting for YELLOW,0,red (1)
2026-09-24 13:11:23,yellow,WRONG COLOR DETECTED: red (2) | Waiting for YELLOW,0,red (2)
2026-09-24 13:11:23,yellow,CORRECT COLOR DETECTED: YELLOW (1),1,
2026-09-24 13:11:24,yellow,CORRECT COLOR DETECTED: YELLOW (1) | Wrong color(s): red (1),1,red (1)
2026-09-24 13:11:24,yellow,CORRECT COLOR DETECTED: YELLOW (1),1,
2026-09-24 13:11:24,yellow,CORRECT COLOR DETECTED: YELLOW (1) | Wrong color(s): blue (1),1,blue (1)
2026-09-24 13:11:24,yellow,CORRECT COLOR DETECTED: YELLOW (1),1,
2026-09-24 13:11:24,yellow,CORRECT COLOR DETECTED: YELLOW (1) | Wrong color(s): blue (2),1,blue (2)
2026-09-24 13:11:25,yellow,CORRECT COLOR DETECTED: YELLOW (1) | Wrong color(s): blue (1),1,blue (1)
2026-09-24 13:11:25,yellow,"CORRECT COLOR DETECTED: YELLOW (1) | Wrong color(s): red (1), blue (1)",1,"red (1), blue (1)"
2026-09-24 13:11:25,yellow,CORRECT COLOR DETECTED: YELLOW (1) | Wrong color(s): blue (1),1,blue (1)
2026-09-24 13:11:25,yellow,"CORRECT COLOR DETECTED: YELLOW (1) | Wrong color(s): red (1), blue (1)",1,"red (1), blue (1)"
2026-09-24 13:11:25,yellow,CORRECT COLOR DETECTED: YELLOW (1) | Wrong color(s): blue (1),1,blue (1)
2026-09-24 13:11:25,yellow,"CORRECT COLOR DETECTED: YELLOW (1) | Wrong color(s): red (1), blue (1)",1,"red (1), blue (1)"
2026-09-24 13:11:25,yellow,CORRECT COLOR DETECTED: YELLOW (1) | Wrong color(s): blue (1),1,blue (1)
2026-09-24 13:11:25,yellow,CORRECT COLOR DETECTED: YELLOW (1),1,
2026-09-24 13:11:26,yellow,CORRECT COLOR DETECTED: YELLOW (1) | Wrong color(s): blue (1),1,blue (1)
2026-09-24 13:11:26,yellow,"CORRECT COLOR DETECTED: YELLOW (1) | Wrong color(s): red (1), blue (1)",1,"red (1), blue (1)"
2026-09-24 13:11:26,yellow,CORRECT COLOR DETECTED: YELLOW (1) | Wrong color(s): red (1),1,red (1)
2026-09-24 13:11:26,yellow,CORRECT COLOR DETECTED: YELLOW (1),1,
2026-09-24 13:11:26,yellow,CORRECT COLOR DETECTED: YELLOW (1) | Wrong color(s): red (1),1,red (1)
2026-09-24 13:11:26,yellow,CORRECT COLOR DETECTED: YELLOW (1),1,
2026-09-24 13:11:26,yellow,"CORRECT COLOR DETECTED: YELLOW (1) | Wrong color(s): red (1), orange (1)",1,"red (1), orange (1)"
2026-09-24 13:11:26,yellow,CORRECT COLOR DETECTED: YELLOW (1) | Wrong color(s): red (1),1,red (1)
2026-09-24 13:11:26,yellow,"CORRECT COLOR DETECTED: YELLOW (1) | Wrong color(s): red (1), orange (1)",1,"red (1), orange (1)"
2026-09-24 13:11:26,yellow,"CORRECT COLOR DETECTED: YELLOW (1) | Wrong color(s): red (1), blue (1)",1,"red (1), blue (1)"
2026-09-24 13:11:26,yellow,"WRONG COLOR DETECTED: red (1), orange (2) | Waiting for YELLOW",0,"red (1), orange (2)"
2026-09-24 13:11:27,yellow,"WRONG COLOR DETECTED: red (1), orange (1) | Waiting for YELLOW",0,"red (1), orange (1)"
2026-09-24 13:11:27,yellow,WRONG COLOR DETECTED: red (1) | Waiting for YELLOW,0,red (1)
2026-09-24 13:11:27,yellow,"WRONG COLOR DETECTED: red (1), blue (1) | Waiting for YELLOW",0,"red (1), blue (1)"
2026-09-24 13:11:27,yellow,WRONG COLOR DETECTED: red (1) | Waiting for YELLOW,0,red (1)
2026-09-24 13:11:27,yellow,"WRONG COLOR DETECTED: red (1), blue (1) | Waiting for YELLOW",0,"red (1), blue (1)"
2026-09-24 13:11:27,yellow,"WRONG COLOR DETECTED: red (1), orange (1), blue (1) | Waiting for YELLOW",0,"red (1), orange (1), blue (1)"
2026-09-24 13:11:27,yellow,"WRONG COLOR DETECTED: red (1), blue (1) | Waiting for YELLOW",0,"red (1), blue (1)"
2026-09-24 13:11:27,yellow,WRONG COLOR DETECTED: red (1) | Waiting for YELLOW,0,red (1)
2026-09-24 13:11:27,yellow,"WRONG COLOR DETECTED: red (1), orange (1) | Waiting for YELLOW",0,"red (1), orange (1)"
2026-09-24 13:11:27,yellow,WRONG COLOR DETECTED: red (1) | Waiting for YELLOW,0,red (1)
2026-09-24 13:11:29,yellow,WRONG COLOR DETECTED: blue (1) | Waiting for YELLOW,0,blue (1)
2026-09-24 13:11:29,yellow,"WRONG COLOR DETECTED: red (1), blue (1) | Waiting for YELLOW",0,"red (1), blue (1)"
2026-09-24 13:11:29,yellow,WRONG COLOR DETECTED: blue (1) | Waiting for YELLOW,0,blue (1)
2026-09-24 13:11:29,yellow,"WRONG COLOR DETECTED: red (1), blue (1) | Waiting for YELLOW",0,"red (1), blue (1)"
2026-09-24 13:11:29,yellow,WRONG COLOR DETECTED: blue (1) | Waiting for YELLOW,0,blue (1)
2026-09-24 13:11:29,yellow,WRONG COLOR DETECTED: orange (1) | Waiting for YELLOW,0,orange (1)
2026-09-24 13:11:30,yellow,WRONG COLOR DETECTED: red (1) | Waiting for YELLOW,0,red (1)
2026-09-24 13:11:30,yellow,WRONG COLOR DETECTED: orange (2) | Waiting for YELLOW,0,orange (2)
2026-09-24 13:11:30,yellow,"WRONG COLOR DETECTED: red (1), orange (2), blue (1) | Waiting for YELLOW",0,"red (1), orange (2), blue (1)"
2026-09-24 13:11:30,yellow,"WRONG COLOR DETECTED: orange (1), blue (1) | Waiting for YELLOW",0,"orange (1), blue (1)"
2026-09-24 13:11:30,yellow,WRONG COLOR DETECTED: orange (1) | Waiting for YELLOW,0,orange (1)
2026-09-24 13:11:31,yellow,WRONG COLOR DETECTED: orange (1) | Waiting for YELLOW,0,orange (1)
2026-09-24 13:11:32,yellow,WRONG COLOR DETECTED: orange (1) | Waiting for YELLOW,0,orange (1)
2026-09-24 13:11:32,yellow,"WRONG COLOR DETECTED: orange (2), green (1) | Waiting for YELLOW",0,"orange (2), green (1)"
2026-09-24 13:11:32,yellow,"WRONG COLOR DETECTED: orange (2), green (1), blue (1) | Waiting for YELLOW",0,"orange (2), green (1), blue (1)"
2026-09-24 13:11:32,yellow,"WRONG COLOR DETECTED: orange (2), green (1), blue (2) | Waiting for YELLOW",0,"orange (2), green (1), blue (2)"
2026-09-24 13:11:32,yellow,"WRONG COLOR DETECTED: green (1), blue (2) | Waiting for YELLOW",0,"green (1), blue (2)"
2026-09-24 13:11:32,yellow,"WRONG COLOR DETECTED: green (1), blue (1) | Waiting for YELLOW",0,"green (1), blue (1)"
2026-09-24 13:11:32,yellow,WRONG COLOR DETECTED: green (1) | Waiting for YELLOW,0,green (1)
2026-09-24 13:11:34,yellow,"WRONG COLOR DETECTED: orange (1), green (1) | Waiting for YELLOW",0,"orange (1), green (1)"
2026-09-24 13:11:34,yellow,WRONG COLOR DETECTED: green (1) | Waiting for YELLOW,0,green (1)
2026-09-24 13:11:34,yellow,"WRONG COLOR DETECTED: orange (1), green (1) | Waiting for YELLOW",0,"orange (1), green (1)"
2026-09-24 13:11:34,yellow,WRONG COLOR DETECTED: orange (1) | Waiting for YELLOW,0,orange (1)
2026-09-24 13:11:34,yellow,WRONG COLOR DETECTED: green (1) | Waiting for YELLOW,0,green (1)
2026-09-24 13:11:34,yellow,"WRONG COLOR DETECTED: orange (1), green (1) | Waiting for YELLOW",0,"orange (1), green (1)"
2026-09-24 13:11:34,yellow,WRONG COLOR DETECTED: blue (1) | Waiting for YELLOW,0,blue (1)
2026-09-24 13:11:34,yellow,"WRONG COLOR DETECTED: orange (1), blue (1) | Waiting for YELLOW",0,"orange (1), blue (1)"
2026-09-24 13:11:34,yellow,WRONG COLOR DETECTED: blue (1) | Waiting for YELLOW,0,blue (1)
2026-09-24 13:11:35,yellow,"WRONG COLOR DETECTED: orange (1), blue (1) | Waiting for YELLOW",0,"orange (1), blue (1)"
2026-09-24 13:11:35,yellow,WRONG COLOR DETECTED: blue (1) | Waiting for YELLOW,0,blue (1)
2026-09-24 13:11:37,yellow,"WRONG COLOR DETECTED: orange (2), blue (1) | Waiting for YELLOW",0,"orange (2), blue (1)"
2026-09-24 13:11:37,yellow,"WRONG COLOR DETECTED: orange (1), blue (1) | Waiting for YELLOW",0,"orange (1), blue (1)"
2026-09-24 13:11:37,yellow,WRONG COLOR DETECTED: blue (1) | Waiting for YELLOW,0,blue (1)
2026-09-24 13:11:37,yellow,WRONG COLOR DETECTED: orange (1) | Waiting for YELLOW,0,orange (1)
2026-09-24 13:11:37,yellow,WRONG COLOR DETECTED: red (1) | Waiting for YELLOW,0,red (1)
2026-09-24 13:11:37,yellow,WRONG COLOR DETECTED: orange (1) | Waiting for YELLOW,0,orange (1)
2026-09-24 13:11:37,yellow,"WRONG COLOR DETECTED: red (1), orange (1) | Waiting for YELLOW",0,"red (1), orange (1)"
2026-09-24 13:11:37,yellow,WRONG COLOR DETECTED: orange (1) | Waiting for YELLOW,0,orange (1)
2026-09-24 13:11:38,yellow,CORRECT COLOR DETECTED: YELLOW (1),1,
2026-09-24 13:11:40,yellow,WRONG COLOR DETECTED: red (1) | Waiting for YELLOW,0,red (1)
2026-09-24 13:11:40,yellow,WRONG COLOR DETECTED: orange (1) | Waiting for YELLOW,0,orange (1)
2026-09-24 13:11:41,yellow,WRONG COLOR DETECTED: orange (1) | Waiting for YELLOW,0,orange (1)
2026-09-24 13:11:41,yellow,WRONG COLOR DETECTED: orange (1) | Waiting for YELLOW,0,orange (1)
2026-09-24 13:11:42,yellow,WRONG COLOR DETECTED: red (1) | Waiting for YELLOW,0,red (1)
2026-09-24 13:11:42,yellow,"WRONG COLOR DETECTED: red (1), orange (1) | Waiting for YELLOW",0,"red (1), orange (1)"
2026-09-24 13:11:42,yellow,CORRECT COLOR DETECTED: YELLOW (1),1,
2026-09-24 13:11:43,yellow,CORRECT COLOR DETECTED: YELLOW (1),1,
2026-09-24 13:11:43,yellow,CORRECT COLOR DETECTED: YELLOW (1),1,
2026-09-24 13:11:43,yellow,CORRECT COLOR DETECTED: YELLOW (1),1,
2026-09-24 13:11:43,yellow,CORRECT COLOR DETECTED: YELLOW (1),1,
2026-09-24 13:11:44,yellow,CORRECT COLOR DETECTED: YELLOW (1),1,
2026-09-24 13:11:44,yellow,CORRECT COLOR DETECTED: YELLOW (1) | Wrong color(s): orange (1),1,orange (1)
2026-09-24 13:11:44,yellow,CORRECT COLOR DETECTED: YELLOW (1),1,
2026-09-24 13:11:44,yellow,CORRECT COLOR DETECTED: YELLOW (1) | Wrong color(s): orange (1),1,orange (1)
2026-09-24 13:11:44,yellow,CORRECT COLOR DETECTED: YELLOW (1),1,
2026-09-24 13:11:44,yellow,CORRECT COLOR DETECTED: YELLOW (1) | Wrong color(s): orange (1),1,orange (1)
2026-09-24 13:11:44,yellow,CORRECT COLOR DETECTED: YELLOW (1),1,
2026-09-24 13:11:44,yellow,CORRECT COLOR DETECTED: YELLOW (1) | Wrong color(s): orange (1),1,orange (1)
2026-09-24 13:11:45,yellow,CORRECT COLOR DETECTED: YELLOW (1),1,
2026-09-24 13:11:47,yellow,CORRECT COLOR DETECTED: YELLOW (1) | Wrong color(s): orange (1),1,orange (1)
2026-09-24 13:11:47,yellow,CORRECT COLOR DETECTED: YELLOW (1),1,
2026-09-24 13:11:48,yellow,CORRECT COLOR DETECTED: YELLOW (1) | Wrong color(s): orange (1),1,orange (1)
2026-09-24 13:11:48,yellow,CORRECT COLOR DETECTED: YELLOW (1) | Wrong color(s): red (1),1,red (1)
2026-09-24 13:11:48,yellow,CORRECT COLOR DETECTED: YELLOW (1),1,
2026-09-24 13:11:48,yellow,WRONG COLOR DETECTED: red (1) | Waiting for YELLOW,0,red (1)
2026-09-24 13:11:49,yellow,WRONG COLOR DETECTED: red (1) | Waiting for YELLOW,0,red (1)
2026-09-24 13:11:49,yellow,WRONG COLOR DETECTED: orange (1) | Waiting for YELLOW,0,orange (1)
2026-09-24 13:11:49,yellow,CORRECT COLOR DETECTED: YELLOW (1),1,
2026-09-24 13:11:50,yellow,CORRECT COLOR DETECTED: YELLOW (1) | Wrong color(s): orange (1),1,orange (1)
2026-09-24 13:11:50,yellow,WRONG COLOR DETECTED: red (1) | Waiting for YELLOW,0,red (1)
2026-09-24 13:11:50,yellow,CORRECT COLOR DETECTED: YELLOW (1),1,
2026-09-24 13:11:50,yellow,WRONG COLOR DETECTED: orange (1) | Waiting for YELLOW,0,orange (1)
2026-09-24 13:11:51,yellow,WRONG COLOR DETECTED: orange (1) | Waiting for YELLOW,0,orange (1)
2026-09-24 13:11:51,yellow,WRONG COLOR DETECTED: orange (1) | Waiting for YELLOW,0,orange (1)
2026-09-24 13:11:51,yellow,CORRECT COLOR DETECTED: YELLOW (1) | Wrong color(s): orange (1),1,orange (1)
2026-09-24 13:11:51,yellow,CORRECT COLOR DETECTED: YELLOW (1),1,
2026-09-24 13:11:51,yellow,WRONG COLOR DETECTED: orange (1) | Waiting for YELLOW,0,orange (1)
2026-09-24 13:11:51,yellow,WRONG COLOR DETECTED: orange (1) | Waiting for YELLOW,0,orange (1)
2026-09-24 13:11:51,yellow,WRONG COLOR DETECTED: orange (1) | Waiting for YELLOW,0,orange (1)
2026-09-24 13:11:52,yellow,CORRECT COLOR DETECTED: YELLOW (1) | Wrong color(s): orange (1),1,orange (1)
2026-09-24 13:11:52,yellow,"CORRECT COLOR DETECTED: YELLOW (1) | Wrong color(s): red (1), orange (1)",1,"red (1), orange (1)"
2026-09-24 13:11:52,yellow,CORRECT COLOR DETECTED: YELLOW (1) | Wrong color(s): red (1),1,red (1)
2026-09-24 13:11:52,yellow,"CORRECT COLOR DETECTED: YELLOW (1) | Wrong color(s): red (1), orange (1)",1,"red (1), orange (1)"
2026-09-24 13:11:52,yellow,"CORRECT COLOR DETECTED: YELLOW (1) | Wrong color(s): red (1), orange (2)",1,"red (1), orange (2)"
2026-09-24 13:11:53,yellow,"WRONG COLOR DETECTED: red (1), orange (2) | Waiting for YELLOW",0,"red (1), orange (2)"
2026-09-24 13:11:53,yellow,WRONG COLOR DETECTED: orange (2) | Waiting for YELLOW,0,orange (2)
2026-09-24 13:11:53,yellow,WRONG COLOR DETECTED: red (1) | Waiting for YELLOW,0,red (1)
2026-09-24 13:11:53,yellow,CORRECT COLOR DETECTED: YELLOW (1) | Wrong color(s): red (1),1,red (1)
2026-09-24 13:11:53,yellow,"CORRECT COLOR DETECTED: YELLOW (1) | Wrong color(s): red (1), blue (1)",1,"red (1), blue (1)"
2026-09-24 13:11:53,yellow,"CORRECT COLOR DETECTED: YELLOW (1) | Wrong color(s): red (1), blue (2)",1,"red (1), blue (2)"
2026-09-24 13:11:53,yellow,"CORRECT COLOR DETECTED: YELLOW (1) | Wrong color(s): red (1), blue (1)",1,"red (1), blue (1)"
2026-09-24 13:11:53,yellow,"CORRECT COLOR DETECTED: YELLOW (1) | Wrong color(s): red (1), blue (2)",1,"red (1), blue (2)"
2026-09-24 13:11:53,yellow,WRONG COLOR DETECTED: blue (1) | Waiting for YELLOW,0,blue (1)
2026-09-24 13:11:54,yellow,CORRECT COLOR DETECTED: YELLOW (1) | Wrong color(s): red (1),1,red (1)
2026-09-24 13:11:54,yellow,CORRECT COLOR DETECTED: YELLOW (1),1,
2026-09-24 13:11:54,yellow,WRONG COLOR DETECTED: orange (1) | Waiting for YELLOW,0,orange (1)
2026-09-24 13:11:55,yellow,WRONG COLOR DETECTED: orange (1) | Waiting for YELLOW,0,orange (1)
2026-09-24 13:11:55,yellow,WRONG COLOR DETECTED: red (1) | Waiting for YELLOW,0,red (1)
2026-09-24 13:11:55,yellow,"WRONG COLOR DETECTED: red (1), orange (1) | Waiting for YELLOW",0,"red (1), orange (1)"
2026-09-24 13:11:55,yellow,WRONG COLOR DETECTED: red (1) | Waiting for YELLOW,0,red (1)
2026-09-24 13:11:57,yellow,"WRONG COLOR DETECTED: red (1), orange (1) | Waiting for YELLOW",0,"red (1), orange (1)"
2026-09-24 13:11:57,yellow,WRONG COLOR DETECTED: red (1) | Waiting for YELLOW,0,red (1)
2026-09-24 13:11:57,yellow,"WRONG COLOR DETECTED: red (1), orange (1) | Waiting for YELLOW",0,"red (1), orange (1)"
2026-09-24 13:11:57,yellow,WRONG COLOR DETECTED: red (1) | Waiting for YELLOW,0,red (1)
2026-09-24 13:11:57,yellow,"WRONG COLOR DETECTED: red (1), orange (1) | Waiting for YELLOW",0,"red (1), orange (1)"
2026-09-24 13:11:58,yellow,WRONG COLOR DETECTED: red (1) | Waiting for YELLOW,0,red (1)
2026-09-24 13:12:02,yellow,"WRONG COLOR DETECTED: red (1), orange (1) | Waiting for YELLOW",0,"red (1), orange (1)"
2026-09-24 13:12:02,yellow,WRONG COLOR DETECTED: red (1) | Waiting for YELLOW,0,red (1)
2026-09-24 13:12:02,yellow,"WRONG COLOR DETECTED: red (1), orange (1) | Waiting for YELLOW",0,"red (1), orange (1)"
2026-09-24 13:12:02,yellow,WRONG COLOR DETECTED: red (1) | Waiting for YELLOW,0,red (1)
2026-09-24 13:12:04,yellow,"WRONG COLOR DETECTED: red (1), orange (1) | Waiting for YELLOW",0,"red (1), orange (1)"
2026-09-24 13:12:04,yellow,WRONG COLOR DETECTED: red (1) | Waiting for YELLOW,0,red (1)
2026-09-24 13:12:04,yellow,"WRONG COLOR DETECTED: red (1), orange (1) | Waiting for YELLOW",0,"red (1), orange (1)"
2026-09-24 13:12:04,yellow,"WRONG COLOR DETECTED: red (1), orange (2) | Waiting for YELLOW",0,"red (1), orange (2)"
2026-09-24 13:12:05,yellow,"WRONG COLOR DETECTED: red (1), orange (1) | Waiting for YELLOW",0,"red (1), orange (1)"
2026-09-24 13:12:05,yellow,WRONG COLOR DETECTED: red (1) | Waiting for YELLOW,0,red (1)
2026-09-24 13:12:05,yellow,"WRONG COLOR DETECTED: red (1), orange (1) | Waiting for YELLOW",0,"red (1), orange (1)"
2026-09-24 13:12:05,yellow,WRONG COLOR DETECTED: red (1) | Waiting for YELLOW,0,red (1)
2026-09-24 13:12:06,yellow,"WRONG COLOR DETECTED: red (1), orange (1) | Waiting for YELLOW",0,"red (1), orange (1)"
2026-09-24 13:12:06,yellow,WRONG COLOR DETECTED: red (1) | Waiting for YELLOW,0,red (1)
2026-09-24 13:12:06,yellow,"WRONG COLOR DETECTED: red (1), orange (1) | Waiting for YELLOW",0,"red (1), orange (1)"
2026-09-24 13:12:06,yellow,WRONG COLOR DETECTED: red (1) | Waiting for YELLOW,0,red (1)
2026-09-24 13:12:07,yellow,WRONG COLOR DETECTED: red (1) | Waiting for YELLOW,0,red (1)
2026-09-24 13:12:07,yellow,"WRONG COLOR DETECTED: red (1), orange (1) | Waiting for YELLOW",0,"red (1), orange (1)"
2026-09-24 13:12:07,yellow,WRONG COLOR DETECTED: red (1) | Waiting for YELLOW,0,red (1)
2026-09-24 13:12:07,yellow,WRONG COLOR DETECTED: red (1) | Waiting for YELLOW,0,red (1)
2026-09-24 13:12:08,yellow,"WRONG COLOR DETECTED: red (1), orange (1) | Waiting for YELLOW",0,"red (1), orange (1)"
2026-09-24 13:12:08,yellow,WRONG COLOR DETECTED: red (1) | Waiting for YELLOW,0,red (1)
2026-09-24 13:12:08,yellow,WRONG COLOR DETECTED: red (1) | Waiting for YELLOW,0,red (1)
2026-09-24 13:12:08,yellow,WRONG COLOR DETECTED: red (1) | Waiting for YELLOW,0,red (1)
2026-09-24 13:12:09,yellow,WRONG COLOR DETECTED: red (1) | Waiting for YELLOW,0,red (1)
2026-09-24 13:12:10,yellow,"WRONG COLOR DETECTED: red (1), orange (1) | Waiting for YELLOW",0,"red (1), orange (1)"
2026-09-24 13:12:10,yellow,WRONG COLOR DETECTED: red (1) | Waiting for YELLOW,0,red (1)
2026-09-24 13:12:10,orange,WRONG COLOR DETECTED: red (1) | Waiting for ORANGE,0,red (1)
2026-09-24 13:12:10,orange,CORRECT COLOR DETECTED: ORANGE (1) | Wrong color(s): red (1),1,red (1)
2026-09-24 13:12:10,orange,WRONG COLOR DETECTED: red (1) | Waiting for ORANGE,0,red (1)
2026-09-24 13:12:10,orange,WRONG COLOR DETECTED: red (1) | Waiting for ORANGE,0,red (1)
2026-09-24 13:12:11,orange,CORRECT COLOR DETECTED: ORANGE (2) | Wrong color(s): red (1),2,red (1)
2026-09-24 13:12:12,orange,WRONG COLOR DETECTED: red (1) | Waiting for ORANGE,0,red (1)
2026-09-24 13:12:12,orange,"WRONG COLOR DETECTED: red (1), blue (1) | Waiting for ORANGE",0,"red (1), blue (1)"
2026-09-24 13:12:12,orange,"CORRECT COLOR DETECTED: ORANGE (1) | Wrong color(s): red (1), blue (1)",1,"red (1), blue (1)"
2026-09-24 13:12:12,orange,"WRONG COLOR DETECTED: red (2), blue (1) | Waiting for ORANGE",0,"red (2), blue (1)"
2026-09-24 13:12:12,orange,"CORRECT COLOR DETECTED: ORANGE (1) | Wrong color(s): red (2), blue (1)",1,"red (2), blue (1)"
2026-09-24 13:12:13,orange,"WRONG COLOR DETECTED: red (2), blue (1) | Waiting for ORANGE",0,"red (2), blue (1)"
2026-09-24 13:12:13,orange,WRONG COLOR DETECTED: red (2) | Waiting for ORANGE,0,red (2)
2026-09-24 13:12:13,orange,WRONG COLOR DETECTED: red (1) | Waiting for ORANGE,0,red (1)
2026-09-24 13:12:13,orange,WRONG COLOR DETECTED: red (2) | Waiting for ORANGE,0,red (2)
2026-09-24 13:12:13,orange,WRONG COLOR DETECTED: red (1) | Waiting for ORANGE,0,red (1)
2026-09-24 13:12:13,orange,WRONG COLOR DETECTED: red (2) | Waiting for ORANGE,0,red (2)
2026-09-24 13:12:13,orange,WRONG COLOR DETECTED: red (1) | Waiting for ORANGE,0,red (1)
2026-09-24 13:12:14,orange,WRONG COLOR DETECTED: red (2) | Waiting for ORANGE,0,red (2)
2026-09-24 13:12:14,orange,WRONG COLOR DETECTED: red (1) | Waiting for ORANGE,0,red (1)
2026-09-24 13:12:14,orange,WRONG COLOR DETECTED: red (1) | Waiting for ORANGE,0,red (1)
2026-09-24 13:12:15,orange,CORRECT COLOR DETECTED: ORANGE (1) | Wrong color(s): red (1),1,red (1)
2026-09-24 13:12:15,orange,WRONG COLOR DETECTED: red (1) | Waiting for ORANGE,0,red (1)
2026-09-24 13:12:16,orange,WRONG COLOR DETECTED: red (1) | Waiting for ORANGE,0,red (1)
2026-09-24 13:12:17,orange,WRONG COLOR DETECTED: red (1) | Waiting for ORANGE,0,red (1)
2026-09-24 13:12:17,orange,CORRECT COLOR DETECTED: ORANGE (1) | Wrong color(s): red (1),1,red (1)
2026-09-24 13:12:17,orange,WRONG COLOR DETECTED: red (1) | Waiting for ORANGE,0,red (1)
2026-09-24 13:12:17,orange,WRONG COLOR DETECTED: red (2) | Waiting for ORANGE,0,red (2)
2026-09-24 13:12:17,orange,CORRECT COLOR DETECTED: ORANGE (1),1,
2026-09-24 13:12:17,orange,CORRECT COLOR DETECTED: ORANGE (1) | Wrong color(s): red (1),1,red (1)
2026-09-24 13:12:17,orange,WRONG COLOR DETECTED: red (1) | Waiting for ORANGE,0,red (1)
2026-09-24 13:12:17,orange,CORRECT COLOR DETECTED: ORANGE (1),1,
2026-09-24 13:12:18,orange,WRONG COLOR DETECTED: red (1) | Waiting for ORANGE,0,red (1)
2026-09-24 13:12:18,orange,CORRECT COLOR DETECTED: ORANGE (1),1,
2026-09-24 13:12:18,orange,WRONG COLOR DETECTED: red (1) | Waiting for ORANGE,0,red (1)
2026-09-24 13:12:18,orange,CORRECT COLOR DETECTED: ORANGE (1) | Wrong color(s): red (2),1,red (2)
2026-09-24 13:12:18,orange,WRONG COLOR DETECTED: red (1) | Waiting for ORANGE,0,red (1)
2026-09-24 13:12:18,orange,WRONG COLOR DETECTED: red (1) | Waiting for ORANGE,0,red (1)
2026-09-24 13:12:19,orange,CORRECT COLOR DETECTED: ORANGE (1) | Wrong color(s): red (1),1,red (1)
2026-09-24 13:12:19,orange,WRONG COLOR DETECTED: red (1) | Waiting for ORANGE,0,red (1)
2026-09-24 13:12:19,orange,WRONG COLOR DETECTED: red (1) | Waiting for ORANGE,0,red (1)
2026-09-24 13:12:19,orange,WRONG COLOR DETECTED: red (1) | Waiting for ORANGE,0,red (1)
2026-09-24 13:12:19,orange,WRONG COLOR DETECTED: red (2) | Waiting for ORANGE,0,red (2)
2026-09-24 13:12:19,orange,WRONG COLOR DETECTED: red (1) | Waiting for ORANGE,0,red (1)
2026-09-24 13:12:19,orange,WRONG COLOR DETECTED: red (1) | Waiting for ORANGE,0,red (1)
2026-09-24 13:12:20,orange,WRONG COLOR DETECTED: red (1) | Waiting for ORANGE,0,red (1)
2026-09-24 13:12:21,orange,CORRECT COLOR DETECTED: ORANGE (1),1,
2026-09-24 13:12:21,orange,CORRECT COLOR DETECTED: ORANGE (1) | Wrong color(s): red (1),1,red (1)
2026-09-24 13:12:21,orange,WRONG COLOR DETECTED: red (1) | Waiting for ORANGE,0,red (1)
2026-09-24 13:12:21,orange,CORRECT COLOR DETECTED: ORANGE (1) | Wrong color(s): red (1),1,red (1)
2026-09-24 13:12:21,orange,WRONG COLOR DETECTED: red (1) | Waiting for ORANGE,0,red (1)
2026-09-24 13:12:22,orange,CORRECT COLOR DETECTED: ORANGE (1),1,
2026-09-24 13:12:22,orange,CORRECT COLOR DETECTED: ORANGE (2) | Wrong color(s): red (1),2,red (1)
2026-09-24 13:12:22,orange,WRONG COLOR DETECTED: red (1) | Waiting for ORANGE,0,red (1)
2026-09-24 13:12:22,orange,CORRECT COLOR DETECTED: ORANGE (1),1,
2026-09-24 13:12:22,orange,CORRECT COLOR DETECTED: ORANGE (1),1,
2026-09-24 13:12:22,orange,WRONG COLOR DETECTED: red (1) | Waiting for ORANGE,0,red (1)
2026-09-24 13:12:23,orange,WRONG COLOR DETECTED: red (1) | Waiting for ORANGE,0,red (1)
2026-09-24 13:12:23,orange,CORRECT COLOR DETECTED: ORANGE (1),1,
2026-09-24 13:12:23,orange,WRONG COLOR DETECTED: red (1) | Waiting for ORANGE,0,red (1)
2026-09-24 13:12:23,orange,WRONG COLOR DETECTED: red (1) | Waiting for ORANGE,0,red (1)
2026-09-24 13:12:24,orange,WRONG COLOR DETECTED: red (1) | Waiting for ORANGE,0,red (1)
2026-09-24 13:12:24,orange,CORRECT COLOR DETECTED: ORANGE (1),1,
2026-09-24 13:12:24,orange,CORRECT COLOR DETECTED: ORANGE (1),1,
2026-09-24 13:12:24,orange,CORRECT COLOR DETECTED: ORANGE (1),1,
2026-09-24 13:12:25,orange,WRONG COLOR DETECTED: blue (1) | Waiting for ORANGE,0,blue (1)
2026-09-24 13:12:25,orange,WRONG COLOR DETECTED: blue (1) | Waiting for ORANGE,0,blue (1)
2026-09-24 13:12:25,orange,CORRECT COLOR DETECTED: ORANGE (1) | Wrong color(s): blue (2),1,blue (2)
2026-09-24 13:12:25,orange,WRONG COLOR DETECTED: blue (1) | Waiting for ORANGE,0,blue (1)
2026-09-24 13:12:25,orange,"WRONG COLOR DETECTED: red (1), blue (1) | Waiting for ORANGE",0,"red (1), blue (1)"
2026-09-24 13:12:25,orange,WRONG COLOR DETECTED: red (1) | Waiting for ORANGE,0,red (1)
2026-09-24 13:12:25,orange,WRONG COLOR DETECTED: red (2) | Waiting for ORANGE,0,red (2)
2026-09-24 13:12:25,orange,WRONG COLOR DETECTED: red (1) | Waiting for ORANGE,0,red (1)
2026-09-24 13:12:26,orange,WRONG COLOR DETECTED: red (1) | Waiting for ORANGE,0,red (1)
2026-09-24 13:12:26,orange,WRONG COLOR DETECTED: red (2) | Waiting for ORANGE,0,red (2)
2026-09-24 13:12:27,orange,CORRECT COLOR DETECTED: ORANGE (1) | Wrong color(s): red (2),1,red (2)
2026-09-24 13:12:27,orange,WRONG COLOR DETECTED: red (2) | Waiting for ORANGE,0,red (2)
2026-09-24 13:12:27,orange,CORRECT COLOR DETECTED: ORANGE (1) | Wrong color(s): red (2),1,red (2)
2026-09-24 13:12:27,orange,CORRECT COLOR DETECTED: ORANGE (2) | Wrong color(s): red (2),2,red (2)
2026-09-24 13:12:27,orange,CORRECT COLOR DETECTED: ORANGE (1) | Wrong color(s): red (2),1,red (2)
2026-09-24 13:12:27,orange,WRONG COLOR DETECTED: red (2) | Waiting for ORANGE,0,red (2)
2026-09-24 13:12:27,orange,CORRECT COLOR DETECTED: ORANGE (1) | Wrong color(s): red (2),1,red (2)
2026-09-24 13:12:27,orange,WRONG COLOR DETECTED: red (2) | Waiting for ORANGE,0,red (2)
2026-09-24 13:12:28,orange,WRONG COLOR DETECTED: red (1) | Waiting for ORANGE,0,red (1)
2026-09-24 13:12:28,orange,WRONG COLOR DETECTED: red (2) | Waiting for ORANGE,0,red (2)
2026-09-24 13:12:28,orange,CORRECT COLOR DETECTED: ORANGE (2) | Wrong color(s): red (2),2,red (2)
2026-09-24 13:12:28,orange,CORRECT COLOR DETECTED: ORANGE (1) | Wrong color(s): red (2),1,red (2)
2026-09-24 13:12:28,orange,WRONG COLOR DETECTED: red (1) | Waiting for ORANGE,0,red (1)
2026-09-24 13:12:29,orange,CORRECT COLOR DETECTED: ORANGE (1),1,
2026-09-24 13:12:29,orange,WRONG COLOR DETECTED: red (1) | Waiting for ORANGE,0,red (1)
2026-09-24 13:12:29,orange,CORRECT COLOR DETECTED: ORANGE (1) | Wrong color(s): red (2),1,red (2)
2026-09-24 13:12:29,orange,CORRECT COLOR DETECTED: ORANGE (1) | Wrong color(s): red (1),1,red (1)
2026-09-24 13:12:29,orange,WRONG COLOR DETECTED: red (1) | Waiting for ORANGE,0,red (1)
2026-09-24 13:12:29,orange,CORRECT COLOR DETECTED: ORANGE (1) | Wrong color(s): red (1),1,red (1)
2026-09-24 13:12:29,orange,CORRECT COLOR DETECTED: ORANGE (1) | Wrong color(s): red (2),1,red (2)
2026-09-24 13:12:29,orange,WRONG COLOR DETECTED: red (1) | Waiting for ORANGE,0,red (1)
2026-09-24 13:12:29,orange,WRONG COLOR DETECTED: red (2) | Waiting for ORANGE,0,red (2)
2026-09-24 13:12:29,orange,CORRECT COLOR DETECTED: ORANGE (1) | Wrong color(s): red (2),1,red (2)
2026-09-24 13:12:29,orange,WRONG COLOR DETECTED: red (2) | Waiting for ORANGE,0,red (2)
2026-09-24 13:12:30,orange,CORRECT COLOR DETECTED: ORANGE (1) | Wrong color(s): red (1),1,red (1)
2026-09-24 13:12:30,orange,WRONG COLOR DETECTED: red (2) | Waiting for ORANGE,0,red (2)
2026-09-24 13:12:30,orange,WRONG COLOR DETECTED: red (1) | Waiting for ORANGE,0,red (1)
2026-09-24 13:12:30,orange,WRONG COLOR DETECTED: red (2) | Waiting for ORANGE,0,red (2)
2026-09-24 13:12:31,orange,WRONG COLOR DETECTED: red (1) | Waiting for ORANGE,0,red (1)
2026-09-24 13:12:31,orange,CORRECT COLOR DETECTED: ORANGE (1) | Wrong color(s): red (1),1,red (1)
2026-09-24 13:12:31,orange,WRONG COLOR DETECTED: red (1) | Waiting for ORANGE,0,red (1)
2026-09-24 13:12:31,orange,WRONG COLOR DETECTED: red (2) | Waiting for ORANGE,0,red (2)
2026-09-24 13:12:31,orange,WRONG COLOR DETECTED: red (1) | Waiting for ORANGE,0,red (1)
2026-09-24 13:12:31,orange,WRONG COLOR DETECTED: red (2) | Waiting for ORANGE,0,red (2)
2026-09-24 13:12:31,orange,WRONG COLOR DETECTED: red (1) | Waiting for ORANGE,0,red (1)
2026-09-24 13:12:31,orange,WRONG COLOR DETECTED: red (2) | Waiting for ORANGE,0,red (2)
2026-09-24 13:12:32,orange,WRONG COLOR DETECTED: red (1) | Waiting for ORANGE,0,red (1)
2026-09-24 13:12:32,orange,WRONG COLOR DETECTED: red (1) | Waiting for ORANGE,0,red (1)
2026-09-24 13:12:32,orange,WRONG COLOR DETECTED: red (2) | Waiting for ORANGE,0,red (2)
2026-09-24 13:12:33,orange,WRONG COLOR DETECTED: red (1) | Waiting for ORANGE,0,red (1)
2026-09-24 13:12:33,orange,CORRECT COLOR DETECTED: ORANGE (1) | Wrong color(s): red (1),1,red (1)
2026-09-24 13:12:33,orange,WRONG COLOR DETECTED: red (1) | Waiting for ORANGE,0,red (1)
2026-09-24 13:12:33,orange,CORRECT COLOR DETECTED: ORANGE (1) | Wrong color(s): red (1),1,red (1)
2026-09-24 13:12:33,orange,CORRECT COLOR DETECTED: ORANGE (2) | Wrong color(s): red (1),2,red (1)
2026-09-24 13:12:33,orange,CORRECT COLOR DETECTED: ORANGE (1),1,
2026-09-24 13:12:33,orange,CORRECT COLOR DETECTED: ORANGE (2),2,
2026-09-24 13:12:33,orange,CORRECT COLOR DETECTED: ORANGE (1),1,
2026-09-24 13:12:34,orange,CORRECT COLOR DETECTED: ORANGE (2),2,
2026-09-24 13:12:34,orange,CORRECT COLOR DETECTED: ORANGE (1),1,
2026-09-24 13:12:34,orange,CORRECT COLOR DETECTED: ORANGE (2),2,
2026-09-24 13:12:34,orange,CORRECT COLOR DETECTED: ORANGE (1),1,
2026-09-24 13:12:34,orange,CORRECT COLOR DETECTED: ORANGE (2),2,
2026-09-24 13:12:34,orange,WRONG COLOR DETECTED: red (1) | Waiting for ORANGE,0,red (1)
2026-09-24 13:12:34,orange,WRONG COLOR DETECTED: red (2) | Waiting for ORANGE,0,red (2)
2026-09-24 13:12:34,orange,CORRECT COLOR DETECTED: ORANGE (1) | Wrong color(s): red (2),1,red (2)
2026-09-24 13:12:34,orange,CORRECT COLOR DETECTED: ORANGE (2) | Wrong color(s): red (2),2,red (2)
2026-09-24 13:12:35,orange,WRONG COLOR DETECTED: red (1) | Waiting for ORANGE,0,red (1)
2026-09-24 13:12:35,orange,CORRECT COLOR DETECTED: ORANGE (1) | Wrong color(s): red (1),1,red (1)
2026-09-24 13:12:35,orange,WRONG COLOR DETECTED: red (1) | Waiting for ORANGE,0,red (1)
2026-09-24 13:12:35,orange,CORRECT COLOR DETECTED: ORANGE (1) | Wrong color(s): red (1),1,red (1)
2026-09-24 13:12:35,orange,WRONG COLOR DETECTED: red (1) | Waiting for ORANGE,0,red (1)
2026-09-24 13:12:35,orange,CORRECT COLOR DETECTED: ORANGE (1) | Wrong color(s): red (1),1,red (1)
2026-09-24 13:12:35,orange,WRONG COLOR DETECTED: red (1) | Waiting for ORANGE,0,red (1)
2026-09-24 13:12:36,orange,CORRECT COLOR DETECTED: ORANGE (1) | Wrong color(s): red (1),1,red (1)
2026-09-24 13:12:36,orange,WRONG COLOR DETECTED: red (1) | Waiting for ORANGE,0,red (1)
2026-09-24 13:12:36,orange,CORRECT COLOR DETECTED: ORANGE (1) | Wrong color(s): red (1),1,red (1)
2026-09-24 13:12:36,orange,WRONG COLOR DETECTED: red (1) | Waiting for ORANGE,0,red (1)
2026-09-24 13:12:36,orange,CORRECT COLOR DETECTED: ORANGE (1) | Wrong color(s): red (1),1,red (1)
2026-09-24 13:12:36,orange,WRONG COLOR DETECTED: red (1) | Waiting for ORANGE,0,red (1)
2026-09-24 13:12:37,orange,WRONG COLOR DETECTED: red (2) | Waiting for ORANGE,0,red (2)
2026-09-24 13:12:37,orange,WRONG COLOR DETECTED: red (1) | Waiting for ORANGE,0,red (1)
2026-09-24 13:12:38,orange,WRONG COLOR DETECTED: red (2) | Waiting for ORANGE,0,red (2)
2026-09-24 13:12:38,orange,CORRECT COLOR DETECTED: ORANGE (1) | Wrong color(s): red (3),1,red (3)
2026-09-24 13:12:38,orange,WRONG COLOR DETECTED: red (2) | Waiting for ORANGE,0,red (2)
2026-09-24 13:12:38,orange,WRONG COLOR DETECTED: red (1) | Waiting for ORANGE,0,red (1)
2026-09-24 13:12:38,orange,CORRECT COLOR DETECTED: ORANGE (1) | Wrong color(s): red (1),1,red (1)
2026-09-24 13:12:38,orange,WRONG COLOR DETECTED: red (1) | Waiting for ORANGE,0,red (1)
2026-09-24 13:12:38,orange,CORRECT COLOR DETECTED: ORANGE (1) | Wrong color(s): red (1),1,red (1)
2026-09-24 13:12:38,orange,CORRECT COLOR DETECTED: ORANGE (2) | Wrong color(s): red (1),2,red (1)
2026-09-24 13:12:38,orange,CORRECT COLOR DETECTED: ORANGE (1) | Wrong color(s): red (1),1,red (1)
2026-09-24 13:12:38,orange,WRONG COLOR DETECTED: red (1) | Waiting for ORANGE,0,red (1)
2026-09-24 13:12:38,orange,CORRECT COLOR DETECTED: ORANGE (1) | Wrong color(s): red (1),1,red (1)
2026-09-24 13:12:38,orange,WRONG COLOR DETECTED: red (1) | Waiting for ORANGE,0,red (1)
2026-09-24 13:12:39,orange,WRONG COLOR DETECTED: red (2) | Waiting for ORANGE,0,red (2)
2026-09-24 13:12:39,orange,"WRONG COLOR DETECTED: red (1), blue (1) | Waiting for ORANGE",0,"red (1), blue (1)"
2026-09-24 13:12:39,orange,WRONG COLOR DETECTED: red (1) | Waiting for ORANGE,0,red (1)
2026-09-24 13:12:39,orange,CORRECT COLOR DETECTED: ORANGE (1) | Wrong color(s): red (1),1,red (1)
2026-09-24 13:12:39,orange,CORRECT COLOR DETECTED: ORANGE (2) | Wrong color(s): red (1),2,red (1)
2026-09-24 13:12:39,orange,WRONG COLOR DETECTED: red (1) | Waiting for ORANGE,0,red (1)
2026-09-24 13:12:39,orange,CORRECT COLOR DETECTED: ORANGE (1) | Wrong color(s): red (1),1,red (1)
2026-09-24 13:12:39,orange,CORRECT COLOR DETECTED: ORANGE (2) | Wrong color(s): red (1),2,red (1)
2026-09-24 13:12:40,orange,CORRECT COLOR DETECTED: ORANGE (1) | Wrong color(s): red (2),1,red (2)
2026-09-24 13:12:40,orange,CORRECT COLOR DETECTED: ORANGE (2) | Wrong color(s): red (2),2,red (2)
2026-09-24 13:12:40,orange,CORRECT COLOR DETECTED: ORANGE (2) | Wrong color(s): red (1),2,red (1)
2026-09-24 13:12:40,orange,CORRECT COLOR DETECTED: ORANGE (1) | Wrong color(s): red (1),1,red (1)
2026-09-24 13:12:40,orange,CORRECT COLOR DETECTED: ORANGE (2) | Wrong color(s): red (2),2,red (2)
2026-09-24 13:12:40,orange,WRONG COLOR DETECTED: red (2) | Waiting for ORANGE,0,red (2)
2026-09-24 13:12:40,orange,WRONG COLOR DETECTED: red (1) | Waiting for ORANGE,0,red (1)
2026-09-24 13:12:40,orange,WRONG COLOR DETECTED: red (1) | Waiting for ORANGE,0,red (1)
2026-09-24 13:12:41,orange,WRONG COLOR DETECTED: red (2) | Waiting for ORANGE,0,red (2)
2026-09-24 13:12:41,orange,WRONG COLOR DETECTED: red (1) | Waiting for ORANGE,0,red (1)
2026-09-24 13:12:41,orange,WRONG COLOR DETECTED: red (2) | Waiting for ORANGE,0,red (2)
2026-09-24 13:12:41,orange,WRONG COLOR DETECTED: red (1) | Waiting for ORANGE,0,red (1)
2026-09-24 13:12:41,orange,WRONG COLOR DETECTED: red (1) | Waiting for ORANGE,0,red (1)
2026-09-24 13:12:42,orange,WRONG COLOR DETECTED: red (2) | Waiting for ORANGE,0,red (2)
2026-09-24 13:12:42,orange,CORRECT COLOR DETECTED: ORANGE (1) | Wrong color(s): red (2),1,red (2)
2026-09-24 13:12:42,orange,WRONG COLOR DETECTED: red (2) | Waiting for ORANGE,0,red (2)
2026-09-24 13:12:42,orange,CORRECT COLOR DETECTED: ORANGE (1) | Wrong color(s): red (2),1,red (2)
2026-09-24 13:12:42,orange,WRONG COLOR DETECTED: red (2) | Waiting for ORANGE,0,red (2)
2026-09-24 13:12:42,orange,WRONG COLOR DETECTED: red (1) | Waiting for ORANGE,0,red (1)
2026-09-24 13:12:43,orange,WRONG COLOR DETECTED: red (2) | Waiting for ORANGE,0,red (2)
2026-09-24 13:12:43,orange,WRONG COLOR DETECTED: red (1) | Waiting for ORANGE,0,red (1)
2026-09-24 13:12:43,orange,WRONG COLOR DETECTED: red (2) | Waiting for ORANGE,0,red (2)
2026-09-24 13:12:43,orange,WRONG COLOR DETECTED: red (1) | Waiting for ORANGE,0,red (1)
2026-09-24 13:12:43,orange,CORRECT COLOR DETECTED: ORANGE (1) | Wrong color(s): red (1),1,red (1)
2026-09-24 13:12:43,orange,WRONG COLOR DETECTED: red (1) | Waiting for ORANGE,0,red (1)
2026-09-24 13:12:43,orange,CORRECT COLOR DETECTED: ORANGE (1) | Wrong color(s): red (1),1,red (1)
2026-09-24 13:12:44,orange,WRONG COLOR DETECTED: red (1) | Waiting for ORANGE,0,red (1)
2026-09-24 13:12:44,orange,WRONG COLOR DETECTED: red (2) | Waiting for ORANGE,0,red (2)
2026-09-24 13:12:45,orange,WRONG COLOR DETECTED: red (1) | Waiting for ORANGE,0,red (1)
2026-09-24 13:12:45,orange,WRONG COLOR DETECTED: red (2) | Waiting for ORANGE,0,red (2)
2026-09-24 13:12:45,orange,WRONG COLOR DETECTED: red (1) | Waiting for ORANGE,0,red (1)
2026-09-24 13:12:45,orange,"WRONG COLOR DETECTED: red (1), blue (1) | Waiting for ORANGE",0,"red (1), blue (1)"
2026-09-24 13:12:45,orange,"WRONG COLOR DETECTED: red (1), blue (2) | Waiting for ORANGE",0,"red (1), blue (2)"
2026-09-24 13:12:46,orange,"WRONG COLOR DETECTED: red (1), blue (1) | Waiting for ORANGE",0,"red (1), blue (1)"
2026-09-24 13:12:46,orange,"CORRECT COLOR DETECTED: ORANGE (1) | Wrong color(s): red (2), blue (1)",1,"red (2), blue (1)"
2026-09-24 13:12:46,orange,WRONG COLOR DETECTED: blue (1) | Waiting for ORANGE,0,blue (1)
2026-09-24 13:12:46,orange,"WRONG COLOR DETECTED: red (1), blue (1) | Waiting for ORANGE",0,"red (1), blue (1)"
2026-09-24 13:12:46,orange,"WRONG COLOR DETECTED: red (2), blue (1) | Waiting for ORANGE",0,"red (2), blue (1)"
2026-09-24 13:12:46,orange,"WRONG COLOR DETECTED: red (2), yellow (1), blue (1) | Waiting for ORANGE",0,"red (2), yellow (1), blue (1)"
2026-09-24 13:12:46,orange,"WRONG COLOR DETECTED: red (2), blue (1) | Waiting for ORANGE",0,"red (2), blue (1)"
2026-09-24 13:12:47,orange,"CORRECT COLOR DETECTED: ORANGE (1) | Wrong color(s): red (2), blue (1)",1,"red (2), blue (1)"
2026-09-24 13:12:47,orange,"CORRECT COLOR DETECTED: ORANGE (1) | Wrong color(s): red (1), blue (1)",1,"red (1), blue (1)"
2026-09-24 13:12:47,orange,"CORRECT COLOR DETECTED: ORANGE (1) | Wrong color(s): red (2), blue (1)",1,"red (2), blue (1)"
2026-09-24 13:12:47,orange,"WRONG COLOR DETECTED: red (2), blue (1) | Waiting for ORANGE",0,"red (2), blue (1)"
2026-09-24 13:12:47,orange,"WRONG COLOR DETECTED: red (3), blue (1) | Waiting for ORANGE",0,"red (3), blue (1)"
2026-09-24 13:12:47,orange,"WRONG COLOR DETECTED: red (2), blue (1) | Waiting for ORANGE",0,"red (2), blue (1)"
2026-09-24 13:12:47,orange,"WRONG COLOR DETECTED: red (1), blue (1) | Waiting for ORANGE",0,"red (1), blue (1)"
2026-09-24 13:12:48,orange,"WRONG COLOR DETECTED: red (2), blue (1) | Waiting for ORANGE",0,"red (2), blue (1)"
2026-09-24 13:12:48,orange,"WRONG COLOR DETECTED: red (1), blue (1) | Waiting for ORANGE",0,"red (1), blue (1)"
2026-09-24 13:12:48,orange,"WRONG COLOR DETECTED: red (2), blue (1) | Waiting for ORANGE",0,"red (2), blue (1)"
2026-09-24 13:12:48,orange,WRONG COLOR DETECTED: blue (1) | Waiting for ORANGE,0,blue (1)
2026-09-24 13:12:48,orange,"WRONG COLOR DETECTED: red (1), blue (1) | Waiting for ORANGE",0,"red (1), blue (1)"
2026-09-24 13:12:49,orange,"CORRECT COLOR DETECTED: ORANGE (1) | Wrong color(s): red (1), blue (1)",1,"red (1), blue (1)"
2026-09-24 13:12:49,orange,CORRECT COLOR DETECTED: ORANGE (1) | Wrong color(s): red (2),1,red (2)
2026-09-24 13:12:49,orange,WRONG COLOR DETECTED: red (1) | Waiting for ORANGE,0,red (1)
2026-09-24 13:12:49,orange,WRONG COLOR DETECTED: red (1) | Waiting for ORANGE,0,red (1)
2026-09-24 13:12:49,orange,CORRECT COLOR DETECTED: ORANGE (2) | Wrong color(s): red (1),2,red (1)
2026-09-24 13:12:49,orange,WRONG COLOR DETECTED: red (1) | Waiting for ORANGE,0,red (1)
2026-09-24 13:12:49,orange,WRONG COLOR DETECTED: red (2) | Waiting for ORANGE,0,red (2)
2026-09-24 13:12:49,orange,WRONG COLOR DETECTED: red (1) | Waiting for ORANGE,0,red (1)
2026-09-24 13:12:49,orange,WRONG COLOR DETECTED: red (2) | Waiting for ORANGE,0,red (2)
2026-09-24 13:12:49,orange,WRONG COLOR DETECTED: red (1) | Waiting for ORANGE,0,red (1)
2026-09-24 13:12:50,orange,WRONG COLOR DETECTED: red (2) | Waiting for ORANGE,0,red (2)
2026-09-24 13:12:50,orange,WRONG COLOR DETECTED: red (1) | Waiting for ORANGE,0,red (1)
2026-09-24 13:12:50,orange,WRONG COLOR DETECTED: red (2) | Waiting for ORANGE,0,red (2)
2026-09-24 13:12:50,orange,WRONG COLOR DETECTED: red (1) | Waiting for ORANGE,0,red (1)
2026-09-24 13:12:50,orange,WRONG COLOR DETECTED: red (2) | Waiting for ORANGE,0,red (2)
2026-09-24 13:12:50,orange,WRONG COLOR DETECTED: red (1) | Waiting for ORANGE,0,red (1)
2026-09-24 13:12:51,orange,CORRECT COLOR DETECTED: ORANGE (2) | Wrong color(s): red (1),2,red (1)
2026-09-24 13:12:51,orange,CORRECT COLOR DETECTED: ORANGE (1) | Wrong color(s): red (1),1,red (1)
2026-09-24 13:12:51,orange,"CORRECT COLOR DETECTED: ORANGE (1) | Wrong color(s): red (2), yellow (1)",1,"red (2), yellow (1)"
2026-09-24 13:12:51,orange,"CORRECT COLOR DETECTED: ORANGE (1) | Wrong color(s): red (1), yellow (1)",1,"red (1), yellow (1)"
2026-09-24 13:12:51,orange,"CORRECT COLOR DETECTED: ORANGE (1) | Wrong color(s): red (1), yellow (1), blue (1)",1,"red (1), yellow (1), blue (1)"
2026-09-24 13:12:51,orange,"WRONG COLOR DETECTED: red (1), yellow (1), blue (1) | Waiting for ORANGE",0,"red (1), yellow (1), blue (1)"
2026-09-24 13:12:51,orange,"WRONG COLOR DETECTED: red (2), yellow (1), blue (1) | Waiting for ORANGE",0,"red (2), yellow (1), blue (1)"
2026-09-24 13:12:52,orange,"WRONG COLOR DETECTED: red (1), yellow (1), blue (1) | Waiting for ORANGE",0,"red (1), yellow (1), blue (1)"
2026-09-24 13:12:52,orange,"WRONG COLOR DETECTED: yellow (1), blue (1) | Waiting for ORANGE",0,"yellow (1), blue (1)"
2026-09-24 13:12:52,orange,"WRONG COLOR DETECTED: red (1), yellow (1) | Waiting for ORANGE",0,"red (1), yellow (1)"
2026-09-24 13:12:52,orange,"WRONG COLOR DETECTED: red (1), yellow (1), blue (1) | Waiting for ORANGE",0,"red (1), yellow (1), blue (1)"
2026-09-24 13:12:52,orange,"WRONG COLOR DETECTED: red (1), yellow (1) | Waiting for ORANGE",0,"red (1), yellow (1)"
2026-09-24 13:12:52,orange,"WRONG COLOR DETECTED: red (2), yellow (1) | Waiting for ORANGE",0,"red (2), yellow (1)"
2026-09-24 13:12:52,orange,"WRONG COLOR DETECTED: red (1), purple (1) | Waiting for ORANGE",0,"red (1), purple (1)"
2026-09-24 13:12:53,orange,"CORRECT COLOR DETECTED: ORANGE (1) | Wrong color(s): red (1), purple (1)",1,"red (1), purple (1)"
2026-09-24 13:12:53,orange,"WRONG COLOR DETECTED: red (1), purple (1) | Waiting for ORANGE",0,"red (1), purple (1)"
2026-09-24 13:12:53,orange,"WRONG COLOR DETECTED: red (1), blue (1) | Waiting for ORANGE",0,"red (1), blue (1)"
2026-09-24 13:12:53,orange,WRONG COLOR DETECTED: red (1) | Waiting for ORANGE,0,red (1)
2026-09-24 13:12:53,orange,"WRONG COLOR DETECTED: red (1), purple (1) | Waiting for ORANGE",0,"red (1), purple (1)"
2026-09-24 13:12:53,orange,"WRONG COLOR DETECTED: red (2), purple (1) | Waiting for ORANGE",0,"red (2), purple (1)"
2026-09-24 13:12:54,orange,WRONG COLOR DETECTED: purple (1) | Waiting for ORANGE,0,purple (1)
2026-09-24 13:12:54,orange,"WRONG COLOR DETECTED: red (1), purple (1) | Waiting for ORANGE",0,"red (1), purple (1)"
2026-09-24 13:12:54,orange,WRONG COLOR DETECTED: purple (1) | Waiting for ORANGE,0,purple (1)
2026-09-24 13:12:54,orange,"WRONG COLOR DETECTED: red (1), purple (1) | Waiting for ORANGE",0,"red (1), purple (1)"
2026-09-24 13:12:54,orange,WRONG COLOR DETECTED: purple (1) | Waiting for ORANGE,0,purple (1)
2026-09-24 13:12:55,orange,"WRONG COLOR DETECTED: red (1), purple (1) | Waiting for ORANGE",0,"red (1), purple (1)"
2026-09-24 13:12:55,orange,WRONG COLOR DETECTED: purple (1) | Waiting for ORANGE,0,purple (1)
2026-09-24 13:12:55,orange,"WRONG COLOR DETECTED: red (1), purple (1) | Waiting for ORANGE",0,"red (1), purple (1)"
2026-09-24 13:12:55,orange,WRONG COLOR DETECTED: purple (1) | Waiting for ORANGE,0,purple (1)
2026-09-24 13:12:55,orange,"WRONG COLOR DETECTED: red (1), purple (1) | Waiting for ORANGE",0,"red (1), purple (1)"
2026-09-24 13:12:55,orange,WRONG COLOR DETECTED: red (1) | Waiting for ORANGE,0,red (1)
2026-09-24 13:12:55,orange,CORRECT COLOR DETECTED: ORANGE (1) | Wrong color(s): green (1),1,green (1)
2026-09-24 13:12:55,orange,"WRONG COLOR DETECTED: red (1), green (1), purple (1) | Waiting for ORANGE",0,"red (1), green (1), purple (1)"
2026-09-24 13:12:55,orange,"CORRECT COLOR DETECTED: ORANGE (1) | Wrong color(s): green (1), purple (1)",1,"green (1), purple (1)"
2026-09-24 13:12:55,orange,"CORRECT COLOR DETECTED: ORANGE (1) | Wrong color(s): red (1), green (1), purple (1)",1,"red (1), green (1), purple (1)"
2026-09-24 13:12:56,orange,"WRONG COLOR DETECTED: red (1), green (1), purple (1) | Waiting for ORANGE",0,"red (1), green (1), purple (1)"
2026-09-24 13:12:56,orange,"CORRECT COLOR DETECTED: ORANGE (1) | Wrong color(s): red (1), purple (1)",1,"red (1), purple (1)"
2026-09-24 13:12:56,orange,CORRECT COLOR DETECTED: ORANGE (1) | Wrong color(s): purple (1),1,purple (1)
2026-09-24 13:12:56,orange,"WRONG COLOR DETECTED: red (1), purple (1) | Waiting for ORANGE",0,"red (1), purple (1)"
2026-09-24 13:12:56,orange,CORRECT COLOR DETECTED: ORANGE (1) | Wrong color(s): purple (1),1,purple (1)
2026-09-24 13:12:56,orange,"CORRECT COLOR DETECTED: ORANGE (1) | Wrong color(s): green (1), purple (1)",1,"green (1), purple (1)"
2026-09-24 13:12:56,orange,CORRECT COLOR DETECTED: ORANGE (1) | Wrong color(s): green (1),1,green (1)
2026-09-24 13:12:56,orange,"CORRECT COLOR DETECTED: ORANGE (1) | Wrong color(s): green (1), blue (1)",1,"green (1), blue (1)"
2026-09-24 13:12:57,orange,"CORRECT COLOR DETECTED: ORANGE (1) | Wrong color(s): green (2), blue (1)",1,"green (2), blue (1)"
2026-09-24 13:12:57,orange,"WRONG COLOR DETECTED: green (2), blue (1) | Waiting for ORANGE",0,"green (2), blue (1)"
2026-09-24 13:12:57,orange,"WRONG COLOR DETECTED: red (1), green (2), blue (1) | Waiting for ORANGE",0,"red (1), green (2), blue (1)"
2026-09-24 13:12:57,orange,"WRONG COLOR DETECTED: green (2), blue (1) | Waiting for ORANGE",0,"green (2), blue (1)"
2026-09-24 13:12:57,orange,"CORRECT COLOR DETECTED: ORANGE (1) | Wrong color(s): green (2), blue (1)",1,"green (2), blue (1)"
2026-09-24 13:12:57,orange,CORRECT COLOR DETECTED: ORANGE (1) | Wrong color(s): green (2),1,green (2)
2026-09-24 13:12:57,orange,"WRONG COLOR DETECTED: red (1), green (1), blue (1) | Waiting for ORANGE",0,"red (1), green (1), blue (1)"
2026-09-24 13:12:58,orange,"WRONG COLOR DETECTED: green (1), blue (1) | Waiting for ORANGE",0,"green (1), blue (1)"
2026-09-24 13:12:58,orange,"WRONG COLOR DETECTED: green (2), blue (1) | Waiting for ORANGE",0,"green (2), blue (1)"
2026-09-24 13:12:58,orange,"WRONG COLOR DETECTED: green (1), blue (1) | Waiting for ORANGE",0,"green (1), blue (1)"
2026-09-24 13:12:58,orange,"WRONG COLOR DETECTED: red (1), blue (1) | Waiting for ORANGE",0,"red (1), blue (1)"
2026-09-24 13:12:58,orange,WRONG COLOR DETECTED: blue (1) | Waiting for ORANGE,0,blue (1)
2026-09-24 13:12:58,orange,"WRONG COLOR DETECTED: red (1), blue (1) | Waiting for ORANGE",0,"red (1), blue (1)"
2026-09-24 13:12:58,orange,CORRECT COLOR DETECTED: ORANGE (1) | Wrong color(s): blue (1),1,blue (1)
2026-09-24 13:12:58,orange,CORRECT COLOR DETECTED: ORANGE (2) | Wrong color(s): blue (1),2,blue (1)
2026-09-24 13:12:58,orange,"CORRECT COLOR DETECTED: ORANGE (2) | Wrong color(s): green (1), blue (1)",2,"green (1), blue (1)"
2026-09-24 13:12:58,orange,"WRONG COLOR DETECTED: red (1), green (2), blue (1) | Waiting for ORANGE",0,"red (1), green (2), blue (1)"
2026-09-24 13:12:59,orange,"WRONG COLOR DETECTED: red (1), green (2) | Waiting for ORANGE",0,"red (1), green (2)"
2026-09-24 13:12:59,orange,"WRONG COLOR DETECTED: red (1), green (1) | Waiting for ORANGE",0,"red (1), green (1)"
2026-09-24 13:12:59,orange,"WRONG COLOR DETECTED: red (1), green (1), purple (1) | Waiting for ORANGE",0,"red (1), green (1), purple (1)"
2026-09-24 13:12:59,orange,"WRONG COLOR DETECTED: red (2), purple (1) | Waiting for ORANGE",0,"red (2), purple (1)"
2026-09-24 13:12:59,orange,"WRONG COLOR DETECTED: red (1), purple (1) | Waiting for ORANGE",0,"red (1), purple (1)"
2026-09-24 13:12:59,orange,"CORRECT COLOR DETECTED: ORANGE (1) | Wrong color(s): red (1), purple (1)",1,"red (1), purple (1)"
2026-09-24 13:12:59,orange,WRONG COLOR DETECTED: purple (1) | Waiting for ORANGE,0,purple (1)
2026-09-24 13:12:59,orange,"WRONG COLOR DETECTED: red (1), purple (1) | Waiting for ORANGE",0,"red (1), purple (1)"
2026-09-24 13:12:59,orange,WRONG COLOR DETECTED: red (1) | Waiting for ORANGE,0,red (1)
2026-09-24 13:12:59,orange,"WRONG COLOR DETECTED: red (1), purple (1) | Waiting for ORANGE",0,"red (1), purple (1)"
2026-09-24 13:13:00,orange,"WRONG COLOR DETECTED: red (2), purple (1) | Waiting for ORANGE",0,"red (2), purple (1)"
2026-09-24 13:13:00,orange,"WRONG COLOR DETECTED: red (1), purple (1) | Waiting for ORANGE",0,"red (1), purple (1)"
2026-09-24 13:13:00,orange,"WRONG COLOR DETECTED: red (2), purple (1) | Waiting for ORANGE",0,"red (2), purple (1)"
2026-09-24 13:13:00,orange,"WRONG COLOR DETECTED: red (1), purple (1) | Waiting for ORANGE",0,"red (1), purple (1)"
2026-09-24 13:13:00,orange,"WRONG COLOR DETECTED: red (2), purple (1) | Waiting for ORANGE",0,"red (2), purple (1)"
2026-09-24 13:13:00,orange,"CORRECT COLOR DETECTED: ORANGE (1) | Wrong color(s): red (1), purple (1)",1,"red (1), purple (1)"
2026-09-24 13:13:00,orange,WRONG COLOR DETECTED: purple (1) | Waiting for ORANGE,0,purple (1)
2026-09-24 13:13:01,orange,"CORRECT COLOR DETECTED: ORANGE (1) | Wrong color(s): red (1), purple (1)",1,"red (1), purple (1)"
2026-09-24 13:13:01,orange,WRONG COLOR DETECTED: red (1) | Waiting for ORANGE,0,red (1)
2026-09-24 13:13:01,orange,"WRONG COLOR DETECTED: red (1), green (1), purple (1) | Waiting for ORANGE",0,"red (1), green (1), purple (1)"
2026-09-24 13:13:01,orange,"WRONG COLOR DETECTED: red (2), green (1), purple (1) | Waiting for ORANGE",0,"red (2), green (1), purple (1)"
2026-09-24 13:13:01,orange,"WRONG COLOR DETECTED: red (1), green (1), purple (1) | Waiting for ORANGE",0,"red (1), green (1), purple (1)"
2026-09-24 13:13:01,orange,"WRONG COLOR DETECTED: red (2), green (1), purple (1) | Waiting for ORANGE",0,"red (2), green (1), purple (1)"
2026-09-24 13:13:01,orange,"WRONG COLOR DETECTED: red (1), green (1), purple (1) | Waiting for ORANGE",0,"red (1), green (1), purple (1)"
2026-09-24 13:13:02,orange,"WRONG COLOR DETECTED: red (1), green (1), blue (1), purple (1) | Waiting for ORANGE",0,"red (1), green (1), blue (1), purple (1)"
2026-09-24 13:13:02,orange,"WRONG COLOR DETECTED: red (1), green (1), purple (1) | Waiting for ORANGE",0,"red (1), green (1), purple (1)"
2026-09-24 13:13:03,orange,"CORRECT COLOR DETECTED: ORANGE (1) | Wrong color(s): red (1), green (1), purple (1)",1,"red (1), green (1), purple (1)"
2026-09-24 13:13:03,orange,"WRONG COLOR DETECTED: red (1), green (1), blue (1), purple (1) | Waiting for ORANGE",0,"red (1), green (1), blue (1), purple (1)"
2026-09-24 13:13:03,orange,"CORRECT COLOR DETECTED: ORANGE (1) | Wrong color(s): red (1), green (1), blue (1), purple (1)",1,"red (1), green (1), blue (1), purple (1)"
2026-09-24 13:13:03,orange,"WRONG COLOR DETECTED: red (1), green (1), blue (1), purple (1) | Waiting for ORANGE",0,"red (1), green (1), blue (1), purple (1)"
2026-09-24 13:13:03,yellow,"WRONG COLOR DETECTED: red (1), green (1), blue (1), purple (1) | Waiting for YELLOW",0,"red (1), green (1), blue (1), purple (1)"
2026-09-24 13:13:05,yellow,"WRONG COLOR DETECTED: red (2), orange (1), green (1), blue (1), purple (1) | Waiting for YELLOW",0,"red (2), orange (1), green (1), blue (1), purple (1)"
2026-09-24 13:13:05,yellow,"CORRECT COLOR DETECTED: YELLOW (1) | Wrong color(s): red (1), green (1), blue (1), purple (1)",1,"red (1), green (1), blue (1), purple (1)"
2026-09-24 13:13:05,yellow,"WRONG COLOR DETECTED: red (1), green (1), blue (1), purple (1) | Waiting for YELLOW",0,"red (1), green (1), blue (1), purple (1)"
2026-09-24 13:13:06,yellow,"WRONG COLOR DETECTED: red (1), orange (1), green (1), blue (1), purple (1) | Waiting for YELLOW",0,"red (1), orange (1), green (1), blue (1), purple (1)"
2026-09-24 13:13:06,yellow,"WRONG COLOR DETECTED: red (1), green (1), blue (1), purple (1) | Waiting for YELLOW",0,"red (1), green (1), blue (1), purple (1)"
2026-09-24 13:13:06,yellow,"CORRECT COLOR DETECTED: YELLOW (1) | Wrong color(s): red (1), green (1), blue (1), purple (1)",1,"red (1), green (1), blue (1), purple (1)"
2026-09-24 13:13:06,yellow,"CORRECT COLOR DETECTED: YELLOW (1) | Wrong color(s): red (1), orange (1), green (1), blue (1), purple (1)",1,"red (1), orange (1), green (1), blue (1), purple (1)"
2026-09-24 13:13:06,yellow,"CORRECT COLOR DETECTED: YELLOW (1) | Wrong color(s): red (1), green (1), blue (1), purple (1)",1,"red (1), green (1), blue (1), purple (1)"
2026-09-24 13:13:06,yellow,"CORRECT COLOR DETECTED: YELLOW (1) | Wrong color(s): red (1), orange (1), green (1), blue (1), purple (1)",1,"red (1), orange (1), green (1), blue (1), purple (1)"
2026-09-24 13:13:06,yellow,"CORRECT COLOR DETECTED: YELLOW (1) | Wrong color(s): red (1), green (1), blue (1), purple (1)",1,"red (1), green (1), blue (1), purple (1)"
2026-09-24 13:13:07,yellow,"CORRECT COLOR DETECTED: YELLOW (1) | Wrong color(s): red (1), orange (1), green (1), blue (1), purple (1)",1,"red (1), orange (1), green (1), blue (1), purple (1)"
2026-09-24 13:13:07,yellow,"CORRECT COLOR DETECTED: YELLOW (1) | Wrong color(s): red (1), green (1), blue (1), purple (1)",1,"red (1), green (1), blue (1), purple (1)"
2026-09-24 13:13:07,yellow,"WRONG COLOR DETECTED: red (1), green (1), blue (1), purple (1) | Waiting for YELLOW",0,"red (1), green (1), blue (1), purple (1)"
2026-09-24 13:13:07,yellow,"WRONG COLOR DETECTED: red (2), green (1), blue (1), purple (1) | Waiting for YELLOW",0,"red (2), green (1), blue (1), purple (1)"
2026-09-24 13:13:08,yellow,"WRONG COLOR DETECTED: red (1), green (1), blue (1), purple (1) | Waiting for YELLOW",0,"red (1), green (1), blue (1), purple (1)"
2026-09-24 13:13:09,yellow,"WRONG COLOR DETECTED: red (1), orange (1), green (1), blue (1), purple (1) | Waiting for YELLOW",0,"red (1), orange (1), green (1), blue (1), purple (1)"
2026-09-24 13:13:09,yellow,"CORRECT COLOR DETECTED: YELLOW (1) | Wrong color(s): red (1), orange (1), green (1), blue (1), purple (1)",1,"red (1), orange (1), green (1), blue (1), purple (1)"
2026-09-24 13:13:09,yellow,"WRONG COLOR DETECTED: red (1), green (1), blue (1), purple (1) | Waiting for YELLOW",0,"red (1), green (1), blue (1), purple (1)"
2026-09-24 13:13:09,yellow,"WRONG COLOR DETECTED: red (1), orange (1), green (1), blue (1), purple (1) | Waiting for YELLOW",0,"red (1), orange (1), green (1), blue (1), purple (1)"
2026-09-24 13:13:09,yellow,"WRONG COLOR DETECTED: red (1), green (1), blue (1), purple (1) | Waiting for YELLOW",0,"red (1), green (1), blue (1), purple (1)"
2026-09-24 13:13:09,yellow,"WRONG COLOR DETECTED: red (1), orange (1), green (1), blue (1), purple (1) | Waiting for YELLOW",0,"red (1), orange (1), green (1), blue (1), purple (1)"
2026-09-24 13:13:10,yellow,"CORRECT COLOR DETECTED: YELLOW (1) | Wrong color(s): red (1), green (1), blue (1), purple (1)",1,"red (1), green (1), blue (1), purple (1)"
2026-09-24 13:13:11,yellow,"CORRECT COLOR DETECTED: YELLOW (1) | Wrong color(s): red (2), green (1), blue (1), purple (1)",1,"red (2), green (1), blue (1), purple (1)"
2026-09-24 13:13:11,yellow,"CORRECT COLOR DETECTED: YELLOW (1) | Wrong color(s): red (1), green (1), blue (1), purple (1)",1,"red (1), green (1), blue (1), purple (1)"
2026-09-24 13:13:11,yellow,"CORRECT COLOR DETECTED: YELLOW (1) | Wrong color(s): red (2), green (1), blue (1), purple (1)",1,"red (2), green (1), blue (1), purple (1)"
2026-09-24 13:13:11,yellow,"CORRECT COLOR DETECTED: YELLOW (1) | Wrong color(s): red (1), green (1), blue (1), purple (1)",1,"red (1), green (1), blue (1), purple (1)"
2026-09-24 13:13:13,yellow,"CORRECT COLOR DETECTED: YELLOW (1) | Wrong color(s): red (1), orange (1), green (1), blue (1), purple (1)",1,"red (1), orange (1), green (1), blue (1), purple (1)"
2026-09-24 13:13:13,yellow,"CORRECT COLOR DETECTED: YELLOW (2) | Wrong color(s): red (1), orange (1), green (1), blue (1), purple (1)",2,"red (1), orange (1), green (1), blue (1), purple (1)"
2026-09-24 13:13:13,yellow,"CORRECT COLOR DETECTED: YELLOW (1) | Wrong color(s): red (1), orange (1), blue (1), purple (1)",1,"red (1), orange (1), blue (1), purple (1)"
2026-09-24 13:13:13,yellow,"CORRECT COLOR DETECTED: YELLOW (2) | Wrong color(s): red (1), orange (1), green (1), blue (1), purple (1)",2,"red (1), orange (1), green (1), blue (1), purple (1)"
2026-09-24 13:13:13,yellow,"CORRECT COLOR DETECTED: YELLOW (1) | Wrong color(s): orange (1), blue (1), purple (1)",1,"orange (1), blue (1), purple (1)"
2026-09-24 13:13:13,yellow,"CORRECT COLOR DETECTED: YELLOW (2) | Wrong color(s): red (1), orange (1), green (1), blue (2), purple (1)",2,"red (1), orange (1), green (1), blue (2), purple (1)"
2026-09-24 13:13:13,yellow,"CORRECT COLOR DETECTED: YELLOW (1) | Wrong color(s): red (1), orange (1), green (1), blue (2), purple (1)",1,"red (1), orange (1), green (1), blue (2), purple (1)"
2026-09-24 13:13:13,yellow,"CORRECT COLOR DETECTED: YELLOW (2) | Wrong color(s): red (2), orange (1), green (1), blue (2), purple (1)",2,"red (2), orange (1), green (1), blue (2), purple (1)"
2026-09-24 13:13:13,yellow,"CORRECT COLOR DETECTED: YELLOW (2) | Wrong color(s): red (1), orange (1), green (1), blue (2), purple (1)",2,"red (1), orange (1), green (1), blue (2), purple (1)"
2026-09-24 13:13:14,yellow,"CORRECT COLOR DETECTED: YELLOW (1) | Wrong color(s): red (2), orange (1), green (1), blue (2), purple (1)",1,"red (2), orange (1), green (1), blue (2), purple (1)"
2026-09-24 13:13:14,yellow,"CORRECT COLOR DETECTED: YELLOW (2) | Wrong color(s): red (2), orange (1), green (1), blue (1), purple (1)",2,"red (2), orange (1), green (1), blue (1), purple (1)"
2026-09-24 13:13:14,yellow,"CORRECT COLOR DETECTED: YELLOW (2) | Wrong color(s): red (2), orange (1), green (1), blue (2), purple (1)",2,"red (2), orange (1), green (1), blue (2), purple (1)"
2026-09-24 13:13:14,yellow,"CORRECT COLOR DETECTED: YELLOW (1) | Wrong color(s): red (1), orange (1), green (1), blue (2), purple (1)",1,"red (1), orange (1), green (1), blue (2), purple (1)"
2026-09-24 13:13:14,yellow,"CORRECT COLOR DETECTED: YELLOW (2) | Wrong color(s): red (2), orange (1), green (1), blue (2), purple (1)",2,"red (2), orange (1), green (1), blue (2), purple (1)"
2026-09-24 13:13:14,yellow,"CORRECT COLOR DETECTED: YELLOW (2) | Wrong color(s): red (1), orange (1), green (1), blue (2), purple (1)",2,"red (1), orange (1), green (1), blue (2), purple (1)"
2026-09-24 13:13:14,yellow,"CORRECT COLOR DETECTED: YELLOW (2) | Wrong color(s): red (2), orange (1), green (1), blue (2), purple (1)",2,"red (2), orange (1), green (1), blue (2), purple (1)"
2026-09-24 13:13:14,yellow,"CORRECT COLOR DETECTED: YELLOW (2) | Wrong color(s): red (1), orange (1), green (1), blue (2), purple (1)",2,"red (1), orange (1), green (1), blue (2), purple (1)"
2026-09-24 13:13:15,yellow,"CORRECT COLOR DETECTED: YELLOW (1) | Wrong color(s): red (1), orange (1), green (1), blue (2), purple (1)",1,"red (1), orange (1), green (1), blue (2), purple (1)"
2026-09-24 13:13:15,yellow,"CORRECT COLOR DETECTED: YELLOW (1) | Wrong color(s): red (1), green (1), purple (1)",1,"red (1), green (1), purple (1)"
2026-09-24 13:13:15,yellow,"CORRECT COLOR DETECTED: YELLOW (1) | Wrong color(s): red (1), green (1), blue (1), purple (1)",1,"red (1), green (1), blue (1), purple (1)"
2026-09-24 13:13:16,yellow,"WRONG COLOR DETECTED: red (1), green (1), blue (1), purple (1) | Waiting for YELLOW",0,"red (1), green (1), blue (1), purple (1)"
2026-09-24 13:13:16,yellow,"WRONG COLOR DETECTED: red (1), orange (1), green (1), blue (1), purple (1) | Waiting for YELLOW",0,"red (1), orange (1), green (1), blue (1), purple (1)"
2026-09-24 13:13:16,yellow,"WRONG COLOR DETECTED: red (1), green (1), blue (1), purple (1) | Waiting for YELLOW",0,"red (1), green (1), blue (1), purple (1)"
2026-09-24 13:13:17,yellow,"WRONG COLOR DETECTED: red (1), orange (1), green (1), blue (1), purple (1) | Waiting for YELLOW",0,"red (1), orange (1), green (1), blue (1), purple (1)"
2026-09-24 13:13:17,yellow,"WRONG COLOR DETECTED: red (1), green (1), blue (1), purple (1) | Waiting for YELLOW",0,"red (1), green (1), blue (1), purple (1)"
2026-09-24 13:13:17,yellow,"WRONG COLOR DETECTED: green (1), blue (1) | Waiting for YELLOW",0,"green (1), blue (1)"
2026-09-24 13:13:17,yellow,"WRONG COLOR DETECTED: orange (1), green (1), blue (1) | Waiting for YELLOW",0,"orange (1), green (1), blue (1)"
2026-09-24 13:13:17,yellow,"WRONG COLOR DETECTED: orange (1), green (1), blue (2) | Waiting for YELLOW",0,"orange (1), green (1), blue (2)"
2026-09-24 13:13:17,yellow,"WRONG COLOR DETECTED: green (1), blue (1) | Waiting for YELLOW",0,"green (1), blue (1)"
2026-09-24 13:13:17,yellow,"WRONG COLOR DETECTED: green (1), blue (2) | Waiting for YELLOW",0,"green (1), blue (2)"
2026-09-24 13:13:17,yellow,WRONG COLOR DETECTED: blue (2) | Waiting for YELLOW,0,blue (2)
2026-09-24 13:13:17,yellow,WRONG COLOR DETECTED: blue (3) | Waiting for YELLOW,0,blue (3)
2026-09-24 13:13:17,yellow,WRONG COLOR DETECTED: blue (2) | Waiting for YELLOW,0,blue (2)
2026-09-24 13:13:17,yellow,"WRONG COLOR DETECTED: orange (1), blue (2) | Waiting for YELLOW",0,"orange (1), blue (2)"
2026-09-24 13:13:17,yellow,"WRONG COLOR DETECTED: red (1), blue (2) | Waiting for YELLOW",0,"red (1), blue (2)"
2026-09-24 13:13:17,yellow,"CORRECT COLOR DETECTED: YELLOW (1) | Wrong color(s): red (1), orange (1), blue (2)",1,"red (1), orange (1), blue (2)"
2026-09-24 13:13:18,yellow,"CORRECT COLOR DETECTED: YELLOW (1) | Wrong color(s): red (2), orange (1), green (1), blue (2)",1,"red (2), orange (1), green (1), blue (2)"
2026-09-24 13:13:18,yellow,"WRONG COLOR DETECTED: red (2), green (1), blue (2) | Waiting for YELLOW",0,"red (2), green (1), blue (2)"
2026-09-24 13:13:18,yellow,"WRONG COLOR DETECTED: red (1), green (1), blue (1) | Waiting for YELLOW",0,"red (1), green (1), blue (1)"
2026-09-24 13:13:18,yellow,"WRONG COLOR DETECTED: red (1), green (1) | Waiting for YELLOW",0,"red (1), green (1)"
2026-09-24 13:13:18,yellow,"WRONG COLOR DETECTED: red (1), green (1), purple (1) | Waiting for YELLOW",0,"red (1), green (1), purple (1)"
2026-09-24 13:13:18,yellow,"WRONG COLOR DETECTED: red (2), green (1), purple (1) | Waiting for YELLOW",0,"red (2), green (1), purple (1)"
2026-09-24 13:13:18,yellow,"WRONG COLOR DETECTED: red (1), green (1), purple (1) | Waiting for YELLOW",0,"red (1), green (1), purple (1)"
2026-09-24 13:13:18,yellow,"CORRECT COLOR DETECTED: YELLOW (1) | Wrong color(s): red (1), green (1), purple (1)",1,"red (1), green (1), purple (1)"
2026-09-24 13:13:18,yellow,"WRONG COLOR DETECTED: red (1), green (1), purple (1) | Waiting for YELLOW",0,"red (1), green (1), purple (1)"
2026-09-24 13:13:19,yellow,"WRONG COLOR DETECTED: red (1), orange (2), green (1), purple (1) | Waiting for YELLOW",0,"red (1), orange (2), green (1), purple (1)"
2026-09-24 13:13:19,yellow,"WRONG COLOR DETECTED: red (1), purple (1) | Waiting for YELLOW",0,"red (1), purple (1)"
2026-09-24 13:13:19,yellow,"WRONG COLOR DETECTED: orange (1), blue (1), purple (1) | Waiting for YELLOW",0,"orange (1), blue (1), purple (1)"
2026-09-24 13:13:19,yellow,"WRONG COLOR DETECTED: orange (1), blue (1) | Waiting for YELLOW",0,"orange (1), blue (1)"
2026-09-24 13:13:19,yellow,WRONG COLOR DETECTED: blue (1) | Waiting for YELLOW,0,blue (1)
2026-09-24 13:13:19,yellow,WRONG COLOR DETECTED: orange (1) | Waiting for YELLOW,0,orange (1)
2026-09-24 13:13:19,yellow,"WRONG COLOR DETECTED: red (1), orange (2), blue (1) | Waiting for YELLOW",0,"red (1), orange (2), blue (1)"
2026-09-24 13:13:19,yellow,WRONG COLOR DETECTED: red (1) | Waiting for YELLOW,0,red (1)
2026-09-24 13:13:21,yellow,CORRECT COLOR DETECTED: YELLOW (1) | Wrong color(s): red (2),1,red (2)
2026-09-24 13:13:21,yellow,CORRECT COLOR DETECTED: YELLOW (1),1,
2026-09-24 13:13:21,yellow,CORRECT COLOR DETECTED: YELLOW (1) | Wrong color(s): orange (1),1,orange (1)
2026-09-24 13:13:21,yellow,CORRECT COLOR DETECTED: YELLOW (1),1,
2026-09-24 13:13:21,yellow,WRONG COLOR DETECTED: blue (1) | Waiting for YELLOW,0,blue (1)
2026-09-24 13:13:22,yellow,CORRECT COLOR DETECTED: YELLOW (1) | Wrong color(s): blue (1),1,blue (1)
2026-09-24 13:13:22,yellow,WRONG COLOR DETECTED: blue (1) | Waiting for YELLOW,0,blue (1)
2026-09-24 13:13:22,yellow,WRONG COLOR DETECTED: blue (1) | Waiting for YELLOW,0,blue (1)
2026-09-24 13:13:22,yellow,CORRECT COLOR DETECTED: YELLOW (1) | Wrong color(s): blue (1),1,blue (1)
2026-09-24 13:13:22,yellow,WRONG COLOR DETECTED: blue (1) | Waiting for YELLOW,0,blue (1)
2026-09-24 13:13:22,yellow,CORRECT COLOR DETECTED: YELLOW (1) | Wrong color(s): blue (1),1,blue (1)
2026-09-24 13:13:22,yellow,CORRECT COLOR DETECTED: YELLOW (1),1,
2026-09-24 13:13:22,yellow,CORRECT COLOR DETECTED: YELLOW (1) | Wrong color(s): blue (1),1,blue (1)
2026-09-24 13:13:23,yellow,CORRECT COLOR DETECTED: YELLOW (1),1,
2026-09-24 13:13:23,yellow,CORRECT COLOR DETECTED: YELLOW (1) | Wrong color(s): blue (1),1,blue (1)
2026-09-24 13:13:23,yellow,CORRECT COLOR DETECTED: YELLOW (2) | Wrong color(s): blue (1),2,blue (1)
2026-09-24 13:13:23,yellow,WRONG COLOR DETECTED: blue (1) | Waiting for YELLOW,0,blue (1)
2026-09-24 13:13:23,yellow,CORRECT COLOR DETECTED: YELLOW (1),1,
2026-09-24 13:13:23,yellow,CORRECT COLOR DETECTED: YELLOW (2),2,
2026-09-24 13:13:23,yellow,CORRECT COLOR DETECTED: YELLOW (1) | Wrong color(s): blue (1),1,blue (1)
2026-09-24 13:13:23,yellow,WRONG COLOR DETECTED: blue (1) | Waiting for YELLOW,0,blue (1)
2026-09-24 13:13:23,yellow,CORRECT COLOR DETECTED: YELLOW (1) | Wrong color(s): blue (1),1,blue (1)
2026-09-24 13:13:23,yellow,CORRECT COLOR DETECTED: YELLOW (1),1,
2026-09-24 13:13:24,yellow,CORRECT COLOR DETECTED: YELLOW (1) | Wrong color(s): blue (1),1,blue (1)
2026-09-24 13:13:24,yellow,CORRECT COLOR DETECTED: YELLOW (1),1,
2026-09-24 13:13:24,yellow,CORRECT COLOR DETECTED: YELLOW (1),1,
2026-09-24 13:13:27,yellow,CORRECT COLOR DETECTED: YELLOW (1),1,
2026-09-24 13:13:27,yellow,CORRECT COLOR DETECTED: YELLOW (1),1,
2026-09-24 13:13:28,yellow,CORRECT COLOR DETECTED: YELLOW (1),1,
2026-09-24 13:13:28,yellow,CORRECT COLOR DETECTED: YELLOW (1),1,
2026-09-24 13:13:29,green,WRONG COLOR DETECTED: yellow (1) | Waiting for GREEN,0,yellow (1)
2026-09-24 13:13:29,green,"WRONG COLOR DETECTED: orange (1), yellow (1) | Waiting for GREEN",0,"orange (1), yellow (1)"
2026-09-24 13:13:29,green,WRONG COLOR DETECTED: orange (1) | Waiting for GREEN,0,orange (1)
2026-09-24 13:13:30,green,WRONG COLOR DETECTED: orange (1) | Waiting for GREEN,0,orange (1)
2026-09-24 13:13:30,green,WRONG COLOR DETECTED: orange (1) | Waiting for GREEN,0,orange (1)
2026-09-24 13:13:30,green,WRONG COLOR DETECTED: orange (1) | Waiting for GREEN,0,orange (1)
2026-09-24 13:13:31,green,WRONG COLOR DETECTED: orange (1) | Waiting for GREEN,0,orange (1)
2026-09-24 13:13:31,blue,WRONG COLOR DETECTED: orange (1) | Waiting for BLUE,0,orange (1)
2026-09-24 13:13:32,purple,WRONG COLOR DETECTED: orange (2) | Waiting for PURPLE,0,orange (2)
2026-09-24 13:13:33,purple,WRONG COLOR DETECTED: orange (1) | Waiting for PURPLE,0,orange (1)
2026-09-24 13:13:33,purple,WRONG COLOR DETECTED: yellow (1) | Waiting for PURPLE,0,yellow (1)
2026-09-24 13:13:33,purple,WRONG COLOR DETECTED: yellow (1) | Waiting for PURPLE,0,yellow (1)
2026-09-24 13:13:33,purple,WRONG COLOR DETECTED: yellow (1) | Waiting for PURPLE,0,yellow (1)
2026-09-24 13:13:33,blue,WRONG COLOR DETECTED: yellow (1) | Waiting for BLUE,0,yellow (1)
2026-09-24 13:13:33,blue,WRONG COLOR DETECTED: yellow (1) | Waiting for BLUE,0,yellow (1)
2026-09-24 13:13:33,green,WRONG COLOR DETECTED: yellow (1) | Waiting for GREEN,0,yellow (1)
2026-09-24 13:13:34,yellow,CORRECT COLOR DETECTED: YELLOW (1),1,
2026-09-24 13:13:34,orange,WRONG COLOR DETECTED: yellow (1) | Waiting for ORANGE,0,yellow (1)
2026-09-24 13:13:34,orange,WRONG COLOR DETECTED: yellow (1) | Waiting for ORANGE,0,yellow (1)
2026-09-24 13:13:34,orange,WRONG COLOR DETECTED: yellow (2) | Waiting for ORANGE,0,yellow (2)
2026-09-24 13:13:35,orange,WRONG COLOR DETECTED: yellow (1) | Waiting for ORANGE,0,yellow (1)
2026-09-24 13:13:35,orange,WRONG COLOR DETECTED: yellow (2) | Waiting for ORANGE,0,yellow (2)
2026-09-24 13:13:35,orange,CORRECT COLOR DETECTED: ORANGE (1),1,
2026-09-24 13:13:35,orange,CORRECT COLOR DETECTED: ORANGE (2),2,
2026-09-24 13:13:35,orange,CORRECT COLOR DETECTED: ORANGE (3),3,
2026-09-24 13:13:35,orange,CORRECT COLOR DETECTED: ORANGE (1) | Wrong color(s): red (1),1,red (1)
2026-09-24 13:13:35,orange,WRONG COLOR DETECTED: red (1) | Waiting for ORANGE,0,red (1)
2026-09-24 13:13:37,orange,WRONG COLOR DETECTED: yellow (1) | Waiting for ORANGE,0,yellow (1)
2026-09-24 13:13:37,orange,CORRECT COLOR DETECTED: ORANGE (1) | Wrong color(s): yellow (1),1,yellow (1)
2026-09-24 13:13:37,orange,WRONG COLOR DETECTED: yellow (1) | Waiting for ORANGE,0,yellow (1)
2026-09-24 13:13:37,orange,WRONG COLOR DETECTED: red (1) | Waiting for ORANGE,0,red (1)
2026-09-24 13:13:37,orange,WRONG COLOR DETECTED: yellow (1) | Waiting for ORANGE,0,yellow (1)
2026-09-24 13:13:38,orange,"WRONG COLOR DETECTED: red (1), yellow (1) | Waiting for ORANGE",0,"red (1), yellow (1)"
2026-09-24 13:13:38,orange,WRONG COLOR DETECTED: red (1) | Waiting for ORANGE,0,red (1)
2026-09-24 13:13:38,orange,WRONG COLOR DETECTED: red (1) | Waiting for ORANGE,0,red (1)
2026-09-24 13:13:38,orange,WRONG COLOR DETECTED: red (1) | Waiting for ORANGE,0,red (1)
2026-09-24 13:13:39,orange,WRONG COLOR DETECTED: red (1) | Waiting for ORANGE,0,red (1)
2026-09-24 13:13:39,orange,WRONG COLOR DETECTED: red (1) | Waiting for ORANGE,0,red (1)
2026-09-24 13:13:40,orange,WRONG COLOR DETECTED: yellow (1) | Waiting for ORANGE,0,yellow (1)
2026-09-24 13:13:40,orange,"WRONG COLOR DETECTED: red (1), yellow (1) | Waiting for ORANGE",0,"red (1), yellow (1)"
2026-09-24 13:13:40,orange,CORRECT COLOR DETECTED: ORANGE (1) | Wrong color(s): yellow (1),1,yellow (1)
2026-09-24 13:13:40,orange,CORRECT COLOR DETECTED: ORANGE (2) | Wrong color(s): yellow (1),2,yellow (1)
2026-09-24 13:13:40,orange,WRONG COLOR DETECTED: yellow (1) | Waiting for ORANGE,0,yellow (1)
2026-09-24 13:13:41,orange,"WRONG COLOR DETECTED: red (1), yellow (1) | Waiting for ORANGE",0,"red (1), yellow (1)"
2026-09-24 13:13:41,orange,WRONG COLOR DETECTED: yellow (1) | Waiting for ORANGE,0,yellow (1)
2026-09-24 13:13:41,orange,CORRECT COLOR DETECTED: ORANGE (1) | Wrong color(s): yellow (1),1,yellow (1)
2026-09-24 13:13:41,orange,WRONG COLOR DETECTED: yellow (1) | Waiting for ORANGE,0,yellow (1)
2026-09-24 13:13:41,orange,CORRECT COLOR DETECTED: ORANGE (1) | Wrong color(s): yellow (1),1,yellow (1)
2026-09-24 13:13:41,orange,"WRONG COLOR DETECTED: red (1), yellow (1) | Waiting for ORANGE",0,"red (1), yellow (1)"
2026-09-24 13:13:41,orange,WRONG COLOR DETECTED: yellow (1) | Waiting for ORANGE,0,yellow (1)
2026-09-24 13:13:42,orange,WRONG COLOR DETECTED: red (1) | Waiting for ORANGE,0,red (1)
2026-09-24 13:13:42,orange,CORRECT COLOR DETECTED: ORANGE (1) | Wrong color(s): red (1),1,red (1)
2026-09-24 13:13:42,orange,"WRONG COLOR DETECTED: red (1), yellow (1) | Waiting for ORANGE",0,"red (1), yellow (1)"
2026-09-24 13:13:42,orange,WRONG COLOR DETECTED: red (1) | Waiting for ORANGE,0,red (1)
2026-09-24 13:13:42,orange,WRONG COLOR DETECTED: yellow (1) | Waiting for ORANGE,0,yellow (1)
2026-09-24 13:13:43,orange,CORRECT COLOR DETECTED: ORANGE (1) | Wrong color(s): yellow (1),1,yellow (1)
2026-09-24 13:13:43,orange,CORRECT COLOR DETECTED: ORANGE (1) | Wrong color(s): red (1),1,red (1)
2026-09-24 13:13:43,orange,CORRECT COLOR DETECTED: ORANGE (1),1,
2026-09-24 13:13:43,orange,CORRECT COLOR DETECTED: ORANGE (1) | Wrong color(s): red (1),1,red (1)
2026-09-24 13:13:43,orange,CORRECT COLOR DETECTED: ORANGE (1),1,
2026-09-24 13:13:43,orange,CORRECT COLOR DETECTED: ORANGE (1) | Wrong color(s): red (1),1,red (1)
2026-09-24 13:13:43,orange,CORRECT COLOR DETECTED: ORANGE (1),1,
2026-09-24 13:13:43,orange,CORRECT COLOR DETECTED: ORANGE (1) | Wrong color(s): red (1),1,red (1)
2026-09-24 13:13:44,orange,CORRECT COLOR DETECTED: ORANGE (1),1,
2026-09-24 13:13:44,orange,CORRECT COLOR DETECTED: ORANGE (1) | Wrong color(s): red (1),1,red (1)
2026-09-24 13:13:44,orange,CORRECT COLOR DETECTED: ORANGE (1),1,
2026-09-24 13:13:44,orange,CORRECT COLOR DETECTED: ORANGE (1) | Wrong color(s): red (1),1,red (1)
2026-09-24 13:13:44,orange,CORRECT COLOR DETECTED: ORANGE (1),1,
2026-09-24 13:13:44,orange,"CORRECT COLOR DETECTED: ORANGE (1) | Wrong color(s): red (1), yellow (1)",1,"red (1), yellow (1)"
2026-09-24 13:13:44,orange,CORRECT COLOR DETECTED: ORANGE (1) | Wrong color(s): yellow (1),1,yellow (1)
2026-09-24 13:13:44,orange,"CORRECT COLOR DETECTED: ORANGE (1) | Wrong color(s): red (1), yellow (1)",1,"red (1), yellow (1)"
2026-09-24 13:13:44,orange,CORRECT COLOR DETECTED: ORANGE (1) | Wrong color(s): yellow (1),1,yellow (1)
2026-09-24 13:13:44,orange,"CORRECT COLOR DETECTED: ORANGE (1) | Wrong color(s): red (1), yellow (1)",1,"red (1), yellow (1)"
2026-09-24 13:13:44,orange,CORRECT COLOR DETECTED: ORANGE (1) | Wrong color(s): yellow (1),1,yellow (1)
2026-09-24 13:13:45,orange,"CORRECT COLOR DETECTED: ORANGE (1) | Wrong color(s): red (1), yellow (1)",1,"red (1), yellow (1)"
2026-09-24 13:13:45,orange,CORRECT COLOR DETECTED: ORANGE (1) | Wrong color(s): yellow (1),1,yellow (1)
2026-09-24 13:13:45,orange,"CORRECT COLOR DETECTED: ORANGE (1) | Wrong color(s): red (1), yellow (1)",1,"red (1), yellow (1)"
2026-09-24 13:13:45,orange,CORRECT COLOR DETECTED: ORANGE (1) | Wrong color(s): yellow (1),1,yellow (1)
2026-09-24 13:13:45,orange,"CORRECT COLOR DETECTED: ORANGE (1) | Wrong color(s): red (1), yellow (1)",1,"red (1), yellow (1)"
2026-09-24 13:13:45,orange,CORRECT COLOR DETECTED: ORANGE (1) | Wrong color(s): yellow (1),1,yellow (1)
2026-09-24 13:13:45,orange,CORRECT COLOR DETECTED: ORANGE (1) | Wrong color(s): red (1),1,red (1)
2026-09-24 13:13:45,orange,CORRECT COLOR DETECTED: ORANGE (1),1,
2026-09-24 13:13:45,orange,CORRECT COLOR DETECTED: ORANGE (1) | Wrong color(s): yellow (1),1,yellow (1)
2026-09-24 13:13:46,orange,CORRECT COLOR DETECTED: ORANGE (2) | Wrong color(s): yellow (1),2,yellow (1)
2026-09-24 13:13:46,orange,CORRECT COLOR DETECTED: ORANGE (1) | Wrong color(s): yellow (1),1,yellow (1)
2026-09-24 13:13:46,orange,WRONG COLOR DETECTED: yellow (1) | Waiting for ORANGE,0,yellow (1)
2026-09-24 13:13:46,orange,CORRECT COLOR DETECTED: ORANGE (1) | Wrong color(s): yellow (1),1,yellow (1)
2026-09-24 13:13:46,orange,"WRONG COLOR DETECTED: yellow (1), blue (1) | Waiting for ORANGE",0,"yellow (1), blue (1)"
2026-09-24 13:13:46,orange,"WRONG COLOR DETECTED: red (1), yellow (1), blue (1) | Waiting for ORANGE",0,"red (1), yellow (1), blue (1)"
2026-09-24 13:13:46,orange,"WRONG COLOR DETECTED: yellow (1), blue (1) | Waiting for ORANGE",0,"yellow (1), blue (1)"
2026-09-24 13:13:46,orange,"CORRECT COLOR DETECTED: ORANGE (1) | Wrong color(s): yellow (1), blue (1)",1,"yellow (1), blue (1)"
2026-09-24 13:13:46,orange,WRONG COLOR DETECTED: yellow (1) | Waiting for ORANGE,0,yellow (1)
2026-09-24 13:13:46,orange,"WRONG COLOR DETECTED: yellow (1), blue (1) | Waiting for ORANGE",0,"yellow (1), blue (1)"
2026-09-24 13:13:47,orange,WRONG COLOR DETECTED: yellow (1) | Waiting for ORANGE,0,yellow (1)
2026-09-24 13:13:48,orange,WRONG COLOR DETECTED: yellow (1) | Waiting for ORANGE,0,yellow (1)
2026-09-24 13:13:48,orange,WRONG COLOR DETECTED: blue (1) | Waiting for ORANGE,0,blue (1)
2026-09-24 13:13:48,orange,WRONG COLOR DETECTED: purple (1) | Waiting for ORANGE,0,purple (1)
2026-09-24 13:13:48,orange,"WRONG COLOR DETECTED: blue (1), purple (1) | Waiting for ORANGE",0,"blue (1), purple (1)"
2026-09-24 13:13:48,orange,CORRECT COLOR DETECTED: ORANGE (1),1,
2026-09-24 13:13:48,orange,"CORRECT COLOR DETECTED: ORANGE (1) | Wrong color(s): red (1), yellow (1)",1,"red (1), yellow (1)"
2026-09-24 13:13:48,orange,WRONG COLOR DETECTED: yellow (1) | Waiting for ORANGE,0,yellow (1)
2026-09-24 13:13:48,orange,CORRECT COLOR DETECTED: ORANGE (1) | Wrong color(s): red (1),1,red (1)
2026-09-24 13:13:48,orange,CORRECT COLOR DETECTED: ORANGE (1),1,
2026-09-24 13:13:48,orange,CORRECT COLOR DETECTED: ORANGE (1) | Wrong color(s): red (1),1,red (1)
2026-09-24 13:13:48,orange,WRONG COLOR DETECTED: red (1) | Waiting for ORANGE,0,red (1)
2026-09-24 13:13:49,orange,CORRECT COLOR DETECTED: ORANGE (1),1,
2026-09-24 13:13:49,orange,WRONG COLOR DETECTED: red (1) | Waiting for ORANGE,0,red (1)
2026-09-24 13:13:49,orange,CORRECT COLOR DETECTED: ORANGE (1),1,
2026-09-24 13:13:49,orange,CORRECT COLOR DETECTED: ORANGE (1),1,
2026-09-24 13:13:50,orange,CORRECT COLOR DETECTED: ORANGE (1),1,
2026-09-24 13:13:51,orange,CORRECT COLOR DETECTED: ORANGE (1),1,
2026-09-24 13:13:51,orange,CORRECT COLOR DETECTED: ORANGE (1),1,
2026-09-24 13:13:51,orange,CORRECT COLOR DETECTED: ORANGE (1),1,
2026-09-24 13:13:51,orange,CORRECT COLOR DETECTED: ORANGE (1),1,
2026-09-24 13:13:52,orange,CORRECT COLOR DETECTED: ORANGE (1),1,
2026-09-24 13:13:52,orange,WRONG COLOR DETECTED: blue (1) | Waiting for ORANGE,0,blue (1)
2026-09-24 13:13:52,orange,CORRECT COLOR DETECTED: ORANGE (1) | Wrong color(s): blue (1),1,blue (1)
2026-09-24 13:13:52,orange,WRONG COLOR DETECTED: blue (1) | Waiting for ORANGE,0,blue (1)
2026-09-24 13:13:52,orange,CORRECT COLOR DETECTED: ORANGE (1) | Wrong color(s): green (1),1,green (1)
2026-09-24 13:13:52,orange,WRONG COLOR DETECTED: green (1) | Waiting for ORANGE,0,green (1)
2026-09-24 13:13:52,orange,CORRECT COLOR DETECTED: ORANGE (1),1,
2026-09-24 13:13:52,orange,CORRECT COLOR DETECTED: ORANGE (2),2,
2026-09-24 13:13:52,orange,CORRECT COLOR DETECTED: ORANGE (1),1,
2026-09-24 13:13:53,orange,CORRECT COLOR DETECTED: ORANGE (1),1,
2026-09-24 13:13:53,orange,CORRECT COLOR DETECTED: ORANGE (1),1,
2026-09-24 13:13:53,orange,CORRECT COLOR DETECTED: ORANGE (1) | Wrong color(s): blue (1),1,blue (1)
2026-09-24 13:13:53,orange,WRONG COLOR DETECTED: blue (1) | Waiting for ORANGE,0,blue (1)
2026-09-24 13:13:53,orange,CORRECT COLOR DETECTED: ORANGE (1) | Wrong color(s): blue (1),1,blue (1)
2026-09-24 13:13:53,orange,WRONG COLOR DETECTED: blue (1) | Waiting for ORANGE,0,blue (1)
2026-09-24 13:13:54,orange,CORRECT COLOR DETECTED: ORANGE (2) | Wrong color(s): blue (2),2,blue (2)
2026-09-24 13:13:54,orange,CORRECT COLOR DETECTED: ORANGE (1) | Wrong color(s): blue (2),1,blue (2)
2026-09-24 13:13:54,orange,WRONG COLOR DETECTED: yellow (1) | Waiting for ORANGE,0,yellow (1)
2026-09-24 13:13:54,orange,WRONG COLOR DETECTED: yellow (2) | Waiting for ORANGE,0,yellow (2)
2026-09-24 13:13:54,orange,CORRECT COLOR DETECTED: ORANGE (1) | Wrong color(s): yellow (1),1,yellow (1)
2026-09-24 13:13:54,orange,CORRECT COLOR DETECTED: ORANGE (2) | Wrong color(s): yellow (1),2,yellow (1)
2026-09-24 13:13:54,orange,"WRONG COLOR DETECTED: yellow (1), blue (1) | Waiting for ORANGE",0,"yellow (1), blue (1)"
2026-09-24 13:13:54,orange,WRONG COLOR DETECTED: yellow (1) | Waiting for ORANGE,0,yellow (1)
2026-09-24 13:13:55,orange,WRONG COLOR DETECTED: yellow (2) | Waiting for ORANGE,0,yellow (2)
2026-09-24 13:13:55,orange,WRONG COLOR DETECTED: yellow (1) | Waiting for ORANGE,0,yellow (1)
2026-09-24 13:13:55,orange,"WRONG COLOR DETECTED: yellow (1), blue (2) | Waiting for ORANGE",0,"yellow (1), blue (2)"
2026-09-24 13:13:55,orange,WRONG COLOR DETECTED: blue (1) | Waiting for ORANGE,0,blue (1)
2026-09-24 13:13:55,orange,WRONG COLOR DETECTED: yellow (1) | Waiting for ORANGE,0,yellow (1)
2026-09-24 13:13:56,orange,WRONG COLOR DETECTED: yellow (1) | Waiting for ORANGE,0,yellow (1)
2026-09-24 13:13:57,orange,CORRECT COLOR DETECTED: ORANGE (1),1,
2026-09-24 13:13:58,orange,CORRECT COLOR DETECTED: ORANGE (1),1,
2026-09-24 13:13:58,orange,CORRECT COLOR DETECTED: ORANGE (1),1,
2026-09-24 13:14:00,orange,WRONG COLOR DETECTED: yellow (1) | Waiting for ORANGE,0,yellow (1)
2026-09-24 13:14:00,orange,CORRECT COLOR DETECTED: ORANGE (1),1,
2026-09-24 13:14:00,orange,WRONG COLOR DETECTED: yellow (1) | Waiting for ORANGE,0,yellow (1)
2026-09-24 13:14:01,orange,CORRECT COLOR DETECTED: ORANGE (1),1,
2026-09-24 13:14:01,orange,CORRECT COLOR DETECTED: ORANGE (1),1,
2026-09-24 13:14:01,orange,CORRECT COLOR DETECTED: ORANGE (1),1,
2026-09-24 13:14:02,orange,CORRECT COLOR DETECTED: ORANGE (1),1,
2026-09-24 13:14:02,orange,CORRECT COLOR DETECTED: ORANGE (1),1,
2026-09-24 13:14:02,orange,CORRECT COLOR DETECTED: ORANGE (1),1,
2026-09-24 13:14:04,orange,WRONG COLOR DETECTED: purple (1) | Waiting for ORANGE,0,purple (1)
2026-09-24 13:14:04,orange,"WRONG COLOR DETECTED: yellow (1), purple (1) | Waiting for ORANGE",0,"yellow (1), purple (1)"
2026-09-24 13:14:04,orange,WRONG COLOR DETECTED: yellow (1) | Waiting for ORANGE,0,yellow (1)
2026-09-24 13:14:04,orange,"WRONG COLOR DETECTED: yellow (1), purple (1) | Waiting for ORANGE",0,"yellow (1), purple (1)"
2026-09-24 13:14:05,orange,WRONG COLOR DETECTED: yellow (1) | Waiting for ORANGE,0,yellow (1)
2026-09-24 13:14:07,orange,CORRECT COLOR DETECTED: ORANGE (1),1,
2026-09-24 13:14:10,orange,WRONG COLOR DETECTED: yellow (1) | Waiting for ORANGE,0,yellow (1)
2026-09-24 13:14:11,orange,WRONG COLOR DETECTED: yellow (1) | Waiting for ORANGE,0,yellow (1)
2026-09-24 13:14:12,orange,WRONG COLOR DETECTED: yellow (1) | Waiting for ORANGE,0,yellow (1)
2026-09-24 13:14:12,orange,WRONG COLOR DETECTED: yellow (1) | Waiting for ORANGE,0,yellow (1)
2026-09-24 13:14:13,orange,WRONG COLOR DETECTED: yellow (1) | Waiting for ORANGE,0,yellow (1)
2026-09-24 13:14:13,orange,WRONG COLOR DETECTED: yellow (1) | Waiting for ORANGE,0,yellow (1)
2026-09-24 13:14:14,orange,WRONG COLOR DETECTED: yellow (1) | Waiting for ORANGE,0,yellow (1)
2026-09-24 13:14:29,orange,CORRECT COLOR DETECTED: ORANGE (2),2,
2026-09-24 13:14:29,orange,CORRECT COLOR DETECTED: ORANGE (1),1,
2026-09-24 13:14:29,orange,CORRECT COLOR DETECTED: ORANGE (1),1,
2026-09-24 13:14:29,orange,WRONG COLOR DETECTED: red (1) | Waiting for ORANGE,0,red (1)
2026-09-24 13:14:29,orange,CORRECT COLOR DETECTED: ORANGE (1),1,
2026-09-24 13:14:29,orange,CORRECT COLOR DETECTED: ORANGE (1) | Wrong color(s): red (1),1,red (1)
2026-09-24 13:14:29,orange,WRONG COLOR DETECTED: red (1) | Waiting for ORANGE,0,red (1)
2026-09-24 13:14:32,orange,CORRECT COLOR DETECTED: ORANGE (1) | Wrong color(s): red (1),1,red (1)
2026-09-24 13:14:32,orange,WRONG COLOR DETECTED: red (1) | Waiting for ORANGE,0,red (1)
2026-09-24 13:14:34,orange,CORRECT COLOR DETECTED: ORANGE (1) | Wrong color(s): red (1),1,red (1)
2026-09-24 13:14:34,orange,WRONG COLOR DETECTED: red (1) | Waiting for ORANGE,0,red (1)
2026-09-24 13:14:35,orange,CORRECT COLOR DETECTED: ORANGE (1) | Wrong color(s): red (1),1,red (1)
2026-09-24 13:14:35,orange,WRONG COLOR DETECTED: red (1) | Waiting for ORANGE,0,red (1)
2026-09-24 13:14:36,orange,CORRECT COLOR DETECTED: ORANGE (1) | Wrong color(s): red (1),1,red (1)
2026-09-24 13:14:36,orange,WRONG COLOR DETECTED: red (1) | Waiting for ORANGE,0,red (1)
2026-09-24 13:14:36,orange,CORRECT COLOR DETECTED: ORANGE (1) | Wrong color(s): red (1),1,red (1)
2026-09-24 13:14:36,orange,WRONG COLOR DETECTED: red (1) | Waiting for ORANGE,0,red (1)
2026-09-24 13:14:36,orange,CORRECT COLOR DETECTED: ORANGE (1) | Wrong color(s): red (1),1,red (1)
2026-09-24 13:14:36,orange,WRONG COLOR DETECTED: red (1) | Waiting for ORANGE,0,red (1)
2026-09-24 13:14:36,orange,CORRECT COLOR DETECTED: ORANGE (1) | Wrong color(s): red (1),1,red (1)
2026-09-24 13:14:36,orange,WRONG COLOR DETECTED: red (1) | Waiting for ORANGE,0,red (1)
2026-09-24 13:14:37,orange,CORRECT COLOR DETECTED: ORANGE (1) | Wrong color(s): red (1),1,red (1)
2026-09-24 13:14:37,orange,WRONG COLOR DETECTED: red (1) | Waiting for ORANGE,0,red (1)
2026-09-24 13:14:37,orange,CORRECT COLOR DETECTED: ORANGE (1) | Wrong color(s): red (1),1,red (1)
2026-09-24 13:14:37,orange,WRONG COLOR DETECTED: red (1) | Waiting for ORANGE,0,red (1)
2026-09-24 13:14:37,orange,CORRECT COLOR DETECTED: ORANGE (1) | Wrong color(s): red (1),1,red (1)
2026-09-24 13:14:37,orange,WRONG COLOR DETECTED: red (1) | Waiting for ORANGE,0,red (1)
2026-09-24 13:14:37,orange,CORRECT COLOR DETECTED: ORANGE (1) | Wrong color(s): red (1),1,red (1)
2026-09-24 13:14:37,orange,WRONG COLOR DETECTED: red (1) | Waiting for ORANGE,0,red (1)
2026-09-24 13:14:37,orange,CORRECT COLOR DETECTED: ORANGE (1) | Wrong color(s): red (1),1,red (1)
2026-09-24 13:14:38,orange,WRONG COLOR DETECTED: red (1) | Waiting for ORANGE,0,red (1)
2026-09-24 13:14:38,orange,CORRECT COLOR DETECTED: ORANGE (1) | Wrong color(s): red (1),1,red (1)
2026-09-24 13:14:38,orange,CORRECT COLOR DETECTED: ORANGE (2) | Wrong color(s): red (1),2,red (1)
2026-09-24 13:14:38,orange,CORRECT COLOR DETECTED: ORANGE (1) | Wrong color(s): red (1),1,red (1)
2026-09-24 13:14:38,orange,WRONG COLOR DETECTED: red (1) | Waiting for ORANGE,0,red (1)
2026-09-24 13:14:44,orange,CORRECT COLOR DETECTED: ORANGE (1) | Wrong color(s): red (1),1,red (1)
2026-09-24 13:14:44,orange,WRONG COLOR DETECTED: red (1) | Waiting for ORANGE,0,red (1)
2026-09-24 13:14:44,orange,CORRECT COLOR DETECTED: ORANGE (2),2,
2026-09-24 13:14:44,orange,CORRECT COLOR DETECTED: ORANGE (1),1,
2026-09-24 13:14:46,orange,CORRECT COLOR DETECTED: ORANGE (1) | Wrong color(s): red (1),1,red (1)
2026-09-24 13:14:46,orange,CORRECT COLOR DETECTED: ORANGE (1) | Wrong color(s): red (2),1,red (2)
2026-09-24 13:14:46,orange,CORRECT COLOR DETECTED: ORANGE (2) | Wrong color(s): red (1),2,red (1)
2026-09-24 13:14:47,orange,WRONG COLOR DETECTED: red (1) | Waiting for ORANGE,0,red (1)
2026-09-24 13:14:47,orange,CORRECT COLOR DETECTED: ORANGE (1) | Wrong color(s): red (1),1,red (1)
2026-09-24 13:14:47,orange,WRONG COLOR DETECTED: red (1) | Waiting for ORANGE,0,red (1)
2026-09-24 13:14:47,orange,CORRECT COLOR DETECTED: ORANGE (1) | Wrong color(s): red (1),1,red (1)
2026-09-24 13:14:48,orange,CORRECT COLOR DETECTED: ORANGE (1),1,
2026-09-24 13:14:48,orange,WRONG COLOR DETECTED: red (1) | Waiting for ORANGE,0,red (1)
2026-09-24 13:14:48,orange,CORRECT COLOR DETECTED: ORANGE (1) | Wrong color(s): red (1),1,red (1)
2026-09-24 13:14:48,orange,WRONG COLOR DETECTED: red (1) | Waiting for ORANGE,0,red (1)
2026-09-24 13:15:01,orange,CORRECT COLOR DETECTED: ORANGE (1),1,
2026-09-24 13:15:08,orange,WRONG COLOR DETECTED: red (1) | Waiting for ORANGE,0,red (1)
2026-09-24 13:15:10,orange,CORRECT COLOR DETECTED: ORANGE (1),1,
2026-09-24 13:15:13,orange,CORRECT COLOR DETECTED: ORANGE (1),1,
2026-09-24 13:15:15,orange,CORRECT COLOR DETECTED: ORANGE (1),1,
2026-09-24 13:15:17,orange,WRONG COLOR DETECTED: red (1) | Waiting for ORANGE,0,red (1)
2026-09-24 13:15:29,orange,CORRECT COLOR DETECTED: ORANGE (1),1,
2026-09-24 13:15:31,orange,CORRECT COLOR DETECTED: ORANGE (1),1,
2026-09-24 13:15:31,orange,CORRECT COLOR DETECTED: ORANGE (1),1,
2026-09-24 13:15:49,orange,CORRECT COLOR DETECTED: ORANGE (1),1,
2026-09-24 13:15:50,orange,CORRECT COLOR DETECTED: ORANGE (1),1,
2026-09-24 13:15:51,orange,CORRECT COLOR DETECTED: ORANGE (1),1,
2026-09-24 13:15:51,orange,CORRECT COLOR DETECTED: ORANGE (1),1,
2026-09-24 13:15:52,orange,CORRECT COLOR DETECTED: ORANGE (1),1,
2026-09-24 13:15:52,orange,CORRECT COLOR DETECTED: ORANGE (1) | Wrong color(s): red (1),1,red (1)
2026-09-24 13:15:52,orange,WRONG COLOR DETECTED: red (2) | Waiting for ORANGE,0,red (2)
2026-09-24 13:15:52,orange,WRONG COLOR DETECTED: red (1) | Waiting for ORANGE,0,red (1)
2026-09-24 13:15:53,orange,CORRECT COLOR DETECTED: ORANGE (1),1,
2026-09-24 13:15:53,orange,WRONG COLOR DETECTED: red (1) | Waiting for ORANGE,0,red (1)
2026-09-24 13:15:53,orange,CORRECT COLOR DETECTED: ORANGE (1),1,
2026-09-24 13:15:53,orange,CORRECT COLOR DETECTED: ORANGE (1) | Wrong color(s): red (1),1,red (1)
2026-09-24 13:15:54,orange,CORRECT COLOR DETECTED: ORANGE (1),1,
2026-09-24 13:15:57,orange,CORRECT COLOR DETECTED: ORANGE (1),1,
2026-09-24 13:15:57,orange,CORRECT COLOR DETECTED: ORANGE (1),1,
2026-09-24 13:16:00,orange,CORRECT COLOR DETECTED: ORANGE (2),2,
2026-09-24 13:16:01,orange,CORRECT COLOR DETECTED: ORANGE (1),1,
2026-09-24 13:16:02,orange,CORRECT COLOR DETECTED: ORANGE (1),1,
2026-09-24 13:16:02,orange,CORRECT COLOR DETECTED: ORANGE (1),1,
2026-09-24 13:16:02,orange,CORRECT COLOR DETECTED: ORANGE (1),1,
2026-09-24 13:16:04,orange,CORRECT COLOR DETECTED: ORANGE (1),1,
2026-09-24 13:16:04,orange,CORRECT COLOR DETECTED: ORANGE (1),1,
2026-09-24 13:16:05,orange,CORRECT COLOR DETECTED: ORANGE (1),1,
2026-09-24 13:16:05,orange,CORRECT COLOR DETECTED: ORANGE (1),1,
2026-09-24 13:16:06,orange,CORRECT COLOR DETECTED: ORANGE (1),1,
2026-09-24 13:16:06,orange,CORRECT COLOR DETECTED: ORANGE (1),1,
2026-09-24 13:16:06,orange,CORRECT COLOR DETECTED: ORANGE (2),2,
2026-09-24 13:16:06,orange,WRONG COLOR DETECTED: red (1) | Waiting for ORANGE,0,red (1)
2026-09-24 13:16:06,orange,CORRECT COLOR DETECTED: ORANGE (1),1,
2026-09-24 13:16:07,orange,CORRECT COLOR DETECTED: ORANGE (1),1,
2026-09-24 13:16:07,orange,CORRECT COLOR DETECTED: ORANGE (1),1,
2026-09-24 13:16:07,orange,CORRECT COLOR DETECTED: ORANGE (1),1,
2026-09-24 13:16:07,orange,CORRECT COLOR DETECTED: ORANGE (1),1,
2026-09-24 13:16:08,orange,CORRECT COLOR DETECTED: ORANGE (1),1,
2026-09-24 13:16:09,orange,CORRECT COLOR DETECTED: ORANGE (1),1,
2026-09-24 13:16:10,orange,CORRECT COLOR DETECTED: ORANGE (1),1,
2026-09-24 13:16:10,orange,WRONG COLOR DETECTED: red (1) | Waiting for ORANGE,0,red (1)
2026-09-24 13:16:18,orange,WRONG COLOR DETECTED: red (1) | Waiting for ORANGE,0,red (1)
2026-09-24 13:16:19,orange,WRONG COLOR DETECTED: red (1) | Waiting for ORANGE,0,red (1)
2026-09-24 13:16:19,orange,WRONG COLOR DETECTED: red (1) | Waiting for ORANGE,0,red (1)
2026-09-24 13:16:19,orange,WRONG COLOR DETECTED: red (1) | Waiting for ORANGE,0,red (1)
2026-09-24 13:16:19,orange,WRONG COLOR DETECTED: red (1) | Waiting for ORANGE,0,red (1)
2026-09-24 13:16:20,orange,"WRONG COLOR DETECTED: red (1), blue (1) | Waiting for ORANGE",0,"red (1), blue (1)"
2026-09-24 13:16:20,orange,WRONG COLOR DETECTED: blue (1) | Waiting for ORANGE,0,blue (1)
2026-09-24 13:16:20,orange,"WRONG COLOR DETECTED: red (1), blue (1) | Waiting for ORANGE",0,"red (1), blue (1)"
2026-09-24 13:16:20,orange,WRONG COLOR DETECTED: blue (1) | Waiting for ORANGE,0,blue (1)
2026-09-24 13:16:20,orange,"WRONG COLOR DETECTED: red (1), blue (1) | Waiting for ORANGE",0,"red (1), blue (1)"
2026-09-24 13:16:20,orange,WRONG COLOR DETECTED: blue (1) | Waiting for ORANGE,0,blue (1)
2026-09-24 13:16:20,orange,WRONG COLOR DETECTED: blue (1) | Waiting for ORANGE,0,blue (1)
2026-09-24 13:16:21,orange,WRONG COLOR DETECTED: blue (1) | Waiting for ORANGE,0,blue (1)
2026-09-24 13:16:21,orange,WRONG COLOR DETECTED: blue (1) | Waiting for ORANGE,0,blue (1)
2026-09-24 13:16:21,orange,WRONG COLOR DETECTED: blue (2) | Waiting for ORANGE,0,blue (2)
2026-09-24 13:16:21,orange,WRONG COLOR DETECTED: blue (1) | Waiting for ORANGE,0,blue (1)
2026-09-24 13:16:21,orange,WRONG COLOR DETECTED: blue (2) | Waiting for ORANGE,0,blue (2)
2026-09-24 13:16:22,orange,WRONG COLOR DETECTED: blue (1) | Waiting for ORANGE,0,blue (1)
2026-09-24 13:16:22,orange,WRONG COLOR DETECTED: blue (1) | Waiting for ORANGE,0,blue (1)
2026-09-24 13:16:23,orange,WRONG COLOR DETECTED: blue (1) | Waiting for ORANGE,0,blue (1)
2026-09-24 13:16:23,orange,WRONG COLOR DETECTED: blue (1) | Waiting for ORANGE,0,blue (1)
2026-09-24 13:16:29,green,WRONG COLOR DETECTED: purple (1) | Waiting for GREEN,0,purple (1)
2026-09-24 13:16:30,blue,WRONG COLOR DETECTED: purple (1) | Waiting for BLUE,0,purple (1)
2026-09-24 13:16:31,blue,"WRONG COLOR DETECTED: orange (1), purple (1) | Waiting for BLUE",0,"orange (1), purple (1)"
2026-09-24 13:16:31,blue,WRONG COLOR DETECTED: purple (1) | Waiting for BLUE,0,purple (1)
2026-09-24 13:16:31,blue,"WRONG COLOR DETECTED: orange (1), purple (1) | Waiting for BLUE",0,"orange (1), purple (1)"
2026-09-24 13:16:31,blue,WRONG COLOR DETECTED: purple (1) | Waiting for BLUE,0,purple (1)
2026-09-24 13:16:31,blue,WRONG COLOR DETECTED: yellow (1) | Waiting for BLUE,0,yellow (1)
2026-09-24 13:16:31,blue,"WRONG COLOR DETECTED: orange (1), yellow (1) | Waiting for BLUE",0,"orange (1), yellow (1)"
2026-09-24 13:16:32,blue,WRONG COLOR DETECTED: orange (1) | Waiting for BLUE,0,orange (1)
2026-09-24 13:16:32,blue,"WRONG COLOR DETECTED: orange (1), purple (1) | Waiting for BLUE",0,"orange (1), purple (1)"
2026-09-24 13:16:32,blue,WRONG COLOR DETECTED: orange (1) | Waiting for BLUE,0,orange (1)
2026-09-24 13:16:32,blue,WRONG COLOR DETECTED: orange (1) | Waiting for BLUE,0,orange (1)
2026-09-24 13:16:47,blue,WRONG COLOR DETECTED: red (1) | Waiting for BLUE,0,red (1)
2026-09-24 13:16:48,blue,WRONG COLOR DETECTED: red (2) | Waiting for BLUE,0,red (2)
2026-09-24 13:16:48,blue,WRONG COLOR DETECTED: red (1) | Waiting for BLUE,0,red (1)
2026-09-24 13:16:48,blue,"WRONG COLOR DETECTED: red (1), orange (1) | Waiting for BLUE",0,"red (1), orange (1)"
2026-09-24 13:16:48,blue,WRONG COLOR DETECTED: red (1) | Waiting for BLUE,0,red (1)
2026-09-24 13:16:48,blue,"WRONG COLOR DETECTED: red (1), orange (1) | Waiting for BLUE",0,"red (1), orange (1)"
2026-09-24 13:16:48,blue,WRONG COLOR DETECTED: red (1) | Waiting for BLUE,0,red (1)
2026-09-24 13:16:49,blue,"WRONG COLOR DETECTED: red (1), orange (1) | Waiting for BLUE",0,"red (1), orange (1)"
2026-09-24 13:16:49,blue,WRONG COLOR DETECTED: red (1) | Waiting for BLUE,0,red (1)
2026-09-24 13:16:49,blue,"WRONG COLOR DETECTED: red (1), orange (1) | Waiting for BLUE",0,"red (1), orange (1)"
2026-09-24 13:16:49,blue,WRONG COLOR DETECTED: red (1) | Waiting for BLUE,0,red (1)
2026-09-24 13:16:50,blue,"WRONG COLOR DETECTED: red (1), yellow (1) | Waiting for BLUE",0,"red (1), yellow (1)"
2026-09-24 13:16:50,blue,WRONG COLOR DETECTED: red (1) | Waiting for BLUE,0,red (1)
2026-09-24 13:16:50,blue,"WRONG COLOR DETECTED: red (1), orange (2) | Waiting for BLUE",0,"red (1), orange (2)"
2026-09-24 13:16:50,blue,WRONG COLOR DETECTED: red (1) | Waiting for BLUE,0,red (1)
2026-09-24 13:16:50,blue,"WRONG COLOR DETECTED: red (1), orange (2) | Waiting for BLUE",0,"red (1), orange (2)"
2026-09-24 13:16:50,blue,"WRONG COLOR DETECTED: red (1), orange (1) | Waiting for BLUE",0,"red (1), orange (1)"
2026-09-24 13:16:51,blue,WRONG COLOR DETECTED: red (1) | Waiting for BLUE,0,red (1)
2026-09-24 13:16:51,blue,"WRONG COLOR DETECTED: red (1), orange (1) | Waiting for BLUE",0,"red (1), orange (1)"
2026-09-24 13:16:51,blue,WRONG COLOR DETECTED: red (1) | Waiting for BLUE,0,red (1)
2026-09-24 13:16:52,blue,"WRONG COLOR DETECTED: red (1), yellow (1) | Waiting for BLUE",0,"red (1), yellow (1)"
2026-09-24 13:16:52,purple,WRONG COLOR DETECTED: red (1) | Waiting for PURPLE,0,red (1)
2026-09-24 13:16:52,purple,"WRONG COLOR DETECTED: red (1), orange (1) | Waiting for PURPLE",0,"red (1), orange (1)"
2026-09-24 13:16:52,purple,WRONG COLOR DETECTED: red (1) | Waiting for PURPLE,0,red (1)
2026-09-24 13:16:52,purple,"WRONG COLOR DETECTED: red (1), orange (1) | Waiting for PURPLE",0,"red (1), orange (1)"
2026-09-24 13:16:52,purple,WRONG COLOR DETECTED: red (1) | Waiting for PURPLE,0,red (1)
2026-09-24 13:16:52,purple,"WRONG COLOR DETECTED: red (1), orange (1) | Waiting for PURPLE",0,"red (1), orange (1)"
2026-09-24 13:16:52,purple,WRONG COLOR DETECTED: red (1) | Waiting for PURPLE,0,red (1)
2026-09-24 13:16:53,purple,"WRONG COLOR DETECTED: red (1), orange (1) | Waiting for PURPLE",0,"red (1), orange (1)"
2026-09-24 13:16:53,red,CORRECT COLOR DETECTED: RED (1) | Wrong color(s): orange (1),1,orange (1)
2026-09-24 13:16:54,red,"CORRECT COLOR DETECTED: RED (1) | Wrong color(s): orange (1), green (1)",1,"orange (1), green (1)"
2026-09-24 13:16:54,red,"CORRECT COLOR DETECTED: RED (1) | Wrong color(s): yellow (1), green (1)",1,"yellow (1), green (1)"
2026-09-24 13:16:54,red,"CORRECT COLOR DETECTED: RED (2) | Wrong color(s): yellow (1), green (1)",2,"yellow (1), green (1)"
2026-09-24 13:16:54,red,"CORRECT COLOR DETECTED: RED (2) | Wrong color(s): orange (1), yellow (1), green (1)",2,"orange (1), yellow (1), green (1)"
2026-09-24 13:16:54,red,"CORRECT COLOR DETECTED: RED (1) | Wrong color(s): orange (2), yellow (1), green (1)",1,"orange (2), yellow (1), green (1)"
2026-09-24 13:16:54,red,"CORRECT COLOR DETECTED: RED (1) | Wrong color(s): yellow (1), green (1)",1,"yellow (1), green (1)"
2026-09-24 13:16:54,red,"CORRECT COLOR DETECTED: RED (1) | Wrong color(s): orange (2), yellow (1), green (1)",1,"orange (2), yellow (1), green (1)"
2026-09-24 13:16:54,red,"CORRECT COLOR DETECTED: RED (1) | Wrong color(s): yellow (1), green (1)",1,"yellow (1), green (1)"
2026-09-24 13:16:54,red,"CORRECT COLOR DETECTED: RED (2) | Wrong color(s): orange (1), yellow (1), green (1)",2,"orange (1), yellow (1), green (1)"
2026-09-24 13:16:54,red,"CORRECT COLOR DETECTED: RED (1) | Wrong color(s): orange (1), yellow (1), green (1)",1,"orange (1), yellow (1), green (1)"
2026-09-24 13:16:54,purple,"WRONG COLOR DETECTED: red (1), orange (1), yellow (1), green (1) | Waiting for PURPLE",0,"red (1), orange (1), yellow (1), green (1)"
2026-09-24 13:16:55,purple,"WRONG COLOR DETECTED: red (2), orange (1), yellow (1), green (1) | Waiting for PURPLE",0,"red (2), orange (1), yellow (1), green (1)"
2026-09-24 13:16:55,purple,"WRONG COLOR DETECTED: red (1), orange (1), yellow (1), green (1) | Waiting for PURPLE",0,"red (1), orange (1), yellow (1), green (1)"
2026-09-24 13:16:55,purple,"WRONG COLOR DETECTED: red (2), orange (1), yellow (1), green (1) | Waiting for PURPLE",0,"red (2), orange (1), yellow (1), green (1)"
2026-09-24 13:16:55,purple,"WRONG COLOR DETECTED: red (2), orange (2), yellow (1), green (1) | Waiting for PURPLE",0,"red (2), orange (2), yellow (1), green (1)"
2026-09-24 13:16:55,purple,"WRONG COLOR DETECTED: red (2), orange (1), yellow (1), green (1) | Waiting for PURPLE",0,"red (2), orange (1), yellow (1), green (1)"
2026-09-24 13:16:55,purple,"WRONG COLOR DETECTED: red (1), orange (1), green (1) | Waiting for PURPLE",0,"red (1), orange (1), green (1)"
2026-09-24 13:16:55,purple,"WRONG COLOR DETECTED: red (2), orange (1), green (1) | Waiting for PURPLE",0,"red (2), orange (1), green (1)"
2026-09-24 13:16:55,purple,"WRONG COLOR DETECTED: red (1), orange (2), green (1) | Waiting for PURPLE",0,"red (1), orange (2), green (1)"
2026-09-24 13:16:55,purple,"WRONG COLOR DETECTED: red (1), orange (1), green (1) | Waiting for PURPLE",0,"red (1), orange (1), green (1)"
2026-09-24 13:16:55,purple,"WRONG COLOR DETECTED: red (1), green (1) | Waiting for PURPLE",0,"red (1), green (1)"
2026-09-24 13:16:55,purple,"WRONG COLOR DETECTED: red (1), orange (1), green (1) | Waiting for PURPLE",0,"red (1), orange (1), green (1)"
2026-09-24 13:16:55,purple,"WRONG COLOR DETECTED: red (1), orange (2), green (1) | Waiting for PURPLE",0,"red (1), orange (2), green (1)"
2026-09-24 13:16:56,red,"CORRECT COLOR DETECTED: RED (1) | Wrong color(s): orange (2), green (1)",1,"orange (2), green (1)"
2026-09-24 13:16:56,red,CORRECT COLOR DETECTED: RED (1) | Wrong color(s): orange (2),1,orange (2)
2026-09-24 13:16:56,red,CORRECT COLOR DETECTED: RED (1),1,
2026-09-24 13:16:56,red,"CORRECT COLOR DETECTED: RED (1) | Wrong color(s): orange (1), yellow (1)",1,"orange (1), yellow (1)"
2026-09-24 13:16:56,red,CORRECT COLOR DETECTED: RED (1),1,
2026-09-24 13:16:56,red,"CORRECT COLOR DETECTED: RED (1) | Wrong color(s): orange (1), green (1)",1,"orange (1), green (1)"
2026-09-24 13:16:56,red,CORRECT COLOR DETECTED: RED (1) | Wrong color(s): green (1),1,green (1)
2026-09-24 13:16:57,red,CORRECT COLOR DETECTED: RED (2) | Wrong color(s): green (1),2,green (1)
2026-09-24 13:16:59,red,"CORRECT COLOR DETECTED: RED (1) | Wrong color(s): orange (1), green (1)",1,"orange (1), green (1)"
2026-09-24 13:17:00,red,"CORRECT COLOR DETECTED: RED (2) | Wrong color(s): orange (1), green (1)",2,"orange (1), green (1)"
2026-09-24 13:17:00,red,CORRECT COLOR DETECTED: RED (2) | Wrong color(s): green (1),2,green (1)
2026-09-24 13:17:00,red,CORRECT COLOR DETECTED: RED (1) | Wrong color(s): green (1),1,green (1)
2026-09-24 13:17:00,red,CORRECT COLOR DETECTED: RED (2) | Wrong color(s): green (1),2,green (1)
2026-09-24 13:17:00,red,CORRECT COLOR DETECTED: RED (1) | Wrong color(s): green (1),1,green (1)
2026-09-24 13:17:01,red,"CORRECT COLOR DETECTED: RED (1) | Wrong color(s): orange (1), green (1)",1,"orange (1), green (1)"
2026-09-24 13:17:01,red,CORRECT COLOR DETECTED: RED (1),1,
2026-09-24 13:17:01,red,CORRECT COLOR DETECTED: RED (1) | Wrong color(s): orange (3),1,orange (3)
2026-09-24 13:17:01,red,CORRECT COLOR DETECTED: RED (1) | Wrong color(s): orange (2),1,orange (2)
2026-09-24 13:17:01,red,"CORRECT COLOR DETECTED: RED (2) | Wrong color(s): orange (1), yellow (1)",2,"orange (1), yellow (1)"
2026-09-24 13:17:01,red,"WRONG COLOR DETECTED: orange (3), yellow (1) | Waiting for RED",0,"orange (3), yellow (1)"
2026-09-24 13:17:01,red,"WRONG COLOR DETECTED: orange (1), yellow (2) | Waiting for RED",0,"orange (1), yellow (2)"
2026-09-24 13:17:01,red,"CORRECT COLOR DETECTED: RED (1) | Wrong color(s): orange (3), yellow (2)",1,"orange (3), yellow (2)"
2026-09-24 13:17:01,red,"WRONG COLOR DETECTED: orange (2), yellow (2) | Waiting for RED",0,"orange (2), yellow (2)"
2026-09-24 13:17:01,red,"CORRECT COLOR DETECTED: RED (1) | Wrong color(s): orange (1), yellow (2)",1,"orange (1), yellow (2)"
2026-09-24 13:17:02,red,"WRONG COLOR DETECTED: orange (1), yellow (2) | Waiting for RED",0,"orange (1), yellow (2)"
2026-09-24 13:17:02,red,"CORRECT COLOR DETECTED: RED (1) | Wrong color(s): orange (1), yellow (2)",1,"orange (1), yellow (2)"
2026-09-24 13:17:02,red,"WRONG COLOR DETECTED: orange (1), yellow (2) | Waiting for RED",0,"orange (1), yellow (2)"
2026-09-24 13:17:02,red,"WRONG COLOR DETECTED: orange (1), yellow (1) | Waiting for RED",0,"orange (1), yellow (1)"
2026-09-24 13:17:02,red,WRONG COLOR DETECTED: yellow (1) | Waiting for RED,0,yellow (1)
2026-09-24 13:17:02,red,"WRONG COLOR DETECTED: orange (1), yellow (1) | Waiting for RED",0,"orange (1), yellow (1)"
2026-09-24 13:17:02,red,"WRONG COLOR DETECTED: orange (2), yellow (1) | Waiting for RED",0,"orange (2), yellow (1)"
2026-09-24 13:17:02,red,"CORRECT COLOR DETECTED: RED (1) | Wrong color(s): orange (1), yellow (1)",1,"orange (1), yellow (1)"
2026-09-24 13:17:02,red,"WRONG COLOR DETECTED: orange (1), yellow (1) | Waiting for RED",0,"orange (1), yellow (1)"
2026-09-24 13:17:02,orange,CORRECT COLOR DETECTED: ORANGE (1) | Wrong color(s): yellow (1),1,yellow (1)
2026-09-24 13:17:02,orange,CORRECT COLOR DETECTED: ORANGE (2) | Wrong color(s): yellow (1),2,yellow (1)
2026-09-24 13:17:02,orange,CORRECT COLOR DETECTED: ORANGE (3) | Wrong color(s): yellow (1),3,yellow (1)
2026-09-24 13:17:03,orange,CORRECT COLOR DETECTED: ORANGE (1) | Wrong color(s): yellow (1),1,yellow (1)
2026-09-24 13:17:03,orange,"CORRECT COLOR DETECTED: ORANGE (1) | Wrong color(s): yellow (1), blue (1)",1,"yellow (1), blue (1)"
2026-09-24 13:17:03,orange,"CORRECT COLOR DETECTED: ORANGE (3) | Wrong color(s): yellow (2), blue (1)",3,"yellow (2), blue (1)"
2026-09-24 13:17:03,orange,"CORRECT COLOR DETECTED: ORANGE (2) | Wrong color(s): yellow (2), blue (1)",2,"yellow (2), blue (1)"
2026-09-24 13:17:03,orange,WRONG COLOR DETECTED: yellow (1) | Waiting for ORANGE,0,yellow (1)
2026-09-24 13:17:03,orange,CORRECT COLOR DETECTED: ORANGE (1) | Wrong color(s): yellow (1),1,yellow (1)
2026-09-24 13:17:03,orange,WRONG COLOR DETECTED: yellow (1) | Waiting for ORANGE,0,yellow (1)
2026-09-24 13:17:03,orange,"WRONG COLOR DETECTED: yellow (1), blue (1) | Waiting for ORANGE",0,"yellow (1), blue (1)"
2026-09-24 13:17:03,orange,WRONG COLOR DETECTED: yellow (1) | Waiting for ORANGE,0,yellow (1)
2026-09-24 13:17:08,orange,CORRECT COLOR DETECTED: ORANGE (1),1,
2026-09-24 13:17:09,orange,CORRECT COLOR DETECTED: ORANGE (1),1,
2026-09-24 13:17:12,orange,WRONG COLOR DETECTED: purple (1) | Waiting for ORANGE,0,purple (1)
2026-09-24 13:17:15,purple,CORRECT COLOR DETECTED: PURPLE (1),1,
2026-09-24 13:17:17,purple,CORRECT COLOR DETECTED: PURPLE (1) | Wrong color(s): orange (1),1,orange (1)
2026-09-24 13:17:17,purple,CORRECT COLOR DETECTED: PURPLE (1),1,
2026-09-24 13:17:17,purple,CORRECT COLOR DETECTED: PURPLE (1) | Wrong color(s): yellow (1),1,yellow (1)
2026-09-24 13:17:17,purple,CORRECT COLOR DETECTED: PURPLE (1),1,
2026-09-24 13:17:17,purple,CORRECT COLOR DETECTED: PURPLE (1) | Wrong color(s): orange (1),1,orange (1)
2026-09-24 13:17:17,purple,CORRECT COLOR DETECTED: PURPLE (1),1,
2026-09-24 13:17:43,purple,WRONG COLOR DETECTED: orange (1) | Waiting for PURPLE,0,orange (1)
2026-09-24 13:17:43,purple,"WRONG COLOR DETECTED: red (1), orange (1) | Waiting for PURPLE",0,"red (1), orange (1)"
2026-09-24 13:17:44,purple,WRONG COLOR DETECTED: red (1) | Waiting for PURPLE,0,red (1)
2026-09-24 13:17:44,purple,WRONG COLOR DETECTED: orange (1) | Waiting for PURPLE,0,orange (1)
2026-09-24 13:17:44,purple,WRONG COLOR DETECTED: orange (1) | Waiting for PURPLE,0,orange (1)
2026-09-24 13:17:44,purple,WRONG COLOR DETECTED: orange (1) | Waiting for PURPLE,0,orange (1)
2026-09-24 13:17:52,purple,WRONG COLOR DETECTED: blue (1) | Waiting for PURPLE,0,blue (1)
2026-09-24 13:17:52,purple,"WRONG COLOR DETECTED: orange (1), blue (1) | Waiting for PURPLE",0,"orange (1), blue (1)"
2026-09-24 13:17:52,purple,WRONG COLOR DETECTED: blue (1) | Waiting for PURPLE,0,blue (1)
2026-09-24 13:17:53,purple,"WRONG COLOR DETECTED: orange (1), blue (1) | Waiting for PURPLE",0,"orange (1), blue (1)"
2026-09-24 13:17:53,purple,WRONG COLOR DETECTED: blue (1) | Waiting for PURPLE,0,blue (1)
2026-09-24 13:17:54,purple,CORRECT COLOR DETECTED: PURPLE (1) | Wrong color(s): blue (1),1,blue (1)
2026-09-24 13:17:55,purple,"CORRECT COLOR DETECTED: PURPLE (1) | Wrong color(s): orange (1), blue (1)",1,"orange (1), blue (1)"
2026-09-24 13:17:55,purple,CORRECT COLOR DETECTED: PURPLE (1) | Wrong color(s): blue (1),1,blue (1)
2026-09-24 13:17:56,purple,"CORRECT COLOR DETECTED: PURPLE (1) | Wrong color(s): orange (1), blue (1)",1,"orange (1), blue (1)"
2026-09-24 13:17:56,purple,CORRECT COLOR DETECTED: PURPLE (1) | Wrong color(s): blue (1),1,blue (1)
2026-09-24 13:17:56,purple,CORRECT COLOR DETECTED: PURPLE (1),1,
2026-09-24 13:18:00,red,WRONG COLOR DETECTED: purple (1) | Waiting for RED,0,purple (1)
2026-09-24 13:18:02,red,"WRONG COLOR DETECTED: orange (1), purple (1) | Waiting for RED",0,"orange (1), purple (1)"
2026-09-24 13:18:02,red,WRONG COLOR DETECTED: purple (1) | Waiting for RED,0,purple (1)
2026-09-24 13:18:02,red,"WRONG COLOR DETECTED: blue (1), purple (1) | Waiting for RED",0,"blue (1), purple (1)"
2026-09-24 13:18:03,red,"CORRECT COLOR DETECTED: RED (1) | Wrong color(s): blue (1), purple (1)",1,"blue (1), purple (1)"
2026-09-24 13:18:03,red,CORRECT COLOR DETECTED: RED (1) | Wrong color(s): blue (1),1,blue (1)
2026-09-24 13:18:03,red,WRONG COLOR DETECTED: blue (1) | Waiting for RED,0,blue (1)
2026-09-24 13:18:03,red,"WRONG COLOR DETECTED: blue (1), purple (1) | Waiting for RED",0,"blue (1), purple (1)"
2026-09-24 13:18:03,red,WRONG COLOR DETECTED: purple (1) | Waiting for RED,0,purple (1)
2026-09-24 13:18:03,red,CORRECT COLOR DETECTED: RED (1) | Wrong color(s): purple (1),1,purple (1)
2026-09-24 13:18:03,red,"CORRECT COLOR DETECTED: RED (1) | Wrong color(s): blue (1), purple (1)",1,"blue (1), purple (1)"
2026-09-24 13:18:03,red,"CORRECT COLOR DETECTED: RED (1) | Wrong color(s): orange (1), blue (1)",1,"orange (1), blue (1)"
2026-09-24 13:18:03,red,CORRECT COLOR DETECTED: RED (1) | Wrong color(s): orange (1),1,orange (1)
2026-09-24 13:18:04,red,CORRECT COLOR DETECTED: RED (1),1,
2026-09-24 13:18:04,red,CORRECT COLOR DETECTED: RED (1) | Wrong color(s): purple (1),1,purple (1)
2026-09-24 13:18:05,red,CORRECT COLOR DETECTED: RED (1),1,
2026-09-24 13:18:05,red,"CORRECT COLOR DETECTED: RED (1) | Wrong color(s): orange (1), purple (1)",1,"orange (1), purple (1)"
2026-09-24 13:18:05,red,CORRECT COLOR DETECTED: RED (1),1,
2026-09-24 13:18:05,red,CORRECT COLOR DETECTED: RED (1) | Wrong color(s): orange (1),1,orange (1)
2026-09-24 13:18:05,red,CORRECT COLOR DETECTED: RED (1),1,
2026-09-24 13:18:05,red,"CORRECT COLOR DETECTED: RED (1) | Wrong color(s): blue (1), purple (1)",1,"blue (1), purple (1)"
2026-09-24 13:18:05,red,WRONG COLOR DETECTED: blue (1) | Waiting for RED,0,blue (1)
2026-09-24 13:18:05,red,"WRONG COLOR DETECTED: blue (1), purple (1) | Waiting for RED",0,"blue (1), purple (1)"
2026-09-24 13:18:05,red,WRONG COLOR DETECTED: blue (2) | Waiting for RED,0,blue (2)
2026-09-24 13:18:05,red,WRONG COLOR DETECTED: blue (1) | Waiting for RED,0,blue (1)
2026-09-24 13:18:05,red,CORRECT COLOR DETECTED: RED (1) | Wrong color(s): orange (1),1,orange (1)
2026-09-24 13:18:05,red,CORRECT COLOR DETECTED: RED (1) | Wrong color(s): purple (1),1,purple (1)
2026-09-24 13:18:05,red,"WRONG COLOR DETECTED: orange (1), purple (1) | Waiting for RED",0,"orange (1), purple (1)"
2026-09-24 13:18:06,red,"CORRECT COLOR DETECTED: RED (1) | Wrong color(s): orange (1), purple (1)",1,"orange (1), purple (1)"
2026-09-24 13:18:06,red,WRONG COLOR DETECTED: purple (1) | Waiting for RED,0,purple (1)
2026-09-24 13:18:11,red,WRONG COLOR DETECTED: purple (1) | Waiting for RED,0,purple (1)
2026-09-24 13:18:33,purple,CORRECT COLOR DETECTED: PURPLE (1),1,
2026-09-24 13:18:34,red,WRONG COLOR DETECTED: purple (1) | Waiting for RED,0,purple (1)
2026-09-24 13:18:36,red,CORRECT COLOR DETECTED: RED (1) | Wrong color(s): purple (1),1,purple (1)
2026-09-24 13:18:37,orange,"WRONG COLOR DETECTED: red (1), purple (1) | Waiting for ORANGE",0,"red (1), purple (1)"
2026-09-24 13:18:37,orange,"CORRECT COLOR DETECTED: ORANGE (1) | Wrong color(s): red (2), purple (1)",1,"red (2), purple (1)"
2026-09-24 13:18:37,orange,"WRONG COLOR DETECTED: red (1), purple (1) | Waiting for ORANGE",0,"red (1), purple (1)"
2026-09-24 13:18:38,orange,"CORRECT COLOR DETECTED: ORANGE (1) | Wrong color(s): red (1), purple (1)",1,"red (1), purple (1)"
2026-09-24 13:18:38,orange,CORRECT COLOR DETECTED: ORANGE (1) | Wrong color(s): purple (1),1,purple (1)
2026-09-24 13:18:38,orange,WRONG COLOR DETECTED: purple (1) | Waiting for ORANGE,0,purple (1)
2026-09-24 13:18:38,orange,"CORRECT COLOR DETECTED: ORANGE (1) | Wrong color(s): red (1), purple (1)",1,"red (1), purple (1)"
2026-09-24 13:18:38,orange,CORRECT COLOR DETECTED: ORANGE (1) | Wrong color(s): purple (1),1,purple (1)
2026-09-24 13:18:38,orange,WRONG COLOR DETECTED: purple (1) | Waiting for ORANGE,0,purple (1)
2026-09-24 13:18:38,orange,CORRECT COLOR DETECTED: ORANGE (2) | Wrong color(s): purple (1),2,purple (1)
2026-09-24 13:18:38,orange,CORRECT COLOR DETECTED: ORANGE (1) | Wrong color(s): purple (1),1,purple (1)
2026-09-24 13:18:38,orange,WRONG COLOR DETECTED: purple (1) | Waiting for ORANGE,0,purple (1)
2026-09-24 13:18:39,orange,"WRONG COLOR DETECTED: red (1), purple (1) | Waiting for ORANGE",0,"red (1), purple (1)"
2026-09-24 13:18:39,orange,WRONG COLOR DETECTED: purple (1) | Waiting for ORANGE,0,purple (1)
2026-09-24 13:18:39,yellow,WRONG COLOR DETECTED: purple (1) | Waiting for YELLOW,0,purple (1)
2026-09-24 13:18:40,yellow,"WRONG COLOR DETECTED: orange (1), purple (1) | Waiting for YELLOW",0,"orange (1), purple (1)"
2026-09-24 13:18:40,yellow,WRONG COLOR DETECTED: purple (1) | Waiting for YELLOW,0,purple (1)
2026-09-24 13:18:40,yellow,WRONG COLOR DETECTED: orange (1) | Waiting for YELLOW,0,orange (1)
2026-09-24 13:18:40,yellow,"WRONG COLOR DETECTED: red (1), orange (1) | Waiting for YELLOW",0,"red (1), orange (1)"
2026-09-24 13:18:46,yellow,CORRECT COLOR DETECTED: YELLOW (1),1,
2026-09-24 13:18:47,yellow,CORRECT COLOR DETECTED: YELLOW (1),1,
2026-09-24 13:18:48,yellow,CORRECT COLOR DETECTED: YELLOW (1) | Wrong color(s): orange (1),1,orange (1)
2026-09-24 13:18:49,yellow,WRONG COLOR DETECTED: orange (1) | Waiting for YELLOW,0,orange (1)
2026-09-24 13:18:49,yellow,WRONG COLOR DETECTED: red (1) | Waiting for YELLOW,0,red (1)
2026-09-24 13:18:51,yellow,WRONG COLOR DETECTED: red (1) | Waiting for YELLOW,0,red (1)
2026-09-24 13:18:52,yellow,WRONG COLOR DETECTED: red (1) | Waiting for YELLOW,0,red (1)
2026-09-24 13:18:52,yellow,WRONG COLOR DETECTED: red (2) | Waiting for YELLOW,0,red (2)
2026-09-24 13:18:52,yellow,WRONG COLOR DETECTED: red (1) | Waiting for YELLOW,0,red (1)
2026-09-24 13:18:52,yellow,WRONG COLOR DETECTED: red (1) | Waiting for YELLOW,0,red (1)
2026-09-24 13:18:52,green,WRONG COLOR DETECTED: orange (1) | Waiting for GREEN,0,orange (1)
2026-09-24 13:18:52,green,WRONG COLOR DETECTED: red (1) | Waiting for GREEN,0,red (1)
2026-09-24 13:18:55,green,CORRECT COLOR DETECTED: GREEN (1),1,
2026-09-24 13:18:57,green,"CORRECT COLOR DETECTED: GREEN (1) | Wrong color(s): red (1), orange (1)",1,"red (1), orange (1)"
2026-09-24 13:18:57,green,CORRECT COLOR DETECTED: GREEN (1),1,
2026-09-24 13:18:57,green,CORRECT COLOR DETECTED: GREEN (1) | Wrong color(s): blue (1),1,blue (1)
2026-09-24 13:18:58,green,"CORRECT COLOR DETECTED: GREEN (1) | Wrong color(s): orange (1), blue (1)",1,"orange (1), blue (1)"
2026-09-24 13:18:58,green,CORRECT COLOR DETECTED: GREEN (1) | Wrong color(s): blue (1),1,blue (1)
2026-09-24 13:18:59,green,"CORRECT COLOR DETECTED: GREEN (1) | Wrong color(s): red (1), blue (1)",1,"red (1), blue (1)"
2026-09-24 13:18:59,green,"CORRECT COLOR DETECTED: GREEN (1) | Wrong color(s): orange (1), blue (1)",1,"orange (1), blue (1)"
2026-09-24 13:18:59,green,CORRECT COLOR DETECTED: GREEN (1) | Wrong color(s): blue (1),1,blue (1)
2026-09-24 13:18:59,green,"CORRECT COLOR DETECTED: GREEN (1) | Wrong color(s): orange (1), blue (1)",1,"orange (1), blue (1)"
2026-09-24 13:18:59,green,CORRECT COLOR DETECTED: GREEN (1),1,
2026-09-24 13:19:00,green,CORRECT COLOR DETECTED: GREEN (1) | Wrong color(s): red (1),1,red (1)
2026-09-24 13:19:00,green,CORRECT COLOR DETECTED: GREEN (1),1,
2026-09-24 13:19:00,green,CORRECT COLOR DETECTED: GREEN (1) | Wrong color(s): red (1),1,red (1)
2026-09-24 13:19:00,green,CORRECT COLOR DETECTED: GREEN (1),1,
2026-09-24 13:19:01,green,CORRECT COLOR DETECTED: GREEN (1) | Wrong color(s): red (1),1,red (1)
2026-09-24 13:19:03,green,WRONG COLOR DETECTED: orange (1) | Waiting for GREEN,0,orange (1)
2026-09-24 13:19:03,green,WRONG COLOR DETECTED: red (2) | Waiting for GREEN,0,red (2)
2026-09-24 13:19:03,green,WRONG COLOR DETECTED: red (1) | Waiting for GREEN,0,red (1)
2026-09-24 13:19:03,green,WRONG COLOR DETECTED: red (2) | Waiting for GREEN,0,red (2)
2026-09-24 13:19:03,green,"WRONG COLOR DETECTED: red (2), orange (1) | Waiting for GREEN",0,"red (2), orange (1)"
2026-09-24 13:19:03,green,WRONG COLOR DETECTED: red (2) | Waiting for GREEN,0,red (2)
2026-09-24 13:19:04,green,WRONG COLOR DETECTED: red (1) | Waiting for GREEN,0,red (1)
2026-09-24 13:19:04,green,"WRONG COLOR DETECTED: red (1), orange (1) | Waiting for GREEN",0,"red (1), orange (1)"
2026-09-24 13:19:04,green,"WRONG COLOR DETECTED: red (2), orange (2) | Waiting for GREEN",0,"red (2), orange (2)"
2026-09-24 13:19:04,green,WRONG COLOR DETECTED: red (2) | Waiting for GREEN,0,red (2)
2026-09-24 13:19:04,green,WRONG COLOR DETECTED: red (1) | Waiting for GREEN,0,red (1)
2026-09-24 13:19:06,blue,WRONG COLOR DETECTED: red (1) | Waiting for BLUE,0,red (1)
2026-09-24 13:19:08,blue,WRONG COLOR DETECTED: red (2) | Waiting for BLUE,0,red (2)
2026-09-24 13:19:08,blue,"WRONG COLOR DETECTED: red (1), orange (1) | Waiting for BLUE",0,"red (1), orange (1)"
2026-09-24 13:19:08,blue,WRONG COLOR DETECTED: red (1) | Waiting for BLUE,0,red (1)
2026-09-24 13:19:08,blue,WRONG COLOR DETECTED: orange (1) | Waiting for BLUE,0,orange (1)
2026-09-24 13:19:08,blue,WRONG COLOR DETECTED: red (1) | Waiting for BLUE,0,red (1)
2026-09-24 13:19:08,blue,"WRONG COLOR DETECTED: red (1), orange (1) | Waiting for BLUE",0,"red (1), orange (1)"
2026-09-24 13:19:09,blue,WRONG COLOR DETECTED: red (1) | Waiting for BLUE,0,red (1)
2026-09-24 13:19:10,blue,CORRECT COLOR DETECTED: BLUE (1) | Wrong color(s): red (1),1,red (1)
2026-09-24 13:19:10,blue,CORRECT COLOR DETECTED: BLUE (1),1,
2026-09-24 13:19:10,blue,CORRECT COLOR DETECTED: BLUE (1) | Wrong color(s): red (1),1,red (1)
2026-09-24 13:19:10,blue,CORRECT COLOR DETECTED: BLUE (1),1,
2026-09-24 13:19:11,blue,CORRECT COLOR DETECTED: BLUE (1) | Wrong color(s): green (1),1,green (1)
2026-09-24 13:19:11,blue,"CORRECT COLOR DETECTED: BLUE (1) | Wrong color(s): orange (1), green (1)",1,"orange (1), green (1)"
2026-09-24 13:19:11,blue,WRONG COLOR DETECTED: green (1) | Waiting for BLUE,0,green (1)
2026-09-24 13:19:11,blue,CORRECT COLOR DETECTED: BLUE (1) | Wrong color(s): green (1),1,green (1)
2026-09-24 13:19:12,blue,WRONG COLOR DETECTED: green (1) | Waiting for BLUE,0,green (1)
2026-09-24 13:19:12,blue,CORRECT COLOR DETECTED: BLUE (1) | Wrong color(s): green (1),1,green (1)
2026-09-24 13:19:12,blue,"CORRECT COLOR DETECTED: BLUE (1) | Wrong color(s): red (1), green (1)",1,"red (1), green (1)"
2026-09-24 13:19:12,blue,CORRECT COLOR DETECTED: BLUE (1) | Wrong color(s): green (1),1,green (1)
2026-09-24 13:19:14,blue,"CORRECT COLOR DETECTED: BLUE (1) | Wrong color(s): red (1), green (1)",1,"red (1), green (1)"
2026-09-24 13:19:14,blue,"CORRECT COLOR DETECTED: BLUE (1) | Wrong color(s): orange (1), green (1)",1,"orange (1), green (1)"
2026-09-24 13:19:14,blue,CORRECT COLOR DETECTED: BLUE (1) | Wrong color(s): green (1),1,green (1)
2026-09-24 13:19:15,blue,"CORRECT COLOR DETECTED: BLUE (1) | Wrong color(s): orange (1), green (1)",1,"orange (1), green (1)"
2026-09-24 13:19:15,blue,"CORRECT COLOR DETECTED: BLUE (1) | Wrong color(s): orange (2), green (1)",1,"orange (2), green (1)"
2026-09-24 13:19:15,blue,CORRECT COLOR DETECTED: BLUE (1) | Wrong color(s): green (1),1,green (1)
2026-09-24 13:19:15,blue,"CORRECT COLOR DETECTED: BLUE (1) | Wrong color(s): orange (1), green (1)",1,"orange (1), green (1)"
2026-09-24 13:19:16,blue,"WRONG COLOR DETECTED: orange (1), green (1) | Waiting for BLUE",0,"orange (1), green (1)"
2026-09-24 13:19:16,blue,"CORRECT COLOR DETECTED: BLUE (1) | Wrong color(s): orange (1), green (1)",1,"orange (1), green (1)"
2026-09-24 13:19:17,blue,CORRECT COLOR DETECTED: BLUE (1) | Wrong color(s): green (1),1,green (1)
2026-09-24 13:19:18,blue,WRONG COLOR DETECTED: green (1) | Waiting for BLUE,0,green (1)
2026-09-24 13:19:18,blue,CORRECT COLOR DETECTED: BLUE (1) | Wrong color(s): green (1),1,green (1)
2026-09-24 13:19:19,blue,"CORRECT COLOR DETECTED: BLUE (1) | Wrong color(s): orange (1), green (1)",1,"orange (1), green (1)"
2026-09-24 13:19:19,blue,CORRECT COLOR DETECTED: BLUE (1) | Wrong color(s): green (1),1,green (1)
2026-09-24 13:19:19,blue,"CORRECT COLOR DETECTED: BLUE (1) | Wrong color(s): red (1), green (1)",1,"red (1), green (1)"
2026-09-24 13:19:19,blue,CORRECT COLOR DETECTED: BLUE (1) | Wrong color(s): green (1),1,green (1)
2026-09-24 13:19:20,blue,"CORRECT COLOR DETECTED: BLUE (1) | Wrong color(s): orange (1), green (1)",1,"orange (1), green (1)"
2026-09-24 13:19:20,blue,CORRECT COLOR DETECTED: BLUE (1) | Wrong color(s): green (1),1,green (1)
2026-09-24 13:19:22,blue,"CORRECT COLOR DETECTED: BLUE (1) | Wrong color(s): red (1), orange (1), green (1)",1,"red (1), orange (1), green (1)"
2026-09-24 13:19:22,blue,CORRECT COLOR DETECTED: BLUE (1) | Wrong color(s): green (1),1,green (1)
2026-09-24 13:19:23,blue,"CORRECT COLOR DETECTED: BLUE (1) | Wrong color(s): orange (1), green (1)",1,"orange (1), green (1)"
2026-09-24 13:19:23,blue,"CORRECT COLOR DETECTED: BLUE (1) | Wrong color(s): red (1), green (1)",1,"red (1), green (1)"
2026-09-24 13:19:23,blue,WRONG COLOR DETECTED: green (1) | Waiting for BLUE,0,green (1)
2026-09-24 13:19:23,purple,WRONG COLOR DETECTED: green (1) | Waiting for PURPLE,0,green (1)
2026-09-24 13:19:24,purple,"WRONG COLOR DETECTED: orange (1), green (1) | Waiting for PURPLE",0,"orange (1), green (1)"
2026-09-24 13:19:24,purple,WRONG COLOR DETECTED: green (1) | Waiting for PURPLE,0,green (1)
2026-09-24 13:19:24,purple,WRONG COLOR DETECTED: orange (1) | Waiting for PURPLE,0,orange (1)
2026-09-24 13:19:24,purple,"WRONG COLOR DETECTED: orange (1), green (1) | Waiting for PURPLE",0,"orange (1), green (1)"
2026-09-24 13:19:24,purple,WRONG COLOR DETECTED: green (1) | Waiting for PURPLE,0,green (1)
2026-09-24 13:19:26,purple,CORRECT COLOR DETECTED: PURPLE (1),1,
2026-09-24 13:19:26,purple,WRONG COLOR DETECTED: orange (1) | Waiting for PURPLE,0,orange (1)
2026-09-24 13:19:26,purple,CORRECT COLOR DETECTED: PURPLE (1),1,
2026-09-24 13:19:26,purple,CORRECT COLOR DETECTED: PURPLE (1) | Wrong color(s): orange (1),1,orange (1)
2026-09-24 13:19:26,purple,CORRECT COLOR DETECTED: PURPLE (1),1,
2026-09-24 13:19:26,purple,"CORRECT COLOR DETECTED: PURPLE (1) | Wrong color(s): red (1), orange (1)",1,"red (1), orange (1)"
2026-09-24 13:19:27,purple,CORRECT COLOR DETECTED: PURPLE (1),1,
2026-09-24 13:19:27,purple,CORRECT COLOR DETECTED: PURPLE (1) | Wrong color(s): green (1),1,green (1)
2026-09-24 13:19:28,purple,"CORRECT COLOR DETECTED: PURPLE (1) | Wrong color(s): red (1), green (1)",1,"red (1), green (1)"
2026-09-24 13:19:28,purple,CORRECT COLOR DETECTED: PURPLE (1) | Wrong color(s): green (1),1,green (1)
2026-09-24 13:19:30,purple,"CORRECT COLOR DETECTED: PURPLE (1) | Wrong color(s): red (1), green (1)",1,"red (1), green (1)"
2026-09-24 13:19:30,purple,CORRECT COLOR DETECTED: PURPLE (1) | Wrong color(s): green (1),1,green (1)
2026-09-24 13:19:30,purple,"CORRECT COLOR DETECTED: PURPLE (1) | Wrong color(s): red (1), green (1)",1,"red (1), green (1)"
2026-09-24 13:19:30,purple,"CORRECT COLOR DETECTED: PURPLE (1) | Wrong color(s): red (2), green (1)",1,"red (2), green (1)"
2026-09-24 13:19:31,purple,"CORRECT COLOR DETECTED: PURPLE (1) | Wrong color(s): red (1), green (1)",1,"red (1), green (1)"
2026-09-24 13:19:32,purple,"CORRECT COLOR DETECTED: PURPLE (1) | Wrong color(s): red (1), orange (1), green (1)",1,"red (1), orange (1), green (1)"
2026-09-24 13:19:32,purple,"CORRECT COLOR DETECTED: PURPLE (1) | Wrong color(s): red (1), green (1)",1,"red (1), green (1)"
2026-09-24 13:19:32,purple,CORRECT COLOR DETECTED: PURPLE (1) | Wrong color(s): green (1),1,green (1)
2026-09-24 13:19:32,purple,WRONG COLOR DETECTED: green (1) | Waiting for PURPLE,0,green (1)
2026-09-24 13:19:33,purple,"WRONG COLOR DETECTED: red (2), orange (1), green (1) | Waiting for PURPLE",0,"red (2), orange (1), green (1)"
2026-09-24 13:19:33,purple,WRONG COLOR DETECTED: green (1) | Waiting for PURPLE,0,green (1)
2026-09-24 13:19:33,purple,WRONG COLOR DETECTED: orange (1) | Waiting for PURPLE,0,orange (1)
2026-09-24 13:19:33,purple,"WRONG COLOR DETECTED: red (1), green (1) | Waiting for PURPLE",0,"red (1), green (1)"
2026-09-24 13:19:34,red,WRONG COLOR DETECTED: orange (1) | Waiting for RED,0,orange (1)
2026-09-24 13:19:34,red,CORRECT COLOR DETECTED: RED (1),1,
2026-09-24 13:19:35,red,CORRECT COLOR DETECTED: RED (2) | Wrong color(s): orange (1),2,orange (1)
2026-09-24 13:19:35,red,CORRECT COLOR DETECTED: RED (1),1,
2026-09-24 13:19:35,red,CORRECT COLOR DETECTED: RED (2),2,
2026-09-24 13:19:35,red,CORRECT COLOR DETECTED: RED (1),1,
2026-09-24 13:19:36,red,CORRECT COLOR DETECTED: RED (1) | Wrong color(s): orange (1),1,orange (1)
2026-09-24 13:19:36,red,CORRECT COLOR DETECTED: RED (1),1,
2026-09-24 13:19:36,red,CORRECT COLOR DETECTED: RED (1) | Wrong color(s): orange (2),1,orange (2)
2026-09-24 13:19:36,red,CORRECT COLOR DETECTED: RED (1),1,
2026-09-24 13:19:36,red,CORRECT COLOR DETECTED: RED (2),2,
2026-09-24 13:19:37,red,CORRECT COLOR DETECTED: RED (1),1,
2026-09-24 13:19:37,red,CORRECT COLOR DETECTED: RED (2) | Wrong color(s): orange (1),2,orange (1)
2026-09-24 13:19:37,red,CORRECT COLOR DETECTED: RED (1),1,
2026-09-24 13:19:39,red,CORRECT COLOR DETECTED: RED (1) | Wrong color(s): orange (1),1,orange (1)
2026-09-24 13:19:39,red,CORRECT COLOR DETECTED: RED (1) | Wrong color(s): green (1),1,green (1)
2026-09-24 13:19:39,red,"CORRECT COLOR DETECTED: RED (2) | Wrong color(s): orange (1), green (1)",2,"orange (1), green (1)"
2026-09-24 13:19:39,red,CORRECT COLOR DETECTED: RED (1) | Wrong color(s): green (1),1,green (1)
2026-09-24 13:19:39,red,WRONG COLOR DETECTED: green (1) | Waiting for RED,0,green (1)
2026-09-24 13:19:39,red,CORRECT COLOR DETECTED: RED (1) | Wrong color(s): green (1),1,green (1)
2026-09-24 13:19:40,red,CORRECT COLOR DETECTED: RED (2) | Wrong color(s): green (1),2,green (1)
2026-09-24 13:19:40,red,CORRECT COLOR DETECTED: RED (1) | Wrong color(s): green (1),1,green (1)
2026-09-24 13:19:41,red,"CORRECT COLOR DETECTED: RED (1) | Wrong color(s): orange (1), green (1)",1,"orange (1), green (1)"
2026-09-24 13:19:41,red,CORRECT COLOR DETECTED: RED (1) | Wrong color(s): green (1),1,green (1)
2026-09-24 13:19:41,red,"CORRECT COLOR DETECTED: RED (1) | Wrong color(s): orange (1), green (1)",1,"orange (1), green (1)"
2026-09-24 13:19:41,red,CORRECT COLOR DETECTED: RED (1) | Wrong color(s): green (1),1,green (1)
2026-09-24 13:19:41,red,"CORRECT COLOR DETECTED: RED (1) | Wrong color(s): orange (1), green (1)",1,"orange (1), green (1)"
2026-09-24 13:19:41,red,CORRECT COLOR DETECTED: RED (1) | Wrong color(s): green (1),1,green (1)
2026-09-24 13:19:41,red,"CORRECT COLOR DETECTED: RED (1) | Wrong color(s): orange (1), green (1)",1,"orange (1), green (1)"
2026-09-24 13:19:41,red,CORRECT COLOR DETECTED: RED (1) | Wrong color(s): green (1),1,green (1)
2026-09-24 13:19:43,red,CORRECT COLOR DETECTED: RED (2) | Wrong color(s): green (1),2,green (1)
2026-09-24 13:19:43,red,CORRECT COLOR DETECTED: RED (1) | Wrong color(s): green (1),1,green (1)
2026-09-24 13:19:43,red,WRONG COLOR DETECTED: green (1) | Waiting for RED,0,green (1)
2026-09-24 13:19:43,purple,"WRONG COLOR DETECTED: red (1), green (1) | Waiting for PURPLE",0,"red (1), green (1)"
2026-09-24 13:19:43,purple,WRONG COLOR DETECTED: red (1) | Waiting for PURPLE,0,red (1)
2026-09-24 13:19:43,purple,"WRONG COLOR DETECTED: red (1), orange (1), green (1) | Waiting for PURPLE",0,"red (1), orange (1), green (1)"
2026-09-24 13:19:44,purple,"WRONG COLOR DETECTED: red (1), green (1) | Waiting for PURPLE",0,"red (1), green (1)"
2026-09-24 13:19:44,purple,WRONG COLOR DETECTED: green (1) | Waiting for PURPLE,0,green (1)
2026-09-24 13:19:44,purple,"WRONG COLOR DETECTED: orange (1), green (1) | Waiting for PURPLE",0,"orange (1), green (1)"
2026-09-24 13:19:44,purple,WRONG COLOR DETECTED: red (1) | Waiting for PURPLE,0,red (1)
2026-09-24 13:19:44,purple,WRONG COLOR DETECTED: green (1) | Waiting for PURPLE,0,green (1)
2026-09-24 13:19:44,purple,"WRONG COLOR DETECTED: orange (1), green (1) | Waiting for PURPLE",0,"orange (1), green (1)"
2026-09-24 13:19:44,purple,WRONG COLOR DETECTED: orange (1) | Waiting for PURPLE,0,orange (1)
2026-09-24 13:19:44,purple,WRONG COLOR DETECTED: red (1) | Waiting for PURPLE,0,red (1)
2026-09-24 13:19:46,red,WRONG COLOR DETECTED: blue (1) | Waiting for RED,0,blue (1)
2026-09-24 13:19:47,red,CORRECT COLOR DETECTED: RED (1) | Wrong color(s): blue (1),1,blue (1)
2026-09-24 13:19:47,red,WRONG COLOR DETECTED: blue (1) | Waiting for RED,0,blue (1)
2026-09-24 13:19:49,red,"WRONG COLOR DETECTED: blue (1), purple (1) | Waiting for RED",0,"blue (1), purple (1)"
2026-09-24 13:19:49,red,"WRONG COLOR DETECTED: orange (1), blue (1), purple (1) | Waiting for RED",0,"orange (1), blue (1), purple (1)"
2026-09-24 13:19:49,red,"WRONG COLOR DETECTED: blue (1), purple (1) | Waiting for RED",0,"blue (1), purple (1)"
2026-09-24 13:19:50,red,CORRECT COLOR DETECTED: RED (1) | Wrong color(s): purple (1),1,purple (1)
2026-09-24 13:19:50,orange,WRONG COLOR DETECTED: purple (1) | Waiting for ORANGE,0,purple (1)
2026-09-24 13:19:50,orange,"WRONG COLOR DETECTED: red (1), purple (1) | Waiting for ORANGE",0,"red (1), purple (1)"
2026-09-24 13:19:50,orange,WRONG COLOR DETECTED: purple (1) | Waiting for ORANGE,0,purple (1)
2026-09-24 13:19:50,orange,"WRONG COLOR DETECTED: red (1), purple (1) | Waiting for ORANGE",0,"red (1), purple (1)"
2026-09-24 13:19:50,orange,"WRONG COLOR DETECTED: red (2), blue (1), purple (1) | Waiting for ORANGE",0,"red (2), blue (1), purple (1)"
2026-09-24 13:19:50,orange,"WRONG COLOR DETECTED: blue (1), purple (1) | Waiting for ORANGE",0,"blue (1), purple (1)"
2026-09-24 13:19:52,yellow,"WRONG COLOR DETECTED: blue (1), purple (1) | Waiting for YELLOW",0,"blue (1), purple (1)"
2026-09-24 13:19:52,green,"WRONG COLOR DETECTED: blue (1), purple (1) | Waiting for GREEN",0,"blue (1), purple (1)"
2026-09-24 13:19:54,blue,CORRECT COLOR DETECTED: BLUE (1) | Wrong color(s): purple (1),1,purple (1)
2026-09-24 13:19:56,blue,"CORRECT COLOR DETECTED: BLUE (1) | Wrong color(s): orange (1), purple (1)",1,"orange (1), purple (1)"
2026-09-24 13:19:56,blue,CORRECT COLOR DETECTED: BLUE (1) | Wrong color(s): purple (1),1,purple (1)
2026-09-24 13:19:57,blue,"CORRECT COLOR DETECTED: BLUE (1) | Wrong color(s): orange (1), purple (1)",1,"orange (1), purple (1)"
2026-09-24 13:19:58,blue,CORRECT COLOR DETECTED: BLUE (1) | Wrong color(s): purple (1),1,purple (1)
2026-09-24 13:19:58,blue,"CORRECT COLOR DETECTED: BLUE (1) | Wrong color(s): red (1), purple (1)",1,"red (1), purple (1)"
2026-09-24 13:19:58,blue,"CORRECT COLOR DETECTED: BLUE (1) | Wrong color(s): red (1), orange (1), purple (1)",1,"red (1), orange (1), purple (1)"
2026-09-24 13:19:58,blue,"CORRECT COLOR DETECTED: BLUE (1) | Wrong color(s): red (1), purple (1)",1,"red (1), purple (1)"
2026-09-24 13:19:58,blue,CORRECT COLOR DETECTED: BLUE (1) | Wrong color(s): purple (1),1,purple (1)
2026-09-24 13:19:58,blue,WRONG COLOR DETECTED: purple (1) | Waiting for BLUE,0,purple (1)
2026-09-24 13:19:58,blue,WRONG COLOR DETECTED: purple (1) | Waiting for BLUE,0,purple (1)
2026-09-24 13:19:59,blue,"CORRECT COLOR DETECTED: BLUE (1) | Wrong color(s): red (1), purple (1)",1,"red (1), purple (1)"
2026-09-24 13:19:59,blue,CORRECT COLOR DETECTED: BLUE (1),1,
2026-09-24 13:19:59,blue,"CORRECT COLOR DETECTED: BLUE (1) | Wrong color(s): red (1), purple (1)",1,"red (1), purple (1)"
2026-09-24 13:19:59,blue,CORRECT COLOR DETECTED: BLUE (1) | Wrong color(s): red (1),1,red (1)
2026-09-24 13:19:59,blue,CORRECT COLOR DETECTED: BLUE (1),1,
2026-09-24 13:20:00,blue,CORRECT COLOR DETECTED: BLUE (1) | Wrong color(s): orange (1),1,orange (1)
2026-09-24 13:20:00,blue,CORRECT COLOR DETECTED: BLUE (1),1,
2026-09-24 13:20:02,blue,CORRECT COLOR DETECTED: BLUE (1) | Wrong color(s): orange (1),1,orange (1)
2026-09-24 13:20:02,blue,CORRECT COLOR DETECTED: BLUE (1) | Wrong color(s): orange (2),1,orange (2)
2026-09-24 13:20:02,blue,"CORRECT COLOR DETECTED: BLUE (1) | Wrong color(s): red (1), orange (1)",1,"red (1), orange (1)"
2026-09-24 13:20:02,blue,CORRECT COLOR DETECTED: BLUE (1),1,
2026-09-24 13:20:03,blue,CORRECT COLOR DETECTED: BLUE (2),2,
2026-09-24 13:20:03,blue,WRONG COLOR DETECTED: orange (1) | Waiting for BLUE,0,orange (1)
2026-09-24 13:20:03,blue,CORRECT COLOR DETECTED: BLUE (1) | Wrong color(s): orange (1),1,orange (1)
2026-09-24 13:20:03,blue,"WRONG COLOR DETECTED: red (1), green (1) | Waiting for BLUE",0,"red (1), green (1)"
2026-09-24 13:20:03,blue,WRONG COLOR DETECTED: green (1) | Waiting for BLUE,0,green (1)
2026-09-24 13:20:04,blue,"WRONG COLOR DETECTED: orange (1), green (1) | Waiting for BLUE",0,"orange (1), green (1)"
2026-09-24 13:20:04,blue,WRONG COLOR DETECTED: green (1) | Waiting for BLUE,0,green (1)
2026-09-24 13:20:05,blue,"WRONG COLOR DETECTED: orange (1), green (1) | Waiting for BLUE",0,"orange (1), green (1)"
2026-09-24 13:20:05,blue,WRONG COLOR DETECTED: green (1) | Waiting for BLUE,0,green (1)
2026-09-24 13:20:05,blue,"WRONG COLOR DETECTED: red (1), green (1) | Waiting for BLUE",0,"red (1), green (1)"
2026-09-24 13:20:06,blue,"WRONG COLOR DETECTED: red (2), green (1) | Waiting for BLUE",0,"red (2), green (1)"
2026-09-24 13:20:06,blue,"WRONG COLOR DETECTED: red (2), orange (1), green (1), purple (1) | Waiting for BLUE",0,"red (2), orange (1), green (1), purple (1)"
2026-09-24 13:20:07,blue,"WRONG COLOR DETECTED: red (1), green (1), purple (1) | Waiting for BLUE",0,"red (1), green (1), purple (1)"
2026-09-24 13:20:07,blue,"WRONG COLOR DETECTED: red (1), orange (1), green (1) | Waiting for BLUE",0,"red (1), orange (1), green (1)"
2026-09-24 13:20:07,blue,"WRONG COLOR DETECTED: red (1), orange (1), green (1), purple (1) | Waiting for BLUE",0,"red (1), orange (1), green (1), purple (1)"
2026-09-24 13:20:07,blue,"WRONG COLOR DETECTED: red (1), orange (1), green (1) | Waiting for BLUE",0,"red (1), orange (1), green (1)"
2026-09-24 13:20:07,blue,"WRONG COLOR DETECTED: red (1), orange (1), green (1), purple (1) | Waiting for BLUE",0,"red (1), orange (1), green (1), purple (1)"
2026-09-24 13:20:07,blue,"WRONG COLOR DETECTED: red (2), green (1), purple (1) | Waiting for BLUE",0,"red (2), green (1), purple (1)"
2026-09-24 13:20:07,green,"CORRECT COLOR DETECTED: GREEN (1) | Wrong color(s): red (1), purple (1)",1,"red (1), purple (1)"
2026-09-24 13:20:07,yellow,"WRONG COLOR DETECTED: red (1), green (1), purple (1) | Waiting for YELLOW",0,"red (1), green (1), purple (1)"
2026-09-24 13:20:07,orange,"WRONG COLOR DETECTED: red (1), green (1), purple (1) | Waiting for ORANGE",0,"red (1), green (1), purple (1)"
2026-09-24 13:20:08,red,"CORRECT COLOR DETECTED: RED (1) | Wrong color(s): green (1), purple (1)",1,"green (1), purple (1)"
2026-09-24 13:20:11,red,"CORRECT COLOR DETECTED: RED (2) | Wrong color(s): green (1), purple (1)",2,"green (1), purple (1)"
2026-09-24 13:20:11,red,"CORRECT COLOR DETECTED: RED (3) | Wrong color(s): green (1), purple (1)",3,"green (1), purple (1)"
2026-09-24 13:20:11,red,"CORRECT COLOR DETECTED: RED (2) | Wrong color(s): green (1), purple (1)",2,"green (1), purple (1)"
2026-09-24 13:20:11,red,"WRONG COLOR DETECTED: green (1), purple (1) | Waiting for RED",0,"green (1), purple (1)"
2026-09-24 13:20:11,red,"CORRECT COLOR DETECTED: RED (1) | Wrong color(s): green (1), purple (1)",1,"green (1), purple (1)"
2026-09-24 13:20:12,red,"CORRECT COLOR DETECTED: RED (1) | Wrong color(s): orange (1), green (1), purple (1)",1,"orange (1), green (1), purple (1)"
2026-09-24 13:20:12,red,"CORRECT COLOR DETECTED: RED (1) | Wrong color(s): green (1), purple (1)",1,"green (1), purple (1)"
2026-09-24 13:20:13,red,"CORRECT COLOR DETECTED: RED (2) | Wrong color(s): green (1), purple (1)",2,"green (1), purple (1)"
2026-09-24 13:20:13,red,"CORRECT COLOR DETECTED: RED (1) | Wrong color(s): green (1), purple (1)",1,"green (1), purple (1)"
2026-09-24 13:20:16,red,"CORRECT COLOR DETECTED: RED (1) | Wrong color(s): green (1), blue (1), purple (1)",1,"green (1), blue (1), purple (1)"
2026-09-24 13:20:18,red,"CORRECT COLOR DETECTED: RED (1) | Wrong color(s): orange (1), green (1), blue (1), purple (1)",1,"orange (1), green (1), blue (1), purple (1)"
2026-09-24 13:20:18,red,"CORRECT COLOR DETECTED: RED (2) | Wrong color(s): green (1), blue (1), purple (1)",2,"green (1), blue (1), purple (1)"
2026-09-24 13:20:18,red,"CORRECT COLOR DETECTED: RED (1) | Wrong color(s): green (1), blue (1), purple (1)",1,"green (1), blue (1), purple (1)"
2026-09-24 13:20:18,red,"CORRECT COLOR DETECTED: RED (1) | Wrong color(s): orange (1), green (1), blue (1), purple (1)",1,"orange (1), green (1), blue (1), purple (1)"
2026-09-24 13:20:18,red,"CORRECT COLOR DETECTED: RED (1) | Wrong color(s): orange (1), green (1), blue (3), purple (1)",1,"orange (1), green (1), blue (3), purple (1)"
2026-09-24 13:20:18,red,"CORRECT COLOR DETECTED: RED (1) | Wrong color(s): orange (1), green (1), blue (1), purple (1)",1,"orange (1), green (1), blue (1), purple (1)"
2026-09-24 13:20:19,red,"CORRECT COLOR DETECTED: RED (2) | Wrong color(s): orange (1), green (1), blue (1), purple (1)",2,"orange (1), green (1), blue (1), purple (1)"
2026-09-24 13:20:19,red,"CORRECT COLOR DETECTED: RED (1) | Wrong color(s): orange (2), green (1), blue (1), purple (1)",1,"orange (2), green (1), blue (1), purple (1)"
2026-09-24 13:20:19,red,"CORRECT COLOR DETECTED: RED (1) | Wrong color(s): orange (1), green (1), blue (1), purple (1)",1,"orange (1), green (1), blue (1), purple (1)"
2026-09-24 13:20:19,red,"CORRECT COLOR DETECTED: RED (1) | Wrong color(s): orange (1), green (1), blue (1)",1,"orange (1), green (1), blue (1)"
2026-09-24 13:20:19,red,"CORRECT COLOR DETECTED: RED (1) | Wrong color(s): green (1), blue (1)",1,"green (1), blue (1)"
2026-09-24 13:20:19,red,"CORRECT COLOR DETECTED: RED (1) | Wrong color(s): orange (1), green (1), blue (1)",1,"orange (1), green (1), blue (1)"
2026-09-24 13:20:19,red,"CORRECT COLOR DETECTED: RED (1) | Wrong color(s): green (1), blue (1)",1,"green (1), blue (1)"
2026-09-24 13:20:19,red,"CORRECT COLOR DETECTED: RED (1) | Wrong color(s): orange (1), green (1), blue (1)",1,"orange (1), green (1), blue (1)"
2026-09-24 13:20:19,red,"CORRECT COLOR DETECTED: RED (1) | Wrong color(s): green (1), blue (1)",1,"green (1), blue (1)"
2026-09-24 13:20:19,red,"CORRECT COLOR DETECTED: RED (1) | Wrong color(s): orange (1), green (1), blue (1)",1,"orange (1), green (1), blue (1)"
2026-09-24 13:20:20,red,"CORRECT COLOR DETECTED: RED (1) | Wrong color(s): green (1), blue (1)",1,"green (1), blue (1)"
2026-09-24 13:20:20,red,"CORRECT COLOR DETECTED: RED (1) | Wrong color(s): orange (1), green (1), blue (1)",1,"orange (1), green (1), blue (1)"
2026-09-24 13:20:20,red,"CORRECT COLOR DETECTED: RED (1) | Wrong color(s): green (1), blue (1)",1,"green (1), blue (1)"
2026-09-24 13:20:20,red,"CORRECT COLOR DETECTED: RED (1) | Wrong color(s): orange (1), green (1), blue (1)",1,"orange (1), green (1), blue (1)"
2026-09-24 13:20:20,red,"CORRECT COLOR DETECTED: RED (1) | Wrong color(s): orange (2), green (1), blue (1)",1,"orange (2), green (1), blue (1)"
2026-09-24 13:20:20,red,"CORRECT COLOR DETECTED: RED (2) | Wrong color(s): green (1), blue (1)",2,"green (1), blue (1)"
2026-09-24 13:20:20,red,"CORRECT COLOR DETECTED: RED (1) | Wrong color(s): green (1), blue (1)",1,"green (1), blue (1)"
2026-09-24 13:20:21,red,"CORRECT COLOR DETECTED: RED (2) | Wrong color(s): green (1), blue (1)",2,"green (1), blue (1)"
2026-09-24 13:20:21,red,"CORRECT COLOR DETECTED: RED (1) | Wrong color(s): green (1), blue (1)",1,"green (1), blue (1)"
2026-09-24 13:20:22,red,"CORRECT COLOR DETECTED: RED (2) | Wrong color(s): green (1), blue (1)",2,"green (1), blue (1)"
2026-09-24 13:20:22,red,"CORRECT COLOR DETECTED: RED (2) | Wrong color(s): orange (1), green (1), blue (1)",2,"orange (1), green (1), blue (1)"
2026-09-24 13:20:22,red,"CORRECT COLOR DETECTED: RED (1) | Wrong color(s): orange (2), green (1), blue (1)",1,"orange (2), green (1), blue (1)"
2026-09-24 13:20:22,red,"CORRECT COLOR DETECTED: RED (2) | Wrong color(s): orange (2), green (1), blue (1)",2,"orange (2), green (1), blue (1)"
2026-09-24 13:20:22,red,"CORRECT COLOR DETECTED: RED (4) | Wrong color(s): orange (2), green (1), blue (1)",4,"orange (2), green (1), blue (1)"
2026-09-24 13:20:22,red,"CORRECT COLOR DETECTED: RED (2) | Wrong color(s): orange (2), green (1), blue (1)",2,"orange (2), green (1), blue (1)"
2026-09-24 13:20:22,red,"CORRECT COLOR DETECTED: RED (2) | Wrong color(s): orange (1), green (1), blue (1)",2,"orange (1), green (1), blue (1)"
2026-09-24 13:20:22,red,"CORRECT COLOR DETECTED: RED (2) | Wrong color(s): green (1), blue (1)",2,"green (1), blue (1)"
2026-09-24 13:20:22,red,"CORRECT COLOR DETECTED: RED (2) | Wrong color(s): orange (1), green (1), blue (1)",2,"orange (1), green (1), blue (1)"
2026-09-24 13:20:23,red,"CORRECT COLOR DETECTED: RED (2) | Wrong color(s): green (1), blue (1)",2,"green (1), blue (1)"
2026-09-24 13:20:24,red,"CORRECT COLOR DETECTED: RED (2) | Wrong color(s): orange (1), green (1), blue (1)",2,"orange (1), green (1), blue (1)"
2026-09-24 13:20:25,red,"CORRECT COLOR DETECTED: RED (2) | Wrong color(s): green (1), blue (1)",2,"green (1), blue (1)"
2026-09-24 13:20:25,red,"CORRECT COLOR DETECTED: RED (2) | Wrong color(s): orange (1), green (1), blue (1)",2,"orange (1), green (1), blue (1)"
2026-09-24 13:20:25,red,"CORRECT COLOR DETECTED: RED (2) | Wrong color(s): green (1), blue (1)",2,"green (1), blue (1)"
2026-09-24 13:20:25,red,"CORRECT COLOR DETECTED: RED (2) | Wrong color(s): orange (1), green (1), blue (1)",2,"orange (1), green (1), blue (1)"
2026-09-24 13:20:25,red,"CORRECT COLOR DETECTED: RED (2) | Wrong color(s): green (1), blue (1)",2,"green (1), blue (1)"
2026-09-24 13:20:26,red,"CORRECT COLOR DETECTED: RED (1) | Wrong color(s): green (1), blue (1)",1,"green (1), blue (1)"
2026-09-24 13:20:26,red,CORRECT COLOR DETECTED: RED (1) | Wrong color(s): blue (1),1,blue (1)
2026-09-24 13:20:26,red,"CORRECT COLOR DETECTED: RED (1) | Wrong color(s): green (1), blue (1)",1,"green (1), blue (1)"
2026-09-24 13:20:27,red,"WRONG COLOR DETECTED: green (1), blue (1) | Waiting for RED",0,"green (1), blue (1)"
2026-09-24 13:20:27,red,"CORRECT COLOR DETECTED: RED (2) | Wrong color(s): green (1), blue (1)",2,"green (1), blue (1)"
2026-09-24 13:20:27,red,"CORRECT COLOR DETECTED: RED (1) | Wrong color(s): green (1), blue (1)",1,"green (1), blue (1)"
2026-09-24 13:20:27,red,"WRONG COLOR DETECTED: orange (1), green (1), blue (1) | Waiting for RED",0,"orange (1), green (1), blue (1)"
2026-09-24 13:20:28,red,"WRONG COLOR DETECTED: orange (2), green (1), blue (1) | Waiting for RED",0,"orange (2), green (1), blue (1)"
2026-09-24 13:20:28,red,"CORRECT COLOR DETECTED: RED (1) | Wrong color(s): green (1), blue (1)",1,"green (1), blue (1)"
2026-09-24 13:20:28,red,"WRONG COLOR DETECTED: orange (1), blue (1) | Waiting for RED",0,"orange (1), blue (1)"
2026-09-24 13:20:28,red,"WRONG COLOR DETECTED: orange (1), green (1), blue (1) | Waiting for RED",0,"orange (1), green (1), blue (1)"
2026-09-24 13:20:28,red,"CORRECT COLOR DETECTED: RED (1) | Wrong color(s): orange (1), green (1), blue (1)",1,"orange (1), green (1), blue (1)"
2026-09-24 13:20:28,red,"WRONG COLOR DETECTED: green (1), blue (1) | Waiting for RED",0,"green (1), blue (1)"
2026-09-24 13:20:28,red,WRONG COLOR DETECTED: blue (1) | Waiting for RED,0,blue (1)
2026-09-24 13:20:29,red,WRONG COLOR DETECTED: orange (1) | Waiting for RED,0,orange (1)
2026-09-24 13:20:29,red,WRONG COLOR DETECTED: blue (1) | Waiting for RED,0,blue (1)
2026-09-24 13:20:29,red,WRONG COLOR DETECTED: blue (2) | Waiting for RED,0,blue (2)
2026-09-24 13:20:29,red,CORRECT COLOR DETECTED: RED (1),1,
2026-09-24 13:20:29,red,WRONG COLOR DETECTED: purple (1) | Waiting for RED,0,purple (1)
2026-09-24 13:20:30,red,"WRONG COLOR DETECTED: orange (1), purple (1) | Waiting for RED",0,"orange (1), purple (1)"
2026-09-24 13:20:30,red,WRONG COLOR DETECTED: purple (1) | Waiting for RED,0,purple (1)
2026-09-24 13:20:30,red,"WRONG COLOR DETECTED: orange (1), purple (1) | Waiting for RED",0,"orange (1), purple (1)"
2026-09-24 13:20:30,red,"CORRECT COLOR DETECTED: RED (1) | Wrong color(s): orange (1), purple (1)",1,"orange (1), purple (1)"
2026-09-24 13:20:30,orange,CORRECT COLOR DETECTED: ORANGE (1) | Wrong color(s): purple (1),1,purple (1)
2026-09-24 13:20:30,orange,WRONG COLOR DETECTED: purple (1) | Waiting for ORANGE,0,purple (1)
2026-09-24 13:20:30,yellow,WRONG COLOR DETECTED: purple (1) | Waiting for YELLOW,0,purple (1)
2026-09-24 13:20:31,yellow,"WRONG COLOR DETECTED: orange (2), purple (1) | Waiting for YELLOW",0,"orange (2), purple (1)"
2026-09-24 13:20:31,yellow,"WRONG COLOR DETECTED: orange (1), purple (1) | Waiting for YELLOW",0,"orange (1), purple (1)"
2026-09-24 13:20:31,yellow,WRONG COLOR DETECTED: purple (1) | Waiting for YELLOW,0,purple (1)
2026-09-24 13:20:31,yellow,"WRONG COLOR DETECTED: orange (1), purple (1) | Waiting for YELLOW",0,"orange (1), purple (1)"
2026-09-24 13:20:31,yellow,WRONG COLOR DETECTED: purple (1) | Waiting for YELLOW,0,purple (1)
2026-09-24 13:20:31,yellow,"WRONG COLOR DETECTED: orange (2), purple (1) | Waiting for YELLOW",0,"orange (2), purple (1)"
2026-09-24 13:20:31,yellow,"WRONG COLOR DETECTED: orange (1), purple (1) | Waiting for YELLOW",0,"orange (1), purple (1)"
2026-09-24 13:20:32,yellow,WRONG COLOR DETECTED: purple (1) | Waiting for YELLOW,0,purple (1)
2026-09-24 13:20:32,yellow,"WRONG COLOR DETECTED: orange (1), purple (1) | Waiting for YELLOW",0,"orange (1), purple (1)"
2026-09-24 13:20:32,yellow,WRONG COLOR DETECTED: purple (1) | Waiting for YELLOW,0,purple (1)
2026-09-24 13:20:32,yellow,"WRONG COLOR DETECTED: orange (1), purple (1) | Waiting for YELLOW",0,"orange (1), purple (1)"
2026-09-24 13:20:32,yellow,WRONG COLOR DETECTED: purple (1) | Waiting for YELLOW,0,purple (1)
2026-09-24 13:20:32,yellow,"WRONG COLOR DETECTED: red (1), orange (1), purple (1) | Waiting for YELLOW",0,"red (1), orange (1), purple (1)"
2026-09-24 13:20:32,yellow,"WRONG COLOR DETECTED: orange (1), purple (1) | Waiting for YELLOW",0,"orange (1), purple (1)"
2026-09-24 13:20:32,yellow,WRONG COLOR DETECTED: purple (1) | Waiting for YELLOW,0,purple (1)
2026-09-24 13:20:32,yellow,"WRONG COLOR DETECTED: orange (1), purple (1) | Waiting for YELLOW",0,"orange (1), purple (1)"
2026-09-24 13:20:33,yellow,WRONG COLOR DETECTED: purple (1) | Waiting for YELLOW,0,purple (1)
2026-09-24 13:20:33,yellow,"WRONG COLOR DETECTED: blue (1), purple (1) | Waiting for YELLOW",0,"blue (1), purple (1)"
2026-09-24 13:20:34,yellow,"WRONG COLOR DETECTED: orange (1), blue (1), purple (1) | Waiting for YELLOW",0,"orange (1), blue (1), purple (1)"
2026-09-24 13:20:34,yellow,"WRONG COLOR DETECTED: blue (1), purple (1) | Waiting for YELLOW",0,"blue (1), purple (1)"
2026-09-24 13:20:35,yellow,"WRONG COLOR DETECTED: orange (2), blue (1), purple (1) | Waiting for YELLOW",0,"orange (2), blue (1), purple (1)"
2026-09-24 13:20:35,yellow,"WRONG COLOR DETECTED: orange (1), blue (1), purple (1) | Waiting for YELLOW",0,"orange (1), blue (1), purple (1)"
2026-09-24 13:20:35,yellow,"WRONG COLOR DETECTED: blue (1), purple (1) | Waiting for YELLOW",0,"blue (1), purple (1)"
2026-09-24 13:20:35,yellow,"WRONG COLOR DETECTED: orange (1), blue (1), purple (1) | Waiting for YELLOW",0,"orange (1), blue (1), purple (1)"
2026-09-24 13:20:35,yellow,"WRONG COLOR DETECTED: blue (1), purple (1) | Waiting for YELLOW",0,"blue (1), purple (1)"
2026-09-24 13:20:35,yellow,"WRONG COLOR DETECTED: orange (1), blue (1), purple (1) | Waiting for YELLOW",0,"orange (1), blue (1), purple (1)"
2026-09-24 13:20:36,yellow,"WRONG COLOR DETECTED: blue (1), purple (1) | Waiting for YELLOW",0,"blue (1), purple (1)"
2026-09-24 13:20:36,yellow,"CORRECT COLOR DETECTED: YELLOW (1) | Wrong color(s): red (1), blue (1), purple (1)",1,"red (1), blue (1), purple (1)"
2026-09-24 13:20:36,yellow,"CORRECT COLOR DETECTED: YELLOW (1) | Wrong color(s): blue (1), purple (1)",1,"blue (1), purple (1)"
2026-09-24 13:20:36,yellow,"CORRECT COLOR DETECTED: YELLOW (1) | Wrong color(s): red (1), blue (1), purple (1)",1,"red (1), blue (1), purple (1)"
2026-09-24 13:20:36,yellow,"WRONG COLOR DETECTED: red (1), blue (1), purple (1) | Waiting for YELLOW",0,"red (1), blue (1), purple (1)"
2026-09-24 13:20:36,yellow,"CORRECT COLOR DETECTED: YELLOW (1) | Wrong color(s): blue (1), purple (1)",1,"blue (1), purple (1)"
2026-09-24 13:20:36,yellow,"WRONG COLOR DETECTED: blue (1), purple (1) | Waiting for YELLOW",0,"blue (1), purple (1)"
2026-09-24 13:20:37,yellow,"WRONG COLOR DETECTED: orange (1), blue (1), purple (1) | Waiting for YELLOW",0,"orange (1), blue (1), purple (1)"
2026-09-24 13:20:37,yellow,"WRONG COLOR DETECTED: blue (1), purple (1) | Waiting for YELLOW",0,"blue (1), purple (1)"
2026-09-24 13:20:37,yellow,"WRONG COLOR DETECTED: red (1), orange (1), blue (1), purple (1) | Waiting for YELLOW",0,"red (1), orange (1), blue (1), purple (1)"
2026-09-24 13:20:37,yellow,"WRONG COLOR DETECTED: red (1), blue (1), purple (1) | Waiting for YELLOW",0,"red (1), blue (1), purple (1)"
2026-09-24 13:20:37,yellow,"WRONG COLOR DETECTED: orange (1), blue (1), purple (1) | Waiting for YELLOW",0,"orange (1), blue (1), purple (1)"
2026-09-24 13:20:37,yellow,"CORRECT COLOR DETECTED: YELLOW (1) | Wrong color(s): orange (1), blue (1), purple (1)",1,"orange (1), blue (1), purple (1)"
2026-09-24 13:20:37,yellow,"CORRECT COLOR DETECTED: YELLOW (1) | Wrong color(s): orange (1), blue (1)",1,"orange (1), blue (1)"
2026-09-24 13:20:37,yellow,CORRECT COLOR DETECTED: YELLOW (1) | Wrong color(s): blue (1),1,blue (1)
2026-09-24 13:20:37,yellow,"WRONG COLOR DETECTED: orange (1), blue (1) | Waiting for YELLOW",0,"orange (1), blue (1)"
2026-09-24 13:20:37,yellow,"WRONG COLOR DETECTED: orange (1), blue (1), purple (1) | Waiting for YELLOW",0,"orange (1), blue (1), purple (1)"
2026-09-24 13:20:37,yellow,"WRONG COLOR DETECTED: orange (1), blue (1) | Waiting for YELLOW",0,"orange (1), blue (1)"
2026-09-24 13:20:38,yellow,WRONG COLOR DETECTED: blue (1) | Waiting for YELLOW,0,blue (1)
2026-09-24 13:20:38,yellow,"WRONG COLOR DETECTED: blue (1), purple (1) | Waiting for YELLOW",0,"blue (1), purple (1)"
2026-09-24 13:20:38,yellow,"WRONG COLOR DETECTED: orange (1), blue (1), purple (1) | Waiting for YELLOW",0,"orange (1), blue (1), purple (1)"
2026-09-24 13:20:38,yellow,"WRONG COLOR DETECTED: orange (1), blue (1) | Waiting for YELLOW",0,"orange (1), blue (1)"
2026-09-24 13:20:38,yellow,"WRONG COLOR DETECTED: orange (1), blue (1), purple (1) | Waiting for YELLOW",0,"orange (1), blue (1), purple (1)"
2026-09-24 13:20:38,yellow,"WRONG COLOR DETECTED: blue (1), purple (1) | Waiting for YELLOW",0,"blue (1), purple (1)"
2026-09-24 13:20:43,yellow,"WRONG COLOR DETECTED: orange (1), blue (1), purple (1) | Waiting for YELLOW",0,"orange (1), blue (1), purple (1)"
2026-09-24 13:20:43,yellow,"WRONG COLOR DETECTED: red (1), orange (2), blue (1), purple (1) | Waiting for YELLOW",0,"red (1), orange (2), blue (1), purple (1)"
2026-09-24 13:20:43,yellow,"WRONG COLOR DETECTED: red (2), orange (1), blue (1), purple (1) | Waiting for YELLOW",0,"red (2), orange (1), blue (1), purple (1)"
2026-09-24 13:20:43,yellow,"WRONG COLOR DETECTED: red (1), orange (1), blue (1), purple (1) | Waiting for YELLOW",0,"red (1), orange (1), blue (1), purple (1)"
2026-09-24 13:20:43,yellow,"WRONG COLOR DETECTED: red (1), blue (1), purple (1) | Waiting for YELLOW",0,"red (1), blue (1), purple (1)"
2026-09-24 13:20:43,yellow,"WRONG COLOR DETECTED: red (1), orange (1), blue (1), purple (1) | Waiting for YELLOW",0,"red (1), orange (1), blue (1), purple (1)"
2026-09-24 13:20:43,yellow,"WRONG COLOR DETECTED: red (1), blue (1), purple (1) | Waiting for YELLOW",0,"red (1), blue (1), purple (1)"
2026-09-24 13:20:43,yellow,"WRONG COLOR DETECTED: red (1), orange (2), blue (1), purple (1) | Waiting for YELLOW",0,"red (1), orange (2), blue (1), purple (1)"
2026-09-24 13:20:43,yellow,"WRONG COLOR DETECTED: orange (1), blue (1), purple (1) | Waiting for YELLOW",0,"orange (1), blue (1), purple (1)"
2026-09-24 13:20:43,yellow,"WRONG COLOR DETECTED: red (1), orange (1), blue (1), purple (1) | Waiting for YELLOW",0,"red (1), orange (1), blue (1), purple (1)"
2026-09-24 13:20:43,yellow,"WRONG COLOR DETECTED: orange (2), blue (1), purple (1) | Waiting for YELLOW",0,"orange (2), blue (1), purple (1)"
2026-09-24 13:20:44,yellow,"WRONG COLOR DETECTED: red (1), orange (2), blue (1), purple (1) | Waiting for YELLOW",0,"red (1), orange (2), blue (1), purple (1)"
2026-09-24 13:20:44,yellow,"WRONG COLOR DETECTED: orange (1), blue (1), purple (1) | Waiting for YELLOW",0,"orange (1), blue (1), purple (1)"
2026-09-24 13:20:44,yellow,"WRONG COLOR DETECTED: red (1), orange (2), blue (1), purple (1) | Waiting for YELLOW",0,"red (1), orange (2), blue (1), purple (1)"
2026-09-24 13:20:44,yellow,"WRONG COLOR DETECTED: orange (2), blue (1), purple (1) | Waiting for YELLOW",0,"orange (2), blue (1), purple (1)"
2026-09-24 13:20:44,yellow,"WRONG COLOR DETECTED: red (1), orange (2), blue (1), purple (1) | Waiting for YELLOW",0,"red (1), orange (2), blue (1), purple (1)"
2026-09-24 13:20:44,yellow,"WRONG COLOR DETECTED: orange (2), blue (1), purple (1) | Waiting for YELLOW",0,"orange (2), blue (1), purple (1)"
2026-09-24 13:20:44,yellow,"WRONG COLOR DETECTED: red (1), orange (2), blue (1), purple (1) | Waiting for YELLOW",0,"red (1), orange (2), blue (1), purple (1)"
2026-09-24 13:20:44,yellow,"WRONG COLOR DETECTED: orange (2), blue (1), purple (1) | Waiting for YELLOW",0,"orange (2), blue (1), purple (1)"
2026-09-24 13:20:44,yellow,"WRONG COLOR DETECTED: orange (1), blue (1), purple (1) | Waiting for YELLOW",0,"orange (1), blue (1), purple (1)"
2026-09-24 13:20:44,yellow,"WRONG COLOR DETECTED: orange (2), blue (1), purple (1) | Waiting for YELLOW",0,"orange (2), blue (1), purple (1)"
2026-09-24 13:20:44,yellow,"WRONG COLOR DETECTED: red (1), orange (2), blue (1), purple (1) | Waiting for YELLOW",0,"red (1), orange (2), blue (1), purple (1)"
2026-09-24 13:20:44,yellow,"WRONG COLOR DETECTED: red (1), orange (1), blue (1), purple (1) | Waiting for YELLOW",0,"red (1), orange (1), blue (1), purple (1)"
2026-09-24 13:20:44,yellow,"WRONG COLOR DETECTED: orange (2), blue (1), purple (1) | Waiting for YELLOW",0,"orange (2), blue (1), purple (1)"
2026-09-24 13:20:45,yellow,"WRONG COLOR DETECTED: orange (1), blue (1), purple (1) | Waiting for YELLOW",0,"orange (1), blue (1), purple (1)"
2026-09-24 13:20:45,yellow,"WRONG COLOR DETECTED: orange (2), blue (1), purple (1) | Waiting for YELLOW",0,"orange (2), blue (1), purple (1)"
2026-09-24 13:20:45,yellow,"WRONG COLOR DETECTED: orange (1), blue (1), purple (1) | Waiting for YELLOW",0,"orange (1), blue (1), purple (1)"
2026-09-24 13:20:45,yellow,"WRONG COLOR DETECTED: blue (1), purple (1) | Waiting for YELLOW",0,"blue (1), purple (1)"
2026-09-24 13:20:45,yellow,"CORRECT COLOR DETECTED: YELLOW (1) | Wrong color(s): orange (1), blue (1), purple (1)",1,"orange (1), blue (1), purple (1)"
2026-09-24 13:20:45,yellow,"WRONG COLOR DETECTED: orange (1), blue (1), purple (1) | Waiting for YELLOW",0,"orange (1), blue (1), purple (1)"
2026-09-24 13:20:45,yellow,"WRONG COLOR DETECTED: red (1), blue (1), purple (1) | Waiting for YELLOW",0,"red (1), blue (1), purple (1)"
2026-09-24 13:20:45,yellow,"CORRECT COLOR DETECTED: YELLOW (1) | Wrong color(s): blue (1), purple (1)",1,"blue (1), purple (1)"
2026-09-24 13:20:45,yellow,"WRONG COLOR DETECTED: blue (1), purple (1) | Waiting for YELLOW",0,"blue (1), purple (1)"
2026-09-24 13:20:45,yellow,"CORRECT COLOR DETECTED: YELLOW (1) | Wrong color(s): blue (1), purple (1)",1,"blue (1), purple (1)"
2026-09-24 13:20:46,yellow,"WRONG COLOR DETECTED: blue (1), purple (1) | Waiting for YELLOW",0,"blue (1), purple (1)"
2026-09-24 13:20:46,yellow,"CORRECT COLOR DETECTED: YELLOW (1) | Wrong color(s): blue (1), purple (1)",1,"blue (1), purple (1)"
2026-09-24 13:20:46,yellow,"WRONG COLOR DETECTED: blue (1), purple (1) | Waiting for YELLOW",0,"blue (1), purple (1)"
2026-09-24 13:20:46,yellow,"CORRECT COLOR DETECTED: YELLOW (1) | Wrong color(s): blue (1), purple (1)",1,"blue (1), purple (1)"
2026-09-24 13:20:46,yellow,CORRECT COLOR DETECTED: YELLOW (1) | Wrong color(s): blue (1),1,blue (1)
2026-09-24 13:20:46,yellow,CORRECT COLOR DETECTED: YELLOW (1) | Wrong color(s): blue (2),1,blue (2)
2026-09-24 13:20:47,yellow,"CORRECT COLOR DETECTED: YELLOW (1) | Wrong color(s): red (1), blue (2)",1,"red (1), blue (2)"
2026-09-24 13:20:47,yellow,CORRECT COLOR DETECTED: YELLOW (1) | Wrong color(s): blue (2),1,blue (2)
2026-09-24 13:20:47,yellow,"CORRECT COLOR DETECTED: YELLOW (1) | Wrong color(s): orange (1), blue (2)",1,"orange (1), blue (2)"
2026-09-24 13:20:47,yellow,"CORRECT COLOR DETECTED: YELLOW (1) | Wrong color(s): red (1), orange (1), blue (2)",1,"red (1), orange (1), blue (2)"
2026-09-24 13:20:48,yellow,"WRONG COLOR DETECTED: orange (1), blue (2) | Waiting for YELLOW",0,"orange (1), blue (2)"
2026-09-24 13:20:48,yellow,WRONG COLOR DETECTED: blue (1) | Waiting for YELLOW,0,blue (1)
2026-09-24 13:20:48,yellow,"WRONG COLOR DETECTED: blue (1), purple (1) | Waiting for YELLOW",0,"blue (1), purple (1)"
2026-09-24 13:20:49,yellow,"CORRECT COLOR DETECTED: YELLOW (1) | Wrong color(s): blue (1), purple (1)",1,"blue (1), purple (1)"
2026-09-24 13:20:49,yellow,"CORRECT COLOR DETECTED: YELLOW (1) | Wrong color(s): red (1), orange (1), blue (1), purple (1)",1,"red (1), orange (1), blue (1), purple (1)"
2026-09-24 13:20:49,yellow,"WRONG COLOR DETECTED: blue (1), purple (1) | Waiting for YELLOW",0,"blue (1), purple (1)"
2026-09-24 13:20:52,green,"WRONG COLOR DETECTED: blue (1), purple (1) | Waiting for GREEN",0,"blue (1), purple (1)"
2026-09-24 13:20:53,blue,CORRECT COLOR DETECTED: BLUE (1) | Wrong color(s): purple (1),1,purple (1)
2026-09-24 13:20:53,blue,"CORRECT COLOR DETECTED: BLUE (1) | Wrong color(s): red (1), purple (1)",1,"red (1), purple (1)"
2026-09-24 13:20:53,blue,"CORRECT COLOR DETECTED: BLUE (1) | Wrong color(s): orange (1), yellow (1), purple (1)",1,"orange (1), yellow (1), purple (1)"
2026-09-24 13:20:53,blue,"CORRECT COLOR DETECTED: BLUE (1) | Wrong color(s): orange (1), purple (1)",1,"orange (1), purple (1)"
2026-09-24 13:20:53,blue,CORRECT COLOR DETECTED: BLUE (1) | Wrong color(s): purple (1),1,purple (1)
2026-09-24 13:20:53,blue,"CORRECT COLOR DETECTED: BLUE (1) | Wrong color(s): orange (1), purple (1)",1,"orange (1), purple (1)"
2026-09-24 13:20:54,blue,CORRECT COLOR DETECTED: BLUE (1) | Wrong color(s): purple (1),1,purple (1)
2026-09-24 13:20:54,blue,"CORRECT COLOR DETECTED: BLUE (1) | Wrong color(s): orange (1), purple (1)",1,"orange (1), purple (1)"
2026-09-24 13:20:54,blue,CORRECT COLOR DETECTED: BLUE (1) | Wrong color(s): purple (1),1,purple (1)
2026-09-24 13:20:54,blue,"CORRECT COLOR DETECTED: BLUE (1) | Wrong color(s): orange (1), purple (1)",1,"orange (1), purple (1)"
2026-09-24 13:20:54,blue,"CORRECT COLOR DETECTED: BLUE (1) | Wrong color(s): red (1), orange (1), purple (1)",1,"red (1), orange (1), purple (1)"
2026-09-24 13:20:54,blue,"CORRECT COLOR DETECTED: BLUE (1) | Wrong color(s): orange (1), purple (1)",1,"orange (1), purple (1)"
2026-09-24 13:20:54,blue,CORRECT COLOR DETECTED: BLUE (1) | Wrong color(s): purple (1),1,purple (1)
2026-09-24 13:20:54,blue,"CORRECT COLOR DETECTED: BLUE (1) | Wrong color(s): orange (1), yellow (1), purple (1)",1,"orange (1), yellow (1), purple (1)"
2026-09-24 13:20:55,blue,"CORRECT COLOR DETECTED: BLUE (1) | Wrong color(s): yellow (1), purple (1)",1,"yellow (1), purple (1)"
2026-09-24 13:20:55,blue,CORRECT COLOR DETECTED: BLUE (1) | Wrong color(s): purple (1),1,purple (1)
2026-09-24 13:20:55,blue,"CORRECT COLOR DETECTED: BLUE (1) | Wrong color(s): red (1), orange (1)",1,"red (1), orange (1)"
2026-09-24 13:20:55,blue,CORRECT COLOR DETECTED: BLUE (1),1,
2026-09-24 13:20:55,blue,"CORRECT COLOR DETECTED: BLUE (1) | Wrong color(s): red (1), orange (1)",1,"red (1), orange (1)"
2026-09-24 13:20:55,blue,CORRECT COLOR DETECTED: BLUE (1) | Wrong color(s): orange (1),1,orange (1)
2026-09-24 13:20:55,blue,CORRECT COLOR DETECTED: BLUE (2),2,
2026-09-24 13:20:56,blue,WRONG COLOR DETECTED: orange (1) | Waiting for BLUE,0,orange (1)
2026-09-24 13:20:56,blue,WRONG COLOR DETECTED: orange (1) | Waiting for BLUE,0,orange (1)
2026-09-24 13:20:56,blue,"WRONG COLOR DETECTED: red (1), orange (1) | Waiting for BLUE",0,"red (1), orange (1)"
2026-09-24 13:20:56,blue,"WRONG COLOR DETECTED: red (1), green (1) | Waiting for BLUE",0,"red (1), green (1)"
2026-09-24 13:20:56,blue,WRONG COLOR DETECTED: green (1) | Waiting for BLUE,0,green (1)
2026-09-24 13:20:57,blue,WRONG COLOR DETECTED: green (1) | Waiting for BLUE,0,green (1)
2026-09-24 13:20:57,blue,"WRONG COLOR DETECTED: orange (1), green (1) | Waiting for BLUE",0,"orange (1), green (1)"
2026-09-24 13:20:57,blue,WRONG COLOR DETECTED: green (1) | Waiting for BLUE,0,green (1)
2026-09-24 13:20:57,blue,"WRONG COLOR DETECTED: orange (1), green (1) | Waiting for BLUE",0,"orange (1), green (1)"
2026-09-24 13:20:57,blue,WRONG COLOR DETECTED: green (1) | Waiting for BLUE,0,green (1)
2026-09-24 13:20:57,blue,"WRONG COLOR DETECTED: red (1), green (1) | Waiting for BLUE",0,"red (1), green (1)"
2026-09-24 13:20:57,blue,WRONG COLOR DETECTED: green (1) | Waiting for BLUE,0,green (1)
2026-09-24 13:20:59,blue,"WRONG COLOR DETECTED: green (1), purple (1) | Waiting for BLUE",0,"green (1), purple (1)"
2026-09-24 13:20:59,blue,"WRONG COLOR DETECTED: orange (1), green (1), purple (1) | Waiting for BLUE",0,"orange (1), green (1), purple (1)"
2026-09-24 13:20:59,blue,"WRONG COLOR DETECTED: green (1), purple (1) | Waiting for BLUE",0,"green (1), purple (1)"
2026-09-24 13:20:59,blue,"WRONG COLOR DETECTED: orange (1), green (1), purple (1) | Waiting for BLUE",0,"orange (1), green (1), purple (1)"
2026-09-24 13:20:59,blue,"WRONG COLOR DETECTED: green (1), purple (1) | Waiting for BLUE",0,"green (1), purple (1)"
2026-09-24 13:20:59,blue,"WRONG COLOR DETECTED: orange (1), green (1), purple (1) | Waiting for BLUE",0,"orange (1), green (1), purple (1)"
2026-09-24 13:20:59,blue,"WRONG COLOR DETECTED: red (1), green (1), purple (1) | Waiting for BLUE",0,"red (1), green (1), purple (1)"
2026-09-24 13:21:00,blue,"WRONG COLOR DETECTED: green (1), purple (1) | Waiting for BLUE",0,"green (1), purple (1)"
2026-09-24 13:21:00,blue,"WRONG COLOR DETECTED: red (1), green (1), purple (1) | Waiting for BLUE",0,"red (1), green (1), purple (1)"
2026-09-24 13:21:00,blue,"WRONG COLOR DETECTED: orange (1), green (1), purple (1) | Waiting for BLUE",0,"orange (1), green (1), purple (1)"
2026-09-24 13:21:00,blue,"WRONG COLOR DETECTED: green (1), purple (1) | Waiting for BLUE",0,"green (1), purple (1)"
2026-09-24 13:21:00,blue,WRONG COLOR DETECTED: green (1) | Waiting for BLUE,0,green (1)
2026-09-24 13:21:01,blue,"WRONG COLOR DETECTED: orange (1), green (1) | Waiting for BLUE",0,"orange (1), green (1)"
2026-09-24 13:21:01,blue,"WRONG COLOR DETECTED: orange (1), green (1) | Waiting for BLUE",0,"orange (1), green (1)"
2026-09-24 13:21:01,blue,"WRONG COLOR DETECTED: red (1), orange (1), green (1) | Waiting for BLUE",0,"red (1), orange (1), green (1)"
2026-09-24 13:21:01,blue,WRONG COLOR DETECTED: green (1) | Waiting for BLUE,0,green (1)
2026-09-24 13:21:01,blue,"WRONG COLOR DETECTED: orange (1), green (1) | Waiting for BLUE",0,"orange (1), green (1)"
2026-09-24 13:21:01,blue,"CORRECT COLOR DETECTED: BLUE (1) | Wrong color(s): orange (1), green (1)",1,"orange (1), green (1)"
2026-09-24 13:21:01,blue,CORRECT COLOR DETECTED: BLUE (1),1,
2026-09-24 13:21:01,blue,CORRECT COLOR DETECTED: BLUE (1) | Wrong color(s): red (1),1,red (1)
2026-09-24 13:21:01,blue,CORRECT COLOR DETECTED: BLUE (1),1,
2026-09-24 13:21:01,blue,CORRECT COLOR DETECTED: BLUE (1) | Wrong color(s): red (1),1,red (1)
2026-09-24 13:21:02,blue,CORRECT COLOR DETECTED: BLUE (1) | Wrong color(s): orange (1),1,orange (1)
2026-09-24 13:21:02,blue,CORRECT COLOR DETECTED: BLUE (1),1,
2026-09-24 13:21:04,blue,"CORRECT COLOR DETECTED: BLUE (1) | Wrong color(s): red (1), orange (1)",1,"red (1), orange (1)"
2026-09-24 13:21:04,blue,CORRECT COLOR DETECTED: BLUE (1) | Wrong color(s): red (1),1,red (1)
2026-09-24 13:21:04,blue,CORRECT COLOR DETECTED: BLUE (1),1,
2026-09-24 13:21:05,blue,CORRECT COLOR DETECTED: BLUE (1),1,
2026-09-24 13:21:05,blue,CORRECT COLOR DETECTED: BLUE (1) | Wrong color(s): red (1),1,red (1)
2026-09-24 13:21:05,blue,WRONG COLOR DETECTED: red (1) | Waiting for BLUE,0,red (1)
2026-09-24 13:21:05,blue,CORRECT COLOR DETECTED: BLUE (1) | Wrong color(s): red (1),1,red (1)
2026-09-24 13:21:05,blue,"CORRECT COLOR DETECTED: BLUE (1) | Wrong color(s): red (2), orange (1)",1,"red (2), orange (1)"
2026-09-24 13:21:05,blue,CORRECT COLOR DETECTED: BLUE (1) | Wrong color(s): red (1),1,red (1)
2026-09-24 13:21:11,blue,"CORRECT COLOR DETECTED: BLUE (1) | Wrong color(s): red (2), orange (1)",1,"red (2), orange (1)"
2026-09-24 13:21:11,blue,"CORRECT COLOR DETECTED: BLUE (1) | Wrong color(s): red (1), orange (1)",1,"red (1), orange (1)"
2026-09-24 13:21:11,blue,WRONG COLOR DETECTED: red (1) | Waiting for BLUE,0,red (1)
2026-09-24 13:21:12,blue,WRONG COLOR DETECTED: orange (1) | Waiting for BLUE,0,orange (1)
2026-09-24 13:21:12,blue,"WRONG COLOR DETECTED: red (1), orange (1) | Waiting for BLUE",0,"red (1), orange (1)"
2026-09-24 13:21:12,blue,"WRONG COLOR DETECTED: red (2), orange (1) | Waiting for BLUE",0,"red (2), orange (1)"
2026-09-24 13:21:12,blue,CORRECT COLOR DETECTED: BLUE (1),1,
2026-09-24 13:21:12,blue,"CORRECT COLOR DETECTED: BLUE (1) | Wrong color(s): red (1), orange (1)",1,"red (1), orange (1)"
2026-09-24 13:21:12,blue,CORRECT COLOR DETECTED: BLUE (1),1,
2026-09-24 13:21:12,blue,WRONG COLOR DETECTED: orange (1) | Waiting for BLUE,0,orange (1)
2026-09-24 13:21:12,blue,CORRECT COLOR DETECTED: BLUE (1) | Wrong color(s): orange (1),1,orange (1)
2026-09-24 13:21:12,blue,WRONG COLOR DETECTED: orange (1) | Waiting for BLUE,0,orange (1)
2026-09-24 13:21:14,blue,WRONG COLOR DETECTED: purple (1) | Waiting for BLUE,0,purple (1)
2026-09-24 13:21:14,blue,"WRONG COLOR DETECTED: red (1), purple (1) | Waiting for BLUE",0,"red (1), purple (1)"
2026-09-24 13:21:15,blue,WRONG COLOR DETECTED: purple (1) | Waiting for BLUE,0,purple (1)
2026-09-24 13:21:15,blue,CORRECT COLOR DETECTED: BLUE (1) | Wrong color(s): purple (1),1,purple (1)
2026-09-24 13:21:16,blue,CORRECT COLOR DETECTED: BLUE (1),1,
2026-09-24 13:21:16,blue,CORRECT COLOR DETECTED: BLUE (1) | Wrong color(s): purple (1),1,purple (1)
2026-09-24 13:21:17,blue,"CORRECT COLOR DETECTED: BLUE (1) | Wrong color(s): orange (1), purple (1)",1,"orange (1), purple (1)"
2026-09-24 13:21:17,blue,CORRECT COLOR DETECTED: BLUE (1) | Wrong color(s): purple (1),1,purple (1)
2026-09-24 13:21:18,blue,"CORRECT COLOR DETECTED: BLUE (1) | Wrong color(s): orange (1), purple (1)",1,"orange (1), purple (1)"
2026-09-24 13:21:18,blue,CORRECT COLOR DETECTED: BLUE (1) | Wrong color(s): purple (1),1,purple (1)
2026-09-24 13:21:18,blue,"CORRECT COLOR DETECTED: BLUE (1) | Wrong color(s): orange (1), purple (1)",1,"orange (1), purple (1)"
2026-09-24 13:21:18,blue,CORRECT COLOR DETECTED: BLUE (1) | Wrong color(s): purple (1),1,purple (1)
2026-09-24 13:21:18,blue,"CORRECT COLOR DETECTED: BLUE (1) | Wrong color(s): orange (3), purple (1)",1,"orange (3), purple (1)"
2026-09-24 13:21:19,blue,CORRECT COLOR DETECTED: BLUE (1) | Wrong color(s): purple (1),1,purple (1)
2026-09-24 13:21:19,blue,WRONG COLOR DETECTED: purple (1) | Waiting for BLUE,0,purple (1)
2026-09-24 13:21:19,blue,"CORRECT COLOR DETECTED: BLUE (1) | Wrong color(s): orange (1), purple (1)",1,"orange (1), purple (1)"
2026-09-24 13:21:19,blue,"WRONG COLOR DETECTED: orange (1), purple (1) | Waiting for BLUE",0,"orange (1), purple (1)"
2026-09-24 13:21:19,blue,CORRECT COLOR DETECTED: BLUE (1) | Wrong color(s): purple (1),1,purple (1)
2026-09-24 13:21:19,blue,WRONG COLOR DETECTED: purple (1) | Waiting for BLUE,0,purple (1)
2026-09-24 13:21:19,blue,"WRONG COLOR DETECTED: red (2), purple (1) | Waiting for BLUE",0,"red (2), purple (1)"
2026-09-24 13:21:19,blue,"WRONG COLOR DETECTED: orange (1), purple (1) | Waiting for BLUE",0,"orange (1), purple (1)"
2026-09-24 13:21:20,blue,WRONG COLOR DETECTED: orange (1) | Waiting for BLUE,0,orange (1)
2026-09-24 13:21:20,blue,WRONG COLOR DETECTED: orange (1) | Waiting for BLUE,0,orange (1)
2026-09-24 13:21:26,purple,CORRECT COLOR DETECTED: PURPLE (1) | Wrong color(s): orange (1),1,orange (1)
2026-09-24 13:21:26,purple,CORRECT COLOR DETECTED: PURPLE (1),1,
2026-09-24 13:21:27,purple,CORRECT COLOR DETECTED: PURPLE (1),1,
2026-09-24 13:21:27,purple,CORRECT COLOR DETECTED: PURPLE (1) | Wrong color(s): green (1),1,green (1)
2026-09-24 13:21:28,purple,"CORRECT COLOR DETECTED: PURPLE (1) | Wrong color(s): red (1), green (1)",1,"red (1), green (1)"
2026-09-24 13:21:28,purple,"CORRECT COLOR DETECTED: PURPLE (1) | Wrong color(s): red (1), orange (1), green (1)",1,"red (1), orange (1), green (1)"
2026-09-24 13:21:28,purple,"CORRECT COLOR DETECTED: PURPLE (1) | Wrong color(s): red (1), green (1)",1,"red (1), green (1)"
2026-09-24 13:21:28,purple,CORRECT COLOR DETECTED: PURPLE (1) | Wrong color(s): green (1),1,green (1)
2026-09-24 13:21:31,purple,"CORRECT COLOR DETECTED: PURPLE (1) | Wrong color(s): orange (1), green (1)",1,"orange (1), green (1)"
2026-09-24 13:21:32,purple,CORRECT COLOR DETECTED: PURPLE (1) | Wrong color(s): green (1),1,green (1)
2026-09-24 13:21:32,purple,"WRONG COLOR DETECTED: red (1), green (1) | Waiting for PURPLE",0,"red (1), green (1)"
2026-09-24 13:21:32,purple,CORRECT COLOR DETECTED: PURPLE (1) | Wrong color(s): green (1),1,green (1)
2026-09-24 13:21:32,purple,CORRECT COLOR DETECTED: PURPLE (1),1,
2026-09-24 13:21:32,purple,CORRECT COLOR DETECTED: PURPLE (1) | Wrong color(s): orange (1),1,orange (1)
2026-09-24 13:21:32,purple,WRONG COLOR DETECTED: orange (1) | Waiting for PURPLE,0,orange (1)
2026-09-24 13:21:34,purple,WRONG COLOR DETECTED: red (1) | Waiting for PURPLE,0,red (1)
2026-09-24 13:21:34,purple,"WRONG COLOR DETECTED: red (1), orange (1) | Waiting for PURPLE",0,"red (1), orange (1)"
2026-09-24 13:21:34,purple,WRONG COLOR DETECTED: red (1) | Waiting for PURPLE,0,red (1)
2026-09-24 13:21:34,purple,CORRECT COLOR DETECTED: PURPLE (1),1,
2026-09-24 13:21:35,purple,CORRECT COLOR DETECTED: PURPLE (1),1,
2026-09-24 13:21:36,purple,CORRECT COLOR DETECTED: PURPLE (1),1,
2026-09-24 13:21:36,purple,CORRECT COLOR DETECTED: PURPLE (1) | Wrong color(s): red (2),1,red (2)
2026-09-24 13:21:36,purple,"CORRECT COLOR DETECTED: PURPLE (1) | Wrong color(s): red (1), orange (1)",1,"red (1), orange (1)"
2026-09-24 13:21:36,purple,CORRECT COLOR DETECTED: PURPLE (1),1,
2026-09-24 13:21:36,purple,CORRECT COLOR DETECTED: PURPLE (1) | Wrong color(s): orange (1),1,orange (1)
2026-09-24 13:21:36,purple,CORRECT COLOR DETECTED: PURPLE (1),1,
2026-09-24 13:21:36,purple,CORRECT COLOR DETECTED: PURPLE (1) | Wrong color(s): yellow (1),1,yellow (1)
2026-09-24 13:21:36,purple,CORRECT COLOR DETECTED: PURPLE (1),1,
2026-09-24 13:21:37,purple,CORRECT COLOR DETECTED: PURPLE (1) | Wrong color(s): yellow (1),1,yellow (1)
2026-09-24 13:21:37,purple,CORRECT COLOR DETECTED: PURPLE (1),1,
2026-09-24 13:21:37,purple,CORRECT COLOR DETECTED: PURPLE (1) | Wrong color(s): orange (1),1,orange (1)
2026-09-24 13:21:37,purple,CORRECT COLOR DETECTED: PURPLE (1),1,
2026-09-24 13:21:37,purple,CORRECT COLOR DETECTED: PURPLE (1) | Wrong color(s): orange (1),1,orange (1)
2026-09-24 13:21:38,purple,CORRECT COLOR DETECTED: PURPLE (1),1,
2026-09-24 13:21:47,purple,"CORRECT COLOR DETECTED: PURPLE (1) | Wrong color(s): orange (1), yellow (1)",1,"orange (1), yellow (1)"
2026-09-24 13:21:47,purple,CORRECT COLOR DETECTED: PURPLE (1) | Wrong color(s): yellow (1),1,yellow (1)
2026-09-24 13:21:47,purple,CORRECT COLOR DETECTED: PURPLE (1),1,
2026-09-24 13:21:47,purple,CORRECT COLOR DETECTED: PURPLE (1) | Wrong color(s): yellow (1),1,yellow (1)
2026-09-24 13:21:48,purple,"CORRECT COLOR DETECTED: PURPLE (1) | Wrong color(s): orange (1), yellow (1)",1,"orange (1), yellow (1)"
2026-09-24 13:21:48,purple,"CORRECT COLOR DETECTED: PURPLE (1) | Wrong color(s): red (1), orange (1), yellow (1)",1,"red (1), orange (1), yellow (1)"
2026-09-24 13:21:48,purple,"CORRECT COLOR DETECTED: PURPLE (1) | Wrong color(s): red (1), yellow (1)",1,"red (1), yellow (1)"
2026-09-24 13:21:48,purple,CORRECT COLOR DETECTED: PURPLE (1) | Wrong color(s): yellow (1),1,yellow (1)
2026-09-24 13:21:49,purple,"CORRECT COLOR DETECTED: PURPLE (1) | Wrong color(s): red (1), yellow (1)",1,"red (1), yellow (1)"
2026-09-24 13:21:49,purple,WRONG COLOR DETECTED: yellow (1) | Waiting for PURPLE,0,yellow (1)
2026-09-24 13:21:49,purple,CORRECT COLOR DETECTED: PURPLE (1) | Wrong color(s): yellow (1),1,yellow (1)
2026-09-24 13:21:49,purple,CORRECT COLOR DETECTED: PURPLE (1),1,
2026-09-24 13:21:49,purple,CORRECT COLOR DETECTED: PURPLE (1) | Wrong color(s): yellow (1),1,yellow (1)
2026-09-24 13:21:49,purple,"CORRECT COLOR DETECTED: PURPLE (1) | Wrong color(s): orange (1), yellow (1)",1,"orange (1), yellow (1)"
2026-09-24 13:21:50,purple,CORRECT COLOR DETECTED: PURPLE (1),1,
2026-09-24 13:21:50,purple,"CORRECT COLOR DETECTED: PURPLE (1) | Wrong color(s): red (1), orange (1)",1,"red (1), orange (1)"
2026-09-24 13:21:50,purple,"CORRECT COLOR DETECTED: PURPLE (1) | Wrong color(s): orange (1), yellow (1)",1,"orange (1), yellow (1)"
2026-09-24 13:21:51,purple,"CORRECT COLOR DETECTED: PURPLE (1) | Wrong color(s): red (1), orange (1), yellow (1)",1,"red (1), orange (1), yellow (1)"
2026-09-24 13:21:51,purple,CORRECT COLOR DETECTED: PURPLE (1) | Wrong color(s): yellow (1),1,yellow (1)
2026-09-24 13:21:51,purple,"CORRECT COLOR DETECTED: PURPLE (1) | Wrong color(s): orange (1), yellow (1)",1,"orange (1), yellow (1)"
2026-09-24 13:21:51,purple,"CORRECT COLOR DETECTED: PURPLE (1) | Wrong color(s): orange (1), yellow (1), green (1)",1,"orange (1), yellow (1), green (1)"
2026-09-24 13:21:51,purple,"CORRECT COLOR DETECTED: PURPLE (1) | Wrong color(s): orange (2), yellow (1), green (1)",1,"orange (2), yellow (1), green (1)"
2026-09-24 13:21:51,purple,"CORRECT COLOR DETECTED: PURPLE (1) | Wrong color(s): yellow (1), green (1)",1,"yellow (1), green (1)"
2026-09-24 13:21:51,purple,"WRONG COLOR DETECTED: orange (1), yellow (1), green (1) | Waiting for PURPLE",0,"orange (1), yellow (1), green (1)"
2026-09-24 13:21:51,purple,"WRONG COLOR DETECTED: orange (1), yellow (1), green (1), blue (1) | Waiting for PURPLE",0,"orange (1), yellow (1), green (1), blue (1)"
2026-09-24 13:21:51,purple,"WRONG COLOR DETECTED: yellow (1), green (1), blue (1) | Waiting for PURPLE",0,"yellow (1), green (1), blue (1)"
2026-09-24 13:21:52,purple,"WRONG COLOR DETECTED: orange (1), yellow (1), green (1), blue (1) | Waiting for PURPLE",0,"orange (1), yellow (1), green (1), blue (1)"
2026-09-24 13:21:52,purple,"WRONG COLOR DETECTED: yellow (1), green (1), blue (1) | Waiting for PURPLE",0,"yellow (1), green (1), blue (1)"
2026-09-24 13:21:52,purple,"WRONG COLOR DETECTED: orange (1), yellow (1), green (1), blue (1) | Waiting for PURPLE",0,"orange (1), yellow (1), green (1), blue (1)"
2026-09-24 13:21:52,purple,"WRONG COLOR DETECTED: yellow (1), green (1), blue (1) | Waiting for PURPLE",0,"yellow (1), green (1), blue (1)"
2026-09-24 13:21:52,purple,"WRONG COLOR DETECTED: orange (1), yellow (1), green (1), blue (1) | Waiting for PURPLE",0,"orange (1), yellow (1), green (1), blue (1)"
2026-09-24 13:21:52,purple,"WRONG COLOR DETECTED: yellow (1), green (1), blue (1) | Waiting for PURPLE",0,"yellow (1), green (1), blue (1)"
2026-09-24 13:21:52,purple,"WRONG COLOR DETECTED: red (2), orange (2), yellow (1), green (1) | Waiting for PURPLE",0,"red (2), orange (2), yellow (1), green (1)"
2026-09-24 13:21:52,purple,"CORRECT COLOR DETECTED: PURPLE (1) | Wrong color(s): yellow (1), green (1)",1,"yellow (1), green (1)"
2026-09-24 13:21:53,purple,CORRECT COLOR DETECTED: PURPLE (1) | Wrong color(s): green (1),1,green (1)
2026-09-24 13:21:53,purple,"CORRECT COLOR DETECTED: PURPLE (1) | Wrong color(s): yellow (1), green (1)",1,"yellow (1), green (1)"
2026-09-24 13:21:54,purple,CORRECT COLOR DETECTED: PURPLE (1) | Wrong color(s): green (1),1,green (1)
2026-09-24 13:21:54,purple,"CORRECT COLOR DETECTED: PURPLE (1) | Wrong color(s): yellow (1), green (1)",1,"yellow (1), green (1)"
2026-09-24 13:21:54,purple,CORRECT COLOR DETECTED: PURPLE (1) | Wrong color(s): green (1),1,green (1)
2026-09-24 13:21:54,purple,"CORRECT COLOR DETECTED: PURPLE (1) | Wrong color(s): yellow (1), green (1)",1,"yellow (1), green (1)"
2026-09-24 13:21:54,purple,"CORRECT COLOR DETECTED: PURPLE (1) | Wrong color(s): orange (1), green (1)",1,"orange (1), green (1)"
2026-09-24 13:21:55,purple,"CORRECT COLOR DETECTED: PURPLE (1) | Wrong color(s): orange (1), yellow (1), green (1)",1,"orange (1), yellow (1), green (1)"
2026-09-24 13:21:55,purple,"CORRECT COLOR DETECTED: PURPLE (1) | Wrong color(s): orange (1), green (1)",1,"orange (1), green (1)"
2026-09-24 13:21:55,purple,"CORRECT COLOR DETECTED: PURPLE (1) | Wrong color(s): orange (1), green (1), blue (1)",1,"orange (1), green (1), blue (1)"
2026-09-24 13:21:55,purple,"CORRECT COLOR DETECTED: PURPLE (1) | Wrong color(s): orange (1), yellow (1), green (1), blue (1)",1,"orange (1), yellow (1), green (1), blue (1)"
2026-09-24 13:21:55,purple,"CORRECT COLOR DETECTED: PURPLE (1) | Wrong color(s): orange (1), yellow (1), green (1)",1,"orange (1), yellow (1), green (1)"
2026-09-24 13:21:55,purple,"CORRECT COLOR DETECTED: PURPLE (1) | Wrong color(s): yellow (1), green (1)",1,"yellow (1), green (1)"
2026-09-24 13:21:55,purple,CORRECT COLOR DETECTED: PURPLE (1) | Wrong color(s): green (1),1,green (1)
2026-09-24 13:21:56,purple,"CORRECT COLOR DETECTED: PURPLE (1) | Wrong color(s): yellow (1), green (1)",1,"yellow (1), green (1)"
2026-09-24 13:21:56,purple,CORRECT COLOR DETECTED: PURPLE (1) | Wrong color(s): green (1),1,green (1)
2026-09-24 13:21:56,purple,"CORRECT COLOR DETECTED: PURPLE (1) | Wrong color(s): yellow (1), green (1)",1,"yellow (1), green (1)"
2026-09-24 13:21:56,purple,CORRECT COLOR DETECTED: PURPLE (1) | Wrong color(s): green (1),1,green (1)
2026-09-24 13:21:56,purple,"CORRECT COLOR DETECTED: PURPLE (1) | Wrong color(s): yellow (1), green (1)",1,"yellow (1), green (1)"
2026-09-24 13:21:56,purple,CORRECT COLOR DETECTED: PURPLE (1) | Wrong color(s): green (1),1,green (1)
2026-09-24 13:21:56,purple,"WRONG COLOR DETECTED: orange (1), yellow (1), green (1) | Waiting for PURPLE",0,"orange (1), yellow (1), green (1)"
2026-09-24 13:21:56,purple,WRONG COLOR DETECTED: green (1) | Waiting for PURPLE,0,green (1)
2026-09-24 13:21:56,purple,"WRONG COLOR DETECTED: yellow (1), green (1) | Waiting for PURPLE",0,"yellow (1), green (1)"
2026-09-24 13:21:56,purple,WRONG COLOR DETECTED: green (1) | Waiting for PURPLE,0,green (1)
2026-09-24 13:21:57,purple,"WRONG COLOR DETECTED: yellow (1), green (1) | Waiting for PURPLE",0,"yellow (1), green (1)"
2026-09-24 13:21:58,purple,"WRONG COLOR DETECTED: orange (1), yellow (1), green (1) | Waiting for PURPLE",0,"orange (1), yellow (1), green (1)"
2026-09-24 13:21:58,purple,"WRONG COLOR DETECTED: yellow (1), green (1) | Waiting for PURPLE",0,"yellow (1), green (1)"
2026-09-24 13:21:59,red,"WRONG COLOR DETECTED: yellow (1), green (1) | Waiting for RED",0,"yellow (1), green (1)"
2026-09-24 13:21:59,red,"CORRECT COLOR DETECTED: RED (1) | Wrong color(s): orange (1), yellow (1), green (1)",1,"orange (1), yellow (1), green (1)"
2026-09-24 13:21:59,red,"WRONG COLOR DETECTED: yellow (1), green (1) | Waiting for RED",0,"yellow (1), green (1)"
2026-09-24 13:22:00,red,"WRONG COLOR DETECTED: orange (1), yellow (1), green (1) | Waiting for RED",0,"orange (1), yellow (1), green (1)"
2026-09-24 13:22:00,red,"WRONG COLOR DETECTED: yellow (1), green (1) | Waiting for RED",0,"yellow (1), green (1)"
2026-09-24 13:22:00,red,"WRONG COLOR DETECTED: orange (1), yellow (1), green (1) | Waiting for RED",0,"orange (1), yellow (1), green (1)"
2026-09-24 13:22:00,orange,"CORRECT COLOR DETECTED: ORANGE (1) | Wrong color(s): yellow (1), green (1)",1,"yellow (1), green (1)"
2026-09-24 13:22:01,orange,"WRONG COLOR DETECTED: yellow (1), green (1) | Waiting for ORANGE",0,"yellow (1), green (1)"
2026-09-24 13:22:02,orange,"CORRECT COLOR DETECTED: ORANGE (1) | Wrong color(s): yellow (1), green (1)",1,"yellow (1), green (1)"
2026-09-24 13:22:02,yellow,CORRECT COLOR DETECTED: YELLOW (1) | Wrong color(s): green (1),1,green (1)
2026-09-24 13:22:03,green,CORRECT COLOR DETECTED: GREEN (1) | Wrong color(s): yellow (1),1,yellow (1)
2026-09-24 13:22:06,green,"CORRECT COLOR DETECTED: GREEN (1) | Wrong color(s): red (1), yellow (1)",1,"red (1), yellow (1)"
2026-09-24 13:22:06,green,"CORRECT COLOR DETECTED: GREEN (1) | Wrong color(s): red (2), yellow (1)",1,"red (2), yellow (1)"
2026-09-24 13:22:06,green,"CORRECT COLOR DETECTED: GREEN (1) | Wrong color(s): orange (1), yellow (1)",1,"orange (1), yellow (1)"
2026-09-24 13:22:06,green,"CORRECT COLOR DETECTED: GREEN (1) | Wrong color(s): red (1), orange (1), yellow (1)",1,"red (1), orange (1), yellow (1)"
2026-09-24 13:22:06,green,"CORRECT COLOR DETECTED: GREEN (1) | Wrong color(s): orange (1), yellow (1)",1,"orange (1), yellow (1)"
2026-09-24 13:22:06,green,CORRECT COLOR DETECTED: GREEN (1) | Wrong color(s): yellow (1),1,yellow (1)
2026-09-24 13:22:06,green,"CORRECT COLOR DETECTED: GREEN (1) | Wrong color(s): orange (1), yellow (1)",1,"orange (1), yellow (1)"
2026-09-24 13:22:06,green,CORRECT COLOR DETECTED: GREEN (1) | Wrong color(s): yellow (1),1,yellow (1)
2026-09-24 13:22:06,green,"CORRECT COLOR DETECTED: GREEN (1) | Wrong color(s): orange (1), yellow (1)",1,"orange (1), yellow (1)"
2026-09-24 13:22:06,green,"CORRECT COLOR DETECTED: GREEN (1) | Wrong color(s): orange (2), yellow (1)",1,"orange (2), yellow (1)"
2026-09-24 13:22:06,green,"CORRECT COLOR DETECTED: GREEN (1) | Wrong color(s): red (1), yellow (1)",1,"red (1), yellow (1)"
2026-09-24 13:22:06,green,"CORRECT COLOR DETECTED: GREEN (1) | Wrong color(s): orange (1), yellow (1)",1,"orange (1), yellow (1)"
2026-09-24 13:22:07,green,CORRECT COLOR DETECTED: GREEN (1) | Wrong color(s): yellow (1),1,yellow (1)
2026-09-24 13:22:07,green,"CORRECT COLOR DETECTED: GREEN (1) | Wrong color(s): red (1), yellow (1)",1,"red (1), yellow (1)"
2026-09-24 13:22:07,green,CORRECT COLOR DETECTED: GREEN (1) | Wrong color(s): yellow (1),1,yellow (1)
2026-09-24 13:22:07,green,WRONG COLOR DETECTED: yellow (1) | Waiting for GREEN,0,yellow (1)
2026-09-24 13:22:07,green,"WRONG COLOR DETECTED: orange (1), yellow (1) | Waiting for GREEN",0,"orange (1), yellow (1)"
2026-09-24 13:22:07,green,CORRECT COLOR DETECTED: GREEN (1) | Wrong color(s): yellow (1),1,yellow (1)
2026-09-24 13:22:07,green,"CORRECT COLOR DETECTED: GREEN (1) | Wrong color(s): orange (1), yellow (1)",1,"orange (1), yellow (1)"
2026-09-24 13:22:08,green,CORRECT COLOR DETECTED: GREEN (1) | Wrong color(s): orange (1),1,orange (1)
2026-09-24 13:22:08,green,WRONG COLOR DETECTED: orange (1) | Waiting for GREEN,0,orange (1)
2026-09-24 13:22:09,green,"WRONG COLOR DETECTED: orange (1), yellow (1) | Waiting for GREEN",0,"orange (1), yellow (1)"
2026-09-24 13:22:09,green,WRONG COLOR DETECTED: yellow (1) | Waiting for GREEN,0,yellow (1)
2026-09-24 13:22:09,green,"WRONG COLOR DETECTED: orange (1), yellow (1) | Waiting for GREEN",0,"orange (1), yellow (1)"
2026-09-24 13:22:10,green,"CORRECT COLOR DETECTED: GREEN (1) | Wrong color(s): red (1), orange (1)",1,"red (1), orange (1)"
2026-09-24 13:22:10,green,"CORRECT COLOR DETECTED: GREEN (1) | Wrong color(s): red (1), yellow (1)",1,"red (1), yellow (1)"
2026-09-24 13:22:10,green,"CORRECT COLOR DETECTED: GREEN (1) | Wrong color(s): orange (1), yellow (1)",1,"orange (1), yellow (1)"
2026-09-24 13:22:11,green,CORRECT COLOR DETECTED: GREEN (1) | Wrong color(s): yellow (1),1,yellow (1)
2026-09-24 13:22:12,green,CORRECT COLOR DETECTED: GREEN (1),1,
2026-09-24 13:22:12,green,"CORRECT COLOR DETECTED: GREEN (1) | Wrong color(s): orange (1), yellow (1)",1,"orange (1), yellow (1)"
2026-09-24 13:22:12,green,CORRECT COLOR DETECTED: GREEN (1) | Wrong color(s): yellow (1),1,yellow (1)
2026-09-24 13:22:12,green,"CORRECT COLOR DETECTED: GREEN (1) | Wrong color(s): orange (1), yellow (1)",1,"orange (1), yellow (1)"
2026-09-24 13:22:12,green,WRONG COLOR DETECTED: yellow (1) | Waiting for GREEN,0,yellow (1)
2026-09-24 13:22:12,green,"CORRECT COLOR DETECTED: GREEN (1) | Wrong color(s): orange (1), yellow (1)",1,"orange (1), yellow (1)"
2026-09-24 13:22:12,green,WRONG COLOR DETECTED: orange (2) | Waiting for GREEN,0,orange (2)
2026-09-24 13:22:12,green,CORRECT COLOR DETECTED: GREEN (1) | Wrong color(s): red (1),1,red (1)
2026-09-24 13:22:12,green,"WRONG COLOR DETECTED: red (1), orange (2) | Waiting for GREEN",0,"red (1), orange (2)"
2026-09-24 13:22:13,green,CORRECT COLOR DETECTED: GREEN (1) | Wrong color(s): red (1),1,red (1)
2026-09-24 13:22:13,green,"CORRECT COLOR DETECTED: GREEN (1) | Wrong color(s): red (2), orange (2)",1,"red (2), orange (2)"
2026-09-24 13:22:13,green,CORRECT COLOR DETECTED: GREEN (1) | Wrong color(s): red (2),1,red (2)
2026-09-24 13:22:13,green,"CORRECT COLOR DETECTED: GREEN (1) | Wrong color(s): red (2), orange (1)",1,"red (2), orange (1)"
2026-09-24 13:22:13,green,"CORRECT COLOR DETECTED: GREEN (1) | Wrong color(s): red (2), orange (2)",1,"red (2), orange (2)"
2026-09-24 13:22:13,green,"CORRECT COLOR DETECTED: GREEN (1) | Wrong color(s): orange (2), yellow (1)",1,"orange (2), yellow (1)"
2026-09-24 13:22:13,green,"CORRECT COLOR DETECTED: GREEN (1) | Wrong color(s): orange (1), yellow (1)",1,"orange (1), yellow (1)"
2026-09-24 13:22:13,green,"CORRECT COLOR DETECTED: GREEN (1) | Wrong color(s): orange (2), yellow (1)",1,"orange (2), yellow (1)"
2026-09-24 13:22:13,green,"CORRECT COLOR DETECTED: GREEN (1) | Wrong color(s): red (1), orange (2), yellow (1)",1,"red (1), orange (2), yellow (1)"
2026-09-24 13:22:13,green,"CORRECT COLOR DETECTED: GREEN (1) | Wrong color(s): orange (2), yellow (1)",1,"orange (2), yellow (1)"
2026-09-24 13:22:14,green,"CORRECT COLOR DETECTED: GREEN (1) | Wrong color(s): red (1), orange (2), yellow (1)",1,"red (1), orange (2), yellow (1)"
2026-09-24 13:22:14,green,"CORRECT COLOR DETECTED: GREEN (1) | Wrong color(s): orange (1), yellow (1)",1,"orange (1), yellow (1)"
2026-09-24 13:22:14,green,"CORRECT COLOR DETECTED: GREEN (1) | Wrong color(s): red (1), orange (1), yellow (1)",1,"red (1), orange (1), yellow (1)"
2026-09-24 13:22:14,green,"CORRECT COLOR DETECTED: GREEN (1) | Wrong color(s): orange (1), yellow (1)",1,"orange (1), yellow (1)"
2026-09-24 13:22:14,green,"CORRECT COLOR DETECTED: GREEN (1) | Wrong color(s): orange (2), yellow (1)",1,"orange (2), yellow (1)"
2026-09-24 13:22:14,green,"CORRECT COLOR DETECTED: GREEN (1) | Wrong color(s): orange (2), yellow (1), purple (1)",1,"orange (2), yellow (1), purple (1)"
2026-09-24 13:22:14,green,"CORRECT COLOR DETECTED: GREEN (1) | Wrong color(s): orange (2), yellow (1)",1,"orange (2), yellow (1)"
2026-09-24 13:22:14,green,"CORRECT COLOR DETECTED: GREEN (1) | Wrong color(s): red (1), orange (2), yellow (1)",1,"red (1), orange (2), yellow (1)"
2026-09-24 13:22:14,green,"WRONG COLOR DETECTED: red (1), orange (2), yellow (1) | Waiting for GREEN",0,"red (1), orange (2), yellow (1)"
2026-09-24 13:22:14,green,"WRONG COLOR DETECTED: orange (2), yellow (1) | Waiting for GREEN",0,"orange (2), yellow (1)"
2026-09-24 13:22:14,green,"WRONG COLOR DETECTED: red (1), orange (2), yellow (1) | Waiting for GREEN",0,"red (1), orange (2), yellow (1)"
2026-09-24 13:22:14,green,"WRONG COLOR DETECTED: orange (1), yellow (1) | Waiting for GREEN",0,"orange (1), yellow (1)"
2026-09-24 13:22:15,green,"WRONG COLOR DETECTED: orange (2), yellow (1) | Waiting for GREEN",0,"orange (2), yellow (1)"
2026-09-24 13:22:15,green,CORRECT COLOR DETECTED: GREEN (1) | Wrong color(s): orange (1),1,orange (1)
2026-09-24 13:22:15,green,"CORRECT COLOR DETECTED: GREEN (1) | Wrong color(s): orange (1), yellow (1)",1,"orange (1), yellow (1)"
2026-09-24 13:22:15,green,CORRECT COLOR DETECTED: GREEN (1) | Wrong color(s): yellow (1),1,yellow (1)
2026-09-24 13:22:15,green,"CORRECT COLOR DETECTED: GREEN (1) | Wrong color(s): orange (1), yellow (1)",1,"orange (1), yellow (1)"
2026-09-24 13:22:15,green,"CORRECT COLOR DETECTED: GREEN (1) | Wrong color(s): red (1), orange (1), yellow (1)",1,"red (1), orange (1), yellow (1)"
2026-09-24 13:22:15,green,"CORRECT COLOR DETECTED: GREEN (1) | Wrong color(s): red (1), orange (2), yellow (1)",1,"red (1), orange (2), yellow (1)"
2026-09-24 13:22:15,green,"CORRECT COLOR DETECTED: GREEN (1) | Wrong color(s): orange (2), yellow (1)",1,"orange (2), yellow (1)"
2026-09-24 13:22:16,green,"CORRECT COLOR DETECTED: GREEN (1) | Wrong color(s): orange (1), yellow (1)",1,"orange (1), yellow (1)"
2026-09-24 13:22:16,green,"CORRECT COLOR DETECTED: GREEN (1) | Wrong color(s): orange (2), yellow (1)",1,"orange (2), yellow (1)"
2026-09-24 13:22:16,green,"CORRECT COLOR DETECTED: GREEN (1) | Wrong color(s): orange (1), yellow (1)",1,"orange (1), yellow (1)"
2026-09-24 13:22:16,green,"CORRECT COLOR DETECTED: GREEN (1) | Wrong color(s): orange (2), yellow (1)",1,"orange (2), yellow (1)"
2026-09-24 13:22:16,green,"CORRECT COLOR DETECTED: GREEN (1) | Wrong color(s): orange (1), yellow (1)",1,"orange (1), yellow (1)"
2026-09-24 13:22:16,green,"CORRECT COLOR DETECTED: GREEN (1) | Wrong color(s): orange (2), yellow (1)",1,"orange (2), yellow (1)"
2026-09-24 13:22:16,green,CORRECT COLOR DETECTED: GREEN (1) | Wrong color(s): yellow (1),1,yellow (1)
2026-09-24 13:22:16,green,"CORRECT COLOR DETECTED: GREEN (1) | Wrong color(s): orange (2), yellow (1)",1,"orange (2), yellow (1)"
2026-09-24 13:22:16,green,"CORRECT COLOR DETECTED: GREEN (1) | Wrong color(s): orange (1), yellow (1)",1,"orange (1), yellow (1)"
2026-09-24 13:22:17,green,CORRECT COLOR DETECTED: GREEN (1) | Wrong color(s): yellow (1),1,yellow (1)
2026-09-24 13:22:18,green,CORRECT COLOR DETECTED: GREEN (1),1,
2026-09-24 13:22:19,green,CORRECT COLOR DETECTED: GREEN (1) | Wrong color(s): yellow (1),1,yellow (1)
2026-09-24 13:22:23,green,CORRECT COLOR DETECTED: GREEN (1),1,
2026-09-24 13:22:23,green,CORRECT COLOR DETECTED: GREEN (1) | Wrong color(s): orange (1),1,orange (1)
2026-09-24 13:22:23,green,"CORRECT COLOR DETECTED: GREEN (1) | Wrong color(s): red (1), orange (1)",1,"red (1), orange (1)"
2026-09-24 13:22:24,green,"CORRECT COLOR DETECTED: GREEN (1) | Wrong color(s): orange (1), yellow (1)",1,"orange (1), yellow (1)"
2026-09-24 13:22:24,green,"CORRECT COLOR DETECTED: GREEN (1) | Wrong color(s): orange (1), yellow (1), purple (1)",1,"orange (1), yellow (1), purple (1)"
2026-09-24 13:22:24,green,"WRONG COLOR DETECTED: orange (1), yellow (1), purple (1) | Waiting for GREEN",0,"orange (1), yellow (1), purple (1)"
2026-09-24 13:22:24,green,"WRONG COLOR DETECTED: yellow (1), purple (1) | Waiting for GREEN",0,"yellow (1), purple (1)"
2026-09-24 13:22:24,green,WRONG COLOR DETECTED: purple (1) | Waiting for GREEN,0,purple (1)
2026-09-24 13:22:24,green,"WRONG COLOR DETECTED: yellow (1), purple (1) | Waiting for GREEN",0,"yellow (1), purple (1)"
2026-09-24 13:22:25,green,WRONG COLOR DETECTED: purple (1) | Waiting for GREEN,0,purple (1)
2026-09-24 13:22:25,green,"WRONG COLOR DETECTED: red (1), purple (1) | Waiting for GREEN",0,"red (1), purple (1)"
2026-09-24 13:22:25,green,WRONG COLOR DETECTED: purple (1) | Waiting for GREEN,0,purple (1)
2026-09-24 13:22:26,green,WRONG COLOR DETECTED: yellow (1) | Waiting for GREEN,0,yellow (1)
2026-09-24 13:22:26,green,WRONG COLOR DETECTED: red (1) | Waiting for GREEN,0,red (1)
2026-09-24 13:22:26,green,WRONG COLOR DETECTED: yellow (1) | Waiting for GREEN,0,yellow (1)
2026-09-24 13:22:26,green,"WRONG COLOR DETECTED: orange (1), purple (1) | Waiting for GREEN",0,"orange (1), purple (1)"
2026-09-24 13:22:26,green,"WRONG COLOR DETECTED: red (1), purple (1) | Waiting for GREEN",0,"red (1), purple (1)"
2026-09-24 13:22:26,green,"WRONG COLOR DETECTED: yellow (1), purple (1) | Waiting for GREEN",0,"yellow (1), purple (1)"
2026-09-24 13:22:26,green,WRONG COLOR DETECTED: purple (1) | Waiting for GREEN,0,purple (1)
2026-09-28 08:43:44,red,WRONG COLOR DETECTED: blue (1) | Waiting for RED,0,blue (1)
2026-09-28 08:43:44,red,CORRECT COLOR DETECTED: RED (1) | Wrong color(s): blue (1),1,blue (1)
2026-09-28 08:43:44,red,WRONG COLOR DETECTED: blue (1) | Waiting for RED,0,blue (1)
2026-09-28 08:45:05,red,CORRECT COLOR DETECTED: RED (2) | Wrong color(s): blue (1),2,blue (1)
2026-09-28 08:45:06,red,"WRONG COLOR DETECTED: orange (1), blue (1) | Waiting for RED",0,"orange (1), blue (1)"
2026-09-28 08:45:06,red,WRONG COLOR DETECTED: blue (1) | Waiting for RED,0,blue (1)
2026-09-28 08:45:07,red,"WRONG COLOR DETECTED: orange (1), blue (1) | Waiting for RED",0,"orange (1), blue (1)"
2026-09-28 08:45:07,red,CORRECT COLOR DETECTED: RED (1) | Wrong color(s): blue (1),1,blue (1)
2026-09-28 08:45:07,red,WRONG COLOR DETECTED: blue (1) | Waiting for RED,0,blue (1)
2026-09-28 08:45:09,red,"WRONG COLOR DETECTED: orange (1), blue (1) | Waiting for RED",0,"orange (1), blue (1)"
2026-09-28 08:45:09,red,CORRECT COLOR DETECTED: RED (1) | Wrong color(s): blue (1),1,blue (1)
2026-09-28 08:45:09,red,CORRECT COLOR DETECTED: RED (1),1,
2026-09-28 08:45:09,red,"WRONG COLOR DETECTED: orange (1), blue (1) | Waiting for RED",0,"orange (1), blue (1)"
2026-09-28 08:46:10,red,CORRECT COLOR DETECTED: RED (1),1,
2026-09-28 08:46:11,red,CORRECT COLOR DETECTED: RED (1),1,
2026-09-28 08:46:11,red,CORRECT COLOR DETECTED: RED (1) | Wrong color(s): orange (1),1,orange (1)
2026-09-28 08:46:11,red,CORRECT COLOR DETECTED: RED (1),1,
2026-09-28 08:46:11,red,CORRECT COLOR DETECTED: RED (2) | Wrong color(s): orange (1),2,orange (1)
2026-09-28 08:46:11,red,CORRECT COLOR DETECTED: RED (1) | Wrong color(s): orange (1),1,orange (1)
2026-09-28 08:46:11,red,CORRECT COLOR DETECTED: RED (1),1,
2026-09-28 08:46:12,red,CORRECT COLOR DETECTED: RED (2),2,
2026-09-28 08:46:12,red,CORRECT COLOR DETECTED: RED (1),1,
2026-09-28 08:46:12,red,CORRECT COLOR DETECTED: RED (1) | Wrong color(s): orange (1),1,orange (1)
2026-09-28 08:46:12,red,CORRECT COLOR DETECTED: RED (1),1,
2026-09-28 08:47:31,red,CORRECT COLOR DETECTED: RED (1),1,
2026-09-28 08:47:31,red,CORRECT COLOR DETECTED: RED (1),1,
2026-09-28 08:47:33,red,CORRECT COLOR DETECTED: RED (2),2,
2026-09-28 08:47:33,red,CORRECT COLOR DETECTED: RED (1) | Wrong color(s): orange (1),1,orange (1)
2026-09-28 08:47:33,red,CORRECT COLOR DETECTED: RED (1),1,
2026-09-28 08:47:35,red,WRONG COLOR DETECTED: orange (1) | Waiting for RED,0,orange (1)
2026-09-28 08:47:35,red,WRONG COLOR DETECTED: blue (1) | Waiting for RED,0,blue (1)
2026-09-28 08:47:35,red,CORRECT COLOR DETECTED: RED (1),1,
2026-09-28 08:47:35,red,WRONG COLOR DETECTED: blue (1) | Waiting for RED,0,blue (1)
2026-09-28 08:47:37,red,WRONG COLOR DETECTED: orange (1) | Waiting for RED,0,orange (1)
2026-09-28 08:47:37,red,WRONG COLOR DETECTED: blue (1) | Waiting for RED,0,blue (1)
2026-09-28 08:47:37,red,"WRONG COLOR DETECTED: orange (2), blue (1) | Waiting for RED",0,"orange (2), blue (1)"
2026-09-28 08:47:37,red,WRONG COLOR DETECTED: orange (2) | Waiting for RED,0,orange (2)
2026-09-28 08:47:37,red,WRONG COLOR DETECTED: orange (1) | Waiting for RED,0,orange (1)
2026-09-28 08:47:38,red,WRONG COLOR DETECTED: yellow (1) | Waiting for RED,0,yellow (1)
2026-09-28 08:47:40,red,WRONG COLOR DETECTED: yellow (1) | Waiting for RED,0,yellow (1)
2026-09-28 08:47:41,red,WRONG COLOR DETECTED: orange (1) | Waiting for RED,0,orange (1)
2026-09-28 08:47:42,red,WRONG COLOR DETECTED: yellow (1) | Waiting for RED,0,yellow (1)
2026-09-28 08:47:43,red,WRONG COLOR DETECTED: orange (1) | Waiting for RED,0,orange (1)
2026-09-28 08:47:43,red,"WRONG COLOR DETECTED: orange (1), green (1) | Waiting for RED",0,"orange (1), green (1)"
2026-09-28 08:47:43,red,WRONG COLOR DETECTED: green (1) | Waiting for RED,0,green (1)
2026-09-28 08:47:43,red,"CORRECT COLOR DETECTED: RED (2) | Wrong color(s): orange (1), green (1)",2,"orange (1), green (1)"
2026-09-28 08:47:43,red,WRONG COLOR DETECTED: green (1) | Waiting for RED,0,green (1)
2026-09-28 08:47:45,red,"WRONG COLOR DETECTED: green (1), purple (1) | Waiting for RED",0,"green (1), purple (1)"
2026-09-28 08:47:45,red,"WRONG COLOR DETECTED: orange (1), green (1), purple (1) | Waiting for RED",0,"orange (1), green (1), purple (1)"
2026-09-28 08:47:45,red,"WRONG COLOR DETECTED: green (1), purple (1) | Waiting for RED",0,"green (1), purple (1)"
2026-09-28 08:47:45,red,"WRONG COLOR DETECTED: orange (1), green (1), purple (1) | Waiting for RED",0,"orange (1), green (1), purple (1)"
2026-09-28 08:47:46,red,"WRONG COLOR DETECTED: green (1), purple (1) | Waiting for RED",0,"green (1), purple (1)"
2026-09-28 08:47:53,red,WRONG COLOR DETECTED: purple (1) | Waiting for RED,0,purple (1)
2026-09-28 08:47:53,red,"WRONG COLOR DETECTED: green (1), purple (1) | Waiting for RED",0,"green (1), purple (1)"
2026-09-28 08:47:54,red,WRONG COLOR DETECTED: purple (1) | Waiting for RED,0,purple (1)
2026-09-28 08:47:54,red,"WRONG COLOR DETECTED: green (1), purple (1) | Waiting for RED",0,"green (1), purple (1)"
2026-09-28 08:47:55,red,WRONG COLOR DETECTED: purple (1) | Waiting for RED,0,purple (1)
2026-09-28 08:47:55,red,CORRECT COLOR DETECTED: RED (1) | Wrong color(s): purple (1),1,purple (1)
2026-09-28 08:47:55,red,"WRONG COLOR DETECTED: yellow (1), purple (1) | Waiting for RED",0,"yellow (1), purple (1)"
2026-09-28 08:47:55,red,WRONG COLOR DETECTED: yellow (1) | Waiting for RED,0,yellow (1)
2026-09-28 08:47:56,red,CORRECT COLOR DETECTED: RED (1) | Wrong color(s): yellow (1),1,yellow (1)
2026-09-28 08:47:56,red,WRONG COLOR DETECTED: yellow (1) | Waiting for RED,0,yellow (1)
2026-09-28 08:47:56,red,CORRECT COLOR DETECTED: RED (1) | Wrong color(s): yellow (1),1,yellow (1)
2026-09-28 08:47:56,red,WRONG COLOR DETECTED: yellow (1) | Waiting for RED,0,yellow (1)
2026-09-28 08:47:56,red,"WRONG COLOR DETECTED: orange (1), yellow (1) | Waiting for RED",0,"orange (1), yellow (1)"
2026-09-28 08:47:56,red,WRONG COLOR DETECTED: yellow (1) | Waiting for RED,0,yellow (1)
2026-09-28 08:47:56,red,"WRONG COLOR DETECTED: orange (1), yellow (1) | Waiting for RED",0,"orange (1), yellow (1)"
2026-09-28 08:47:56,red,WRONG COLOR DETECTED: yellow (1) | Waiting for RED,0,yellow (1)
2026-09-28 08:47:56,red,"WRONG COLOR DETECTED: orange (1), yellow (1) | Waiting for RED",0,"orange (1), yellow (1)"
2026-09-28 08:47:56,red,WRONG COLOR DETECTED: yellow (1) | Waiting for RED,0,yellow (1)
2026-09-28 08:47:57,red,"CORRECT COLOR DETECTED: RED (1) | Wrong color(s): orange (1), yellow (1)",1,"orange (1), yellow (1)"
2026-09-28 08:47:57,red,CORRECT COLOR DETECTED: RED (2),2,
2026-09-28 08:47:57,red,"WRONG COLOR DETECTED: green (1), blue (1) | Waiting for RED",0,"green (1), blue (1)"
2026-09-28 08:47:57,red,"CORRECT COLOR DETECTED: RED (2) | Wrong color(s): yellow (1), green (1), blue (1)",2,"yellow (1), green (1), blue (1)"
2026-09-28 08:47:57,red,"WRONG COLOR DETECTED: green (1), blue (1) | Waiting for RED",0,"green (1), blue (1)"
2026-09-28 08:47:57,red,"WRONG COLOR DETECTED: green (1), purple (1) | Waiting for RED",0,"green (1), purple (1)"
2026-09-28 08:47:59,red,"CORRECT COLOR DETECTED: RED (1) | Wrong color(s): green (1), purple (1)",1,"green (1), purple (1)"
2026-09-28 08:48:01,red,"CORRECT COLOR DETECTED: RED (2) | Wrong color(s): green (1), purple (1)",2,"green (1), purple (1)"
2026-09-28 08:48:01,red,"CORRECT COLOR DETECTED: RED (1) | Wrong color(s): green (1), purple (1)",1,"green (1), purple (1)"
2026-09-28 08:48:01,red,"WRONG COLOR DETECTED: green (1), purple (1) | Waiting for RED",0,"green (1), purple (1)"
2026-09-28 08:48:02,red,"CORRECT COLOR DETECTED: RED (1) | Wrong color(s): green (1), purple (1)",1,"green (1), purple (1)"
2026-09-28 08:48:02,red,"CORRECT COLOR DETECTED: RED (2) | Wrong color(s): green (1), purple (1)",2,"green (1), purple (1)"
2026-09-28 08:48:02,red,"CORRECT COLOR DETECTED: RED (1) | Wrong color(s): green (1), purple (1)",1,"green (1), purple (1)"
2026-09-28 08:48:04,red,"CORRECT COLOR DETECTED: RED (2) | Wrong color(s): green (1), purple (1)",2,"green (1), purple (1)"
2026-09-28 08:48:04,red,"CORRECT COLOR DETECTED: RED (3) | Wrong color(s): orange (1), green (1), purple (1)",3,"orange (1), green (1), purple (1)"
2026-09-28 08:48:04,red,"CORRECT COLOR DETECTED: RED (2) | Wrong color(s): green (1), purple (1)",2,"green (1), purple (1)"
2026-09-28 08:48:04,red,"CORRECT COLOR DETECTED: RED (2) | Wrong color(s): orange (1), green (1), purple (1)",2,"orange (1), green (1), purple (1)"
2026-09-28 08:48:04,red,"CORRECT COLOR DETECTED: RED (2) | Wrong color(s): green (1), purple (1)",2,"green (1), purple (1)"
2026-09-28 08:48:04,red,"CORRECT COLOR DETECTED: RED (1) | Wrong color(s): orange (1), green (1)",1,"orange (1), green (1)"
2026-09-28 08:48:04,red,CORRECT COLOR DETECTED: RED (1) | Wrong color(s): green (1),1,green (1)
2026-09-28 08:48:04,red,"CORRECT COLOR DETECTED: RED (1) | Wrong color(s): green (1), purple (1)",1,"green (1), purple (1)"
2026-09-28 08:48:05,red,CORRECT COLOR DETECTED: RED (1) | Wrong color(s): green (1),1,green (1)
2026-09-28 08:48:05,red,"CORRECT COLOR DETECTED: RED (1) | Wrong color(s): green (1), purple (1)",1,"green (1), purple (1)"
2026-09-28 08:48:05,red,CORRECT COLOR DETECTED: RED (1) | Wrong color(s): green (1),1,green (1)
2026-09-28 08:48:05,red,"CORRECT COLOR DETECTED: RED (1) | Wrong color(s): orange (1), green (1)",1,"orange (1), green (1)"
2026-09-28 08:48:05,orange,WRONG COLOR DETECTED: red (1) | Waiting for ORANGE,0,red (1)
2026-09-28 08:48:05,orange,WRONG COLOR DETECTED: red (1) | Waiting for ORANGE,0,red (1)
2026-09-28 08:48:05,orange,WRONG COLOR DETECTED: red (1) | Waiting for ORANGE,0,red (1)
2026-09-28 08:48:06,orange,CORRECT COLOR DETECTED: ORANGE (1),1,
2026-09-28 08:48:06,orange,WRONG COLOR DETECTED: green (1) | Waiting for ORANGE,0,green (1)
2026-09-28 08:48:06,orange,CORRECT COLOR DETECTED: ORANGE (1) | Wrong color(s): green (1),1,green (1)
2026-09-28 08:48:06,orange,CORRECT COLOR DETECTED: ORANGE (1),1,
2026-09-28 08:48:06,orange,WRONG COLOR DETECTED: green (1) | Waiting for ORANGE,0,green (1)
2026-09-28 08:48:06,orange,"WRONG COLOR DETECTED: red (1), green (1) | Waiting for ORANGE",0,"red (1), green (1)"
2026-09-28 08:48:10,orange,CORRECT COLOR DETECTED: ORANGE (2) | Wrong color(s): green (1),2,green (1)
2026-09-28 08:48:10,orange,CORRECT COLOR DETECTED: ORANGE (1) | Wrong color(s): green (1),1,green (1)
2026-09-28 08:48:10,orange,WRONG COLOR DETECTED: green (1) | Waiting for ORANGE,0,green (1)
2026-09-28 08:48:10,orange,"CORRECT COLOR DETECTED: ORANGE (1) | Wrong color(s): red (1), green (1)",1,"red (1), green (1)"
2026-09-28 08:48:10,orange,"WRONG COLOR DETECTED: red (1), green (1) | Waiting for ORANGE",0,"red (1), green (1)"
2026-09-28 08:48:10,orange,WRONG COLOR DETECTED: red (1) | Waiting for ORANGE,0,red (1)
2026-09-28 08:48:22,purple,"WRONG COLOR DETECTED: orange (1), yellow (1) | Waiting for PURPLE",0,"orange (1), yellow (1)"
2026-09-28 08:48:22,purple,WRONG COLOR DETECTED: yellow (1) | Waiting for PURPLE,0,yellow (1)
2026-09-28 08:48:23,purple,"WRONG COLOR DETECTED: red (1), yellow (1) | Waiting for PURPLE",0,"red (1), yellow (1)"
2026-09-28 08:48:23,purple,"WRONG COLOR DETECTED: red (2), orange (1), yellow (1) | Waiting for PURPLE",0,"red (2), orange (1), yellow (1)"
2026-09-28 08:48:23,purple,"WRONG COLOR DETECTED: red (1), orange (1), yellow (1) | Waiting for PURPLE",0,"red (1), orange (1), yellow (1)"
2026-09-28 08:48:23,purple,"WRONG COLOR DETECTED: orange (1), yellow (1) | Waiting for PURPLE",0,"orange (1), yellow (1)"
2026-09-28 08:48:23,purple,"WRONG COLOR DETECTED: red (1), orange (1), yellow (1) | Waiting for PURPLE",0,"red (1), orange (1), yellow (1)"
2026-09-28 08:48:23,purple,WRONG COLOR DETECTED: orange (2) | Waiting for PURPLE,0,orange (2)
2026-09-28 08:48:23,purple,WRONG COLOR DETECTED: orange (1) | Waiting for PURPLE,0,orange (1)
2026-09-28 08:48:23,blue,WRONG COLOR DETECTED: orange (1) | Waiting for BLUE,0,orange (1)
2026-09-28 08:48:24,green,WRONG COLOR DETECTED: orange (1) | Waiting for GREEN,0,orange (1)
2026-09-28 08:48:24,yellow,WRONG COLOR DETECTED: orange (1) | Waiting for YELLOW,0,orange (1)
2026-09-28 08:48:25,orange,CORRECT COLOR DETECTED: ORANGE (1),1,
2026-09-28 08:48:25,orange,CORRECT COLOR DETECTED: ORANGE (1),1,
2026-09-28 08:48:25,orange,CORRECT COLOR DETECTED: ORANGE (1),1,
2026-09-28 08:48:25,orange,CORRECT COLOR DETECTED: ORANGE (1),1,
2026-09-28 08:48:26,orange,WRONG COLOR DETECTED: yellow (1) | Waiting for ORANGE,0,yellow (1)
2026-09-28 08:48:26,orange,CORRECT COLOR DETECTED: ORANGE (1),1,
2026-09-28 08:48:26,orange,WRONG COLOR DETECTED: yellow (1) | Waiting for ORANGE,0,yellow (1)
2026-09-28 08:48:26,orange,WRONG COLOR DETECTED: yellow (1) | Waiting for ORANGE,0,yellow (1)
2026-09-28 08:48:26,orange,CORRECT COLOR DETECTED: ORANGE (1),1,
2026-09-28 08:48:26,orange,CORRECT COLOR DETECTED: ORANGE (1) | Wrong color(s): yellow (1),1,yellow (1)
2026-09-28 08:48:26,orange,CORRECT COLOR DETECTED: ORANGE (1),1,
2026-09-28 08:48:26,orange,CORRECT COLOR DETECTED: ORANGE (1) | Wrong color(s): yellow (1),1,yellow (1)
2026-09-28 08:48:26,orange,CORRECT COLOR DETECTED: ORANGE (1),1,
2026-09-28 08:48:26,orange,CORRECT COLOR DETECTED: ORANGE (1) | Wrong color(s): yellow (1),1,yellow (1)
2026-09-28 08:48:26,orange,CORRECT COLOR DETECTED: ORANGE (1),1,
2026-09-28 08:48:27,orange,CORRECT COLOR DETECTED: ORANGE (1) | Wrong color(s): yellow (1),1,yellow (1)
2026-09-28 08:48:27,orange,CORRECT COLOR DETECTED: ORANGE (1),1,
2026-09-28 08:48:27,orange,WRONG COLOR DETECTED: yellow (1) | Waiting for ORANGE,0,yellow (1)
2026-09-28 08:48:27,orange,CORRECT COLOR DETECTED: ORANGE (1),1,
2026-09-28 08:48:27,orange,CORRECT COLOR DETECTED: ORANGE (1) | Wrong color(s): yellow (1),1,yellow (1)
2026-09-28 08:48:27,orange,WRONG COLOR DETECTED: yellow (1) | Waiting for ORANGE,0,yellow (1)
2026-09-28 08:48:27,orange,WRONG COLOR DETECTED: yellow (1) | Waiting for ORANGE,0,yellow (1)
2026-09-28 08:48:27,orange,CORRECT COLOR DETECTED: ORANGE (1),1,
2026-09-28 08:48:27,orange,WRONG COLOR DETECTED: yellow (1) | Waiting for ORANGE,0,yellow (1)
2026-09-28 08:48:28,orange,WRONG COLOR DETECTED: yellow (1) | Waiting for ORANGE,0,yellow (1)
2026-09-28 08:48:28,orange,CORRECT COLOR DETECTED: ORANGE (1),1,
2026-09-28 08:48:28,orange,WRONG COLOR DETECTED: yellow (1) | Waiting for ORANGE,0,yellow (1)
2026-09-28 08:48:30,orange,CORRECT COLOR DETECTED: ORANGE (1),1,
2026-09-28 08:48:30,orange,WRONG COLOR DETECTED: yellow (1) | Waiting for ORANGE,0,yellow (1)
2026-09-28 08:48:30,orange,CORRECT COLOR DETECTED: ORANGE (1) | Wrong color(s): yellow (1),1,yellow (1)
2026-09-28 08:48:30,orange,CORRECT COLOR DETECTED: ORANGE (2) | Wrong color(s): yellow (1),2,yellow (1)
2026-09-28 08:48:30,orange,CORRECT COLOR DETECTED: ORANGE (1) | Wrong color(s): yellow (1),1,yellow (1)
2026-09-28 08:48:30,orange,CORRECT COLOR DETECTED: ORANGE (1),1,
2026-09-28 08:48:30,orange,CORRECT COLOR DETECTED: ORANGE (2),2,
2026-09-28 08:48:30,orange,CORRECT COLOR DETECTED: ORANGE (1),1,
2026-09-28 08:48:31,orange,CORRECT COLOR DETECTED: ORANGE (1) | Wrong color(s): yellow (1),1,yellow (1)
2026-09-28 08:48:31,orange,CORRECT COLOR DETECTED: ORANGE (2),2,
2026-09-28 08:48:31,orange,WRONG COLOR DETECTED: red (1) | Waiting for ORANGE,0,red (1)
2026-09-28 08:48:31,orange,CORRECT COLOR DETECTED: ORANGE (1),1,
2026-09-28 08:48:31,orange,CORRECT COLOR DETECTED: ORANGE (2),2,
2026-09-28 08:48:31,orange,CORRECT COLOR DETECTED: ORANGE (1) | Wrong color(s): red (1),1,red (1)
2026-09-28 08:48:37,orange,CORRECT COLOR DETECTED: ORANGE (1),1,
2026-09-28 08:48:37,orange,CORRECT COLOR DETECTED: ORANGE (2),2,
2026-09-28 08:48:37,orange,CORRECT COLOR DETECTED: ORANGE (1),1,
2026-09-28 08:48:38,orange,CORRECT COLOR DETECTED: ORANGE (2),2,
2026-09-28 08:48:38,orange,CORRECT COLOR DETECTED: ORANGE (1),1,
2026-09-28 08:48:38,orange,CORRECT COLOR DETECTED: ORANGE (1),1,
2026-09-28 08:48:38,orange,CORRECT COLOR DETECTED: ORANGE (1),1,
2026-09-28 08:48:39,orange,CORRECT COLOR DETECTED: ORANGE (1) | Wrong color(s): yellow (1),1,yellow (1)
2026-09-28 08:48:39,orange,CORRECT COLOR DETECTED: ORANGE (2) | Wrong color(s): yellow (1),2,yellow (1)
2026-09-28 08:48:39,orange,CORRECT COLOR DETECTED: ORANGE (1) | Wrong color(s): yellow (1),1,yellow (1)
2026-09-28 08:48:39,orange,CORRECT COLOR DETECTED: ORANGE (2) | Wrong color(s): yellow (1),2,yellow (1)
2026-09-28 08:48:39,orange,CORRECT COLOR DETECTED: ORANGE (2),2,
2026-09-28 08:48:39,orange,CORRECT COLOR DETECTED: ORANGE (1),1,
2026-09-28 08:48:39,orange,CORRECT COLOR DETECTED: ORANGE (2),2,
2026-09-28 08:48:39,orange,CORRECT COLOR DETECTED: ORANGE (2) | Wrong color(s): red (1),2,red (1)
2026-09-28 08:48:39,orange,CORRECT COLOR DETECTED: ORANGE (1) | Wrong color(s): red (1),1,red (1)
2026-09-28 08:48:39,orange,CORRECT COLOR DETECTED: ORANGE (2) | Wrong color(s): red (1),2,red (1)
2026-09-28 08:48:39,orange,CORRECT COLOR DETECTED: ORANGE (2) | Wrong color(s): red (2),2,red (2)
2026-09-28 08:48:40,orange,CORRECT COLOR DETECTED: ORANGE (2) | Wrong color(s): red (1),2,red (1)
2026-09-28 08:48:40,orange,CORRECT COLOR DETECTED: ORANGE (1) | Wrong color(s): red (1),1,red (1)
2026-09-28 08:48:40,orange,WRONG COLOR DETECTED: red (1) | Waiting for ORANGE,0,red (1)
2026-09-28 08:48:40,orange,CORRECT COLOR DETECTED: ORANGE (1) | Wrong color(s): red (1),1,red (1)
2026-09-28 08:48:40,orange,CORRECT COLOR DETECTED: ORANGE (1),1,
2026-09-28 08:48:40,orange,CORRECT COLOR DETECTED: ORANGE (1) | Wrong color(s): red (1),1,red (1)
2026-09-28 08:48:40,orange,CORRECT COLOR DETECTED: ORANGE (2),2,
2026-09-28 08:48:40,orange,WRONG COLOR DETECTED: blue (1) | Waiting for ORANGE,0,blue (1)
2026-09-28 08:48:40,orange,WRONG COLOR DETECTED: blue (2) | Waiting for ORANGE,0,blue (2)
2026-09-28 08:48:40,orange,WRONG COLOR DETECTED: blue (1) | Waiting for ORANGE,0,blue (1)
2026-09-28 08:48:40,orange,CORRECT COLOR DETECTED: ORANGE (1) | Wrong color(s): blue (1),1,blue (1)
2026-09-28 08:48:41,orange,"WRONG COLOR DETECTED: yellow (1), blue (1) | Waiting for ORANGE",0,"yellow (1), blue (1)"
2026-09-28 08:48:41,orange,WRONG COLOR DETECTED: blue (1) | Waiting for ORANGE,0,blue (1)
2026-09-28 08:48:41,orange,CORRECT COLOR DETECTED: ORANGE (1) | Wrong color(s): blue (1),1,blue (1)
2026-09-28 08:48:41,orange,CORRECT COLOR DETECTED: ORANGE (2) | Wrong color(s): blue (1),2,blue (1)
2026-09-28 08:48:41,orange,CORRECT COLOR DETECTED: ORANGE (1) | Wrong color(s): blue (2),1,blue (2)
2026-09-28 08:48:41,orange,CORRECT COLOR DETECTED: ORANGE (1) | Wrong color(s): blue (1),1,blue (1)
2026-09-28 08:48:41,orange,CORRECT COLOR DETECTED: ORANGE (2) | Wrong color(s): blue (2),2,blue (2)
2026-09-28 08:48:41,orange,CORRECT COLOR DETECTED: ORANGE (1) | Wrong color(s): blue (1),1,blue (1)
2026-09-28 08:48:41,orange,CORRECT COLOR DETECTED: ORANGE (2) | Wrong color(s): blue (1),2,blue (1)
2026-09-28 08:48:41,orange,CORRECT COLOR DETECTED: ORANGE (2) | Wrong color(s): blue (2),2,blue (2)
2026-09-28 08:48:41,orange,CORRECT COLOR DETECTED: ORANGE (1) | Wrong color(s): blue (1),1,blue (1)
2026-09-28 08:48:41,orange,CORRECT COLOR DETECTED: ORANGE (2) | Wrong color(s): blue (1),2,blue (1)
2026-09-28 08:48:41,orange,CORRECT COLOR DETECTED: ORANGE (2) | Wrong color(s): blue (2),2,blue (2)
2026-09-28 08:48:41,orange,CORRECT COLOR DETECTED: ORANGE (1) | Wrong color(s): blue (1),1,blue (1)
2026-09-28 08:48:42,orange,CORRECT COLOR DETECTED: ORANGE (3) | Wrong color(s): blue (1),3,blue (1)
2026-09-28 08:48:42,orange,CORRECT COLOR DETECTED: ORANGE (2) | Wrong color(s): blue (2),2,blue (2)
2026-09-28 08:48:42,orange,WRONG COLOR DETECTED: blue (1) | Waiting for ORANGE,0,blue (1)
2026-09-28 08:48:42,orange,CORRECT COLOR DETECTED: ORANGE (2),2,
2026-09-28 08:48:42,orange,CORRECT COLOR DETECTED: ORANGE (2) | Wrong color(s): blue (1),2,blue (1)
2026-09-28 08:48:42,orange,CORRECT COLOR DETECTED: ORANGE (1) | Wrong color(s): blue (1),1,blue (1)
2026-09-28 08:48:42,orange,WRONG COLOR DETECTED: red (1) | Waiting for ORANGE,0,red (1)
2026-09-28 08:48:42,orange,"WRONG COLOR DETECTED: red (1), yellow (1) | Waiting for ORANGE",0,"red (1), yellow (1)"
2026-09-28 08:48:42,orange,CORRECT COLOR DETECTED: ORANGE (1) | Wrong color(s): yellow (1),1,yellow (1)
2026-09-28 08:48:43,orange,CORRECT COLOR DETECTED: ORANGE (1),1,
2026-09-28 08:48:43,orange,CORRECT COLOR DETECTED: ORANGE (2) | Wrong color(s): red (1),2,red (1)
2026-09-28 08:48:43,orange,CORRECT COLOR DETECTED: ORANGE (1) | Wrong color(s): red (1),1,red (1)
2026-09-28 08:48:43,orange,WRONG COLOR DETECTED: red (1) | Waiting for ORANGE,0,red (1)
2026-09-28 08:48:43,orange,WRONG COLOR DETECTED: red (2) | Waiting for ORANGE,0,red (2)
2026-09-28 08:48:43,orange,WRONG COLOR DETECTED: red (1) | Waiting for ORANGE,0,red (1)
2026-09-28 08:48:43,orange,CORRECT COLOR DETECTED: ORANGE (1) | Wrong color(s): red (1),1,red (1)
2026-09-28 08:48:43,orange,CORRECT COLOR DETECTED: ORANGE (2) | Wrong color(s): red (1),2,red (1)
2026-09-28 08:48:43,orange,CORRECT COLOR DETECTED: ORANGE (2) | Wrong color(s): red (2),2,red (2)
2026-09-28 08:48:43,orange,CORRECT COLOR DETECTED: ORANGE (2) | Wrong color(s): red (1),2,red (1)
2026-09-28 08:48:43,orange,CORRECT COLOR DETECTED: ORANGE (1) | Wrong color(s): red (2),1,red (2)
2026-09-28 08:48:43,orange,CORRECT COLOR DETECTED: ORANGE (2) | Wrong color(s): red (2),2,red (2)
2026-09-28 08:48:43,orange,CORRECT COLOR DETECTED: ORANGE (1) | Wrong color(s): red (2),1,red (2)
2026-09-28 08:48:43,orange,CORRECT COLOR DETECTED: ORANGE (2) | Wrong color(s): red (1),2,red (1)
2026-09-28 08:48:44,orange,CORRECT COLOR DETECTED: ORANGE (1),1,
2026-09-28 08:48:44,orange,CORRECT COLOR DETECTED: ORANGE (3) | Wrong color(s): red (1),3,red (1)
2026-09-28 08:48:44,orange,CORRECT COLOR DETECTED: ORANGE (3),3,
2026-09-28 08:48:44,orange,CORRECT COLOR DETECTED: ORANGE (1),1,
2026-09-28 08:48:44,orange,CORRECT COLOR DETECTED: ORANGE (3),3,
2026-09-28 08:48:44,orange,CORRECT COLOR DETECTED: ORANGE (2),2,
2026-09-28 08:48:44,orange,CORRECT COLOR DETECTED: ORANGE (1),1,
2026-09-28 08:48:44,orange,CORRECT COLOR DETECTED: ORANGE (1),1,
2026-09-28 08:48:44,orange,WRONG COLOR DETECTED: red (1) | Waiting for ORANGE,0,red (1)
2026-09-28 08:48:45,orange,WRONG COLOR DETECTED: red (1) | Waiting for ORANGE,0,red (1)
2026-09-28 08:48:45,orange,WRONG COLOR DETECTED: red (1) | Waiting for ORANGE,0,red (1)
2026-09-28 08:48:45,orange,WRONG COLOR DETECTED: red (1) | Waiting for ORANGE,0,red (1)
2026-09-28 08:48:45,orange,CORRECT COLOR DETECTED: ORANGE (1),1,
2026-09-28 08:48:45,orange,CORRECT COLOR DETECTED: ORANGE (1),1,
2026-09-28 08:48:46,orange,CORRECT COLOR DETECTED: ORANGE (1),1,
2026-09-28 08:48:46,orange,CORRECT COLOR DETECTED: ORANGE (1),1,
2026-09-28 08:48:46,orange,CORRECT COLOR DETECTED: ORANGE (2),2,
2026-09-28 08:48:46,orange,CORRECT COLOR DETECTED: ORANGE (1),1,
2026-09-28 08:48:46,orange,WRONG COLOR DETECTED: red (2) | Waiting for ORANGE,0,red (2)
2026-09-28 08:48:46,orange,CORRECT COLOR DETECTED: ORANGE (1),1,
2026-09-28 08:48:46,orange,CORRECT COLOR DETECTED: ORANGE (2) | Wrong color(s): red (1),2,red (1)
2026-09-28 08:48:47,orange,CORRECT COLOR DETECTED: ORANGE (2),2,
2026-09-28 08:48:47,orange,CORRECT COLOR DETECTED: ORANGE (2) | Wrong color(s): red (1),2,red (1)
2026-09-28 08:48:47,orange,CORRECT COLOR DETECTED: ORANGE (2),2,
2026-09-28 08:48:47,orange,CORRECT COLOR DETECTED: ORANGE (1),1,
2026-09-28 08:48:47,orange,CORRECT COLOR DETECTED: ORANGE (1) | Wrong color(s): red (1),1,red (1)
2026-09-28 08:48:56,yellow,WRONG COLOR DETECTED: red (2) | Waiting for YELLOW,0,red (2)
2026-09-28 08:48:56,yellow,WRONG COLOR DETECTED: red (1) | Waiting for YELLOW,0,red (1)
2026-09-28 08:48:56,yellow,WRONG COLOR DETECTED: red (1) | Waiting for YELLOW,0,red (1)
2026-09-28 08:48:57,yellow,"WRONG COLOR DETECTED: red (1), orange (1) | Waiting for YELLOW",0,"red (1), orange (1)"
2026-09-28 08:48:57,yellow,WRONG COLOR DETECTED: red (1) | Waiting for YELLOW,0,red (1)
2026-09-28 08:48:57,yellow,"WRONG COLOR DETECTED: red (1), orange (1) | Waiting for YELLOW",0,"red (1), orange (1)"
2026-09-28 08:48:57,yellow,WRONG COLOR DETECTED: red (1) | Waiting for YELLOW,0,red (1)
2026-09-28 08:48:57,yellow,"WRONG COLOR DETECTED: red (1), orange (1) | Waiting for YELLOW",0,"red (1), orange (1)"
2026-09-28 08:48:57,yellow,WRONG COLOR DETECTED: red (1) | Waiting for YELLOW,0,red (1)
2026-09-28 08:48:58,yellow,"WRONG COLOR DETECTED: red (1), orange (1) | Waiting for YELLOW",0,"red (1), orange (1)"
2026-09-28 08:48:58,yellow,WRONG COLOR DETECTED: red (1) | Waiting for YELLOW,0,red (1)
2026-09-28 08:48:58,yellow,"WRONG COLOR DETECTED: red (1), orange (1) | Waiting for YELLOW",0,"red (1), orange (1)"
2026-09-28 08:48:58,yellow,WRONG COLOR DETECTED: red (1) | Waiting for YELLOW,0,red (1)
2026-09-28 08:48:58,yellow,"WRONG COLOR DETECTED: red (1), orange (1) | Waiting for YELLOW",0,"red (1), orange (1)"
2026-09-28 08:48:58,yellow,WRONG COLOR DETECTED: red (1) | Waiting for YELLOW,0,red (1)
2026-09-28 08:49:05,yellow,WRONG COLOR DETECTED: red (1) | Waiting for YELLOW,0,red (1)
2026-09-28 08:49:06,yellow,WRONG COLOR DETECTED: orange (1) | Waiting for YELLOW,0,orange (1)
2026-09-28 08:49:06,yellow,CORRECT COLOR DETECTED: YELLOW (1) | Wrong color(s): orange (2),1,orange (2)
2026-09-28 08:49:06,yellow,"CORRECT COLOR DETECTED: YELLOW (1) | Wrong color(s): red (1), orange (1)",1,"red (1), orange (1)"
2026-09-28 08:49:06,yellow,CORRECT COLOR DETECTED: YELLOW (1),1,
2026-09-28 08:49:06,yellow,CORRECT COLOR DETECTED: YELLOW (1) | Wrong color(s): orange (1),1,orange (1)
2026-09-28 08:49:06,yellow,CORRECT COLOR DETECTED: YELLOW (1) | Wrong color(s): orange (2),1,orange (2)
2026-09-28 08:49:06,yellow,CORRECT COLOR DETECTED: YELLOW (1) | Wrong color(s): orange (1),1,orange (1)
2026-09-28 08:49:07,yellow,CORRECT COLOR DETECTED: YELLOW (1),1,
2026-09-28 08:49:07,yellow,CORRECT COLOR DETECTED: YELLOW (1) | Wrong color(s): red (1),1,red (1)
2026-09-28 08:49:07,yellow,CORRECT COLOR DETECTED: YELLOW (1),1,
2026-09-28 08:49:07,yellow,CORRECT COLOR DETECTED: YELLOW (1) | Wrong color(s): red (1),1,red (1)
2026-09-28 08:49:07,yellow,CORRECT COLOR DETECTED: YELLOW (1),1,
2026-09-28 08:49:07,yellow,"CORRECT COLOR DETECTED: YELLOW (1) | Wrong color(s): red (1), orange (1)",1,"red (1), orange (1)"
2026-09-28 08:49:07,yellow,CORRECT COLOR DETECTED: YELLOW (1) | Wrong color(s): red (2),1,red (2)
2026-09-28 08:49:07,yellow,CORRECT COLOR DETECTED: YELLOW (1) | Wrong color(s): red (1),1,red (1)
2026-09-28 08:49:07,yellow,CORRECT COLOR DETECTED: YELLOW (1) | Wrong color(s): red (2),1,red (2)
2026-09-28 08:49:07,yellow,CORRECT COLOR DETECTED: YELLOW (1),1,
2026-09-28 08:49:08,yellow,CORRECT COLOR DETECTED: YELLOW (1) | Wrong color(s): red (1),1,red (1)
2026-09-28 08:49:08,yellow,CORRECT COLOR DETECTED: YELLOW (1),1,
2026-09-28 08:49:08,yellow,CORRECT COLOR DETECTED: YELLOW (1) | Wrong color(s): red (1),1,red (1)
2026-09-28 08:49:08,yellow,CORRECT COLOR DETECTED: YELLOW (1),1,
2026-09-28 08:49:08,yellow,CORRECT COLOR DETECTED: YELLOW (1) | Wrong color(s): red (1),1,red (1)
2026-09-28 08:49:08,yellow,CORRECT COLOR DETECTED: YELLOW (1),1,
2026-09-28 08:49:09,yellow,"CORRECT COLOR DETECTED: YELLOW (1) | Wrong color(s): red (1), orange (1)",1,"red (1), orange (1)"
2026-09-28 08:49:09,yellow,CORRECT COLOR DETECTED: YELLOW (1) | Wrong color(s): orange (2),1,orange (2)
2026-09-28 08:49:09,yellow,"WRONG COLOR DETECTED: red (1), orange (1) | Waiting for YELLOW",0,"red (1), orange (1)"
2026-09-28 08:49:33,red,CORRECT COLOR DETECTED: RED (1),1,
2026-09-28 08:49:44,green,CORRECT COLOR DETECTED: GREEN (1),1,
2026-09-28 08:49:46,green,CORRECT COLOR DETECTED: GREEN (1) | Wrong color(s): orange (1),1,orange (1)
2026-09-28 08:49:46,green,CORRECT COLOR DETECTED: GREEN (1),1,
2026-09-28 08:49:47,green,CORRECT COLOR DETECTED: GREEN (1) | Wrong color(s): orange (1),1,orange (1)
2026-09-28 08:49:47,green,CORRECT COLOR DETECTED: GREEN (1),1,
2026-09-28 08:49:48,green,CORRECT COLOR DETECTED: GREEN (1) | Wrong color(s): red (1),1,red (1)
2026-09-28 08:49:49,green,"WRONG COLOR DETECTED: red (1), orange (1) | Waiting for GREEN",0,"red (1), orange (1)"
2026-09-28 08:49:49,green,CORRECT COLOR DETECTED: GREEN (1) | Wrong color(s): red (1),1,red (1)
2026-09-28 08:49:49,green,CORRECT COLOR DETECTED: GREEN (1) | Wrong color(s): red (2),1,red (2)
2026-09-28 08:49:49,green,CORRECT COLOR DETECTED: GREEN (1) | Wrong color(s): red (1),1,red (1)
2026-09-28 08:49:53,green,"CORRECT COLOR DETECTED: GREEN (1) | Wrong color(s): red (1), orange (2)",1,"red (1), orange (2)"
2026-09-28 08:49:53,green,CORRECT COLOR DETECTED: GREEN (1) | Wrong color(s): red (1),1,red (1)
2026-09-28 08:49:53,green,CORRECT COLOR DETECTED: GREEN (1) | Wrong color(s): red (2),1,red (2)
2026-09-28 08:49:53,green,CORRECT COLOR DETECTED: GREEN (1) | Wrong color(s): red (1),1,red (1)
2026-09-28 08:49:53,green,"WRONG COLOR DETECTED: red (1), orange (1) | Waiting for GREEN",0,"red (1), orange (1)"
2026-09-28 08:49:53,green,WRONG COLOR DETECTED: red (1) | Waiting for GREEN,0,red (1)
2026-09-28 08:49:53,green,CORRECT COLOR DETECTED: GREEN (1) | Wrong color(s): red (1),1,red (1)
2026-09-28 08:49:54,green,CORRECT COLOR DETECTED: GREEN (1),1,
2026-09-28 08:49:55,green,CORRECT COLOR DETECTED: GREEN (1) | Wrong color(s): blue (1),1,blue (1)
2026-09-28 08:49:57,green,"CORRECT COLOR DETECTED: GREEN (1) | Wrong color(s): orange (1), blue (1)",1,"orange (1), blue (1)"
2026-09-28 08:49:57,green,CORRECT COLOR DETECTED: GREEN (1) | Wrong color(s): blue (1),1,blue (1)
2026-09-28 08:49:58,green,"CORRECT COLOR DETECTED: GREEN (1) | Wrong color(s): red (1), blue (1)",1,"red (1), blue (1)"
2026-09-28 08:49:58,green,CORRECT COLOR DETECTED: GREEN (1) | Wrong color(s): blue (1),1,blue (1)
2026-09-28 08:49:58,green,CORRECT COLOR DETECTED: GREEN (1),1,
2026-09-28 08:49:58,green,CORRECT COLOR DETECTED: GREEN (1) | Wrong color(s): orange (1),1,orange (1)
2026-09-28 08:49:58,green,"CORRECT COLOR DETECTED: GREEN (1) | Wrong color(s): orange (1), blue (1)",1,"orange (1), blue (1)"
2026-09-28 08:49:59,green,CORRECT COLOR DETECTED: GREEN (1) | Wrong color(s): blue (1),1,blue (1)
2026-09-28 08:50:01,green,CORRECT COLOR DETECTED: GREEN (1),1,
2026-09-28 08:50:01,green,CORRECT COLOR DETECTED: GREEN (1) | Wrong color(s): orange (1),1,orange (1)
2026-09-28 08:50:01,green,CORRECT COLOR DETECTED: GREEN (1),1,
2026-09-28 08:50:01,green,CORRECT COLOR DETECTED: GREEN (1) | Wrong color(s): blue (1),1,blue (1)
2026-09-28 08:50:01,green,"CORRECT COLOR DETECTED: GREEN (1) | Wrong color(s): orange (1), blue (1)",1,"orange (1), blue (1)"
2026-09-28 08:50:01,green,CORRECT COLOR DETECTED: GREEN (1) | Wrong color(s): blue (1),1,blue (1)
2026-09-28 08:50:01,green,"CORRECT COLOR DETECTED: GREEN (1) | Wrong color(s): orange (1), blue (1)",1,"orange (1), blue (1)"
2026-09-28 08:50:01,green,CORRECT COLOR DETECTED: GREEN (1) | Wrong color(s): blue (1),1,blue (1)
2026-09-28 08:50:03,green,"CORRECT COLOR DETECTED: GREEN (1) | Wrong color(s): blue (1), purple (1)",1,"blue (1), purple (1)"
2026-09-28 08:50:04,blue,"CORRECT COLOR DETECTED: BLUE (1) | Wrong color(s): green (1), purple (1)",1,"green (1), purple (1)"
2026-09-28 08:50:04,blue,CORRECT COLOR DETECTED: BLUE (1) | Wrong color(s): green (1),1,green (1)
2026-09-28 08:50:04,blue,CORRECT COLOR DETECTED: BLUE (1),1,
2026-09-28 08:50:04,blue,"CORRECT COLOR DETECTED: BLUE (1) | Wrong color(s): green (1), purple (1)",1,"green (1), purple (1)"
2026-09-28 08:50:04,blue,CORRECT COLOR DETECTED: BLUE (1) | Wrong color(s): green (1),1,green (1)
2026-09-28 08:50:05,blue,WRONG COLOR DETECTED: green (1) | Waiting for BLUE,0,green (1)
2026-09-28 08:50:05,blue,CORRECT COLOR DETECTED: BLUE (1) | Wrong color(s): green (1),1,green (1)
2026-09-28 08:50:05,blue,"CORRECT COLOR DETECTED: BLUE (1) | Wrong color(s): orange (1), green (1)",1,"orange (1), green (1)"
2026-09-28 08:50:05,blue,CORRECT COLOR DETECTED: BLUE (1) | Wrong color(s): green (1),1,green (1)
2026-09-28 08:50:05,blue,"CORRECT COLOR DETECTED: BLUE (1) | Wrong color(s): green (1), purple (1)",1,"green (1), purple (1)"
2026-09-28 08:50:06,blue,CORRECT COLOR DETECTED: BLUE (1) | Wrong color(s): green (1),1,green (1)
2026-09-28 08:50:06,blue,"CORRECT COLOR DETECTED: BLUE (1) | Wrong color(s): green (1), purple (1)",1,"green (1), purple (1)"
2026-09-28 08:50:06,blue,"CORRECT COLOR DETECTED: BLUE (1) | Wrong color(s): orange (1), green (1), purple (1)",1,"orange (1), green (1), purple (1)"
2026-09-28 08:50:06,blue,CORRECT COLOR DETECTED: BLUE (1) | Wrong color(s): green (1),1,green (1)
2026-09-28 08:50:06,blue,"CORRECT COLOR DETECTED: BLUE (1) | Wrong color(s): green (1), purple (1)",1,"green (1), purple (1)"
2026-09-28 08:50:11,blue,"CORRECT COLOR DETECTED: BLUE (1) | Wrong color(s): yellow (1), green (1), purple (1)",1,"yellow (1), green (1), purple (1)"
2026-09-28 08:50:11,blue,"CORRECT COLOR DETECTED: BLUE (1) | Wrong color(s): green (1), purple (1)",1,"green (1), purple (1)"
2026-09-28 08:50:13,blue,"CORRECT COLOR DETECTED: BLUE (1) | Wrong color(s): yellow (1), green (1), purple (1)",1,"yellow (1), green (1), purple (1)"
2026-09-28 08:50:13,blue,"CORRECT COLOR DETECTED: BLUE (1) | Wrong color(s): green (1), purple (1)",1,"green (1), purple (1)"
2026-09-28 08:50:16,blue,"CORRECT COLOR DETECTED: BLUE (1) | Wrong color(s): red (1), green (1), purple (1)",1,"red (1), green (1), purple (1)"
2026-09-28 08:50:16,blue,"CORRECT COLOR DETECTED: BLUE (1) | Wrong color(s): green (1), purple (1)",1,"green (1), purple (1)"
2026-09-28 08:50:16,blue,"CORRECT COLOR DETECTED: BLUE (1) | Wrong color(s): red (1), green (1), purple (1)",1,"red (1), green (1), purple (1)"
2026-09-28 08:50:29,blue,"CORRECT COLOR DETECTED: BLUE (1) | Wrong color(s): red (1), orange (1), green (1), purple (1)",1,"red (1), orange (1), green (1), purple (1)"
2026-09-28 08:50:29,blue,"CORRECT COLOR DETECTED: BLUE (1) | Wrong color(s): red (1), green (1), purple (1)",1,"red (1), green (1), purple (1)"
2026-09-28 08:50:31,blue,"CORRECT COLOR DETECTED: BLUE (1) | Wrong color(s): red (2), orange (1), green (1), purple (1)",1,"red (2), orange (1), green (1), purple (1)"
2026-09-28 08:50:31,blue,"CORRECT COLOR DETECTED: BLUE (1) | Wrong color(s): red (1), green (1), purple (1)",1,"red (1), green (1), purple (1)"
2026-09-28 08:50:32,blue,"CORRECT COLOR DETECTED: BLUE (1) | Wrong color(s): red (1), green (1)",1,"red (1), green (1)"
2026-09-28 08:50:32,blue,"CORRECT COLOR DETECTED: BLUE (2) | Wrong color(s): red (1), green (1)",2,"red (1), green (1)"
2026-09-28 08:50:33,blue,CORRECT COLOR DETECTED: BLUE (2) | Wrong color(s): red (2),2,red (2)
2026-09-28 08:50:33,blue,"CORRECT COLOR DETECTED: BLUE (2) | Wrong color(s): red (1), green (1)",2,"red (1), green (1)"
2026-09-28 08:50:33,blue,"CORRECT COLOR DETECTED: BLUE (1) | Wrong color(s): red (1), orange (1), green (1)",1,"red (1), orange (1), green (1)"
2026-09-28 08:50:33,blue,"CORRECT COLOR DETECTED: BLUE (1) | Wrong color(s): red (1), green (1), purple (1)",1,"red (1), green (1), purple (1)"
2026-09-28 08:50:51,blue,"CORRECT COLOR DETECTED: BLUE (1) | Wrong color(s): red (1), orange (1), green (1), purple (1)",1,"red (1), orange (1), green (1), purple (1)"
2026-09-28 08:50:51,blue,"CORRECT COLOR DETECTED: BLUE (1) | Wrong color(s): red (1), green (1), purple (1)",1,"red (1), green (1), purple (1)"
